{"timestamp":"2026-09-04T18:28:47.886046Z","level":"INFO","fields":{"message":"python/3.11.0; huggingface_hub/1.30.0; hf_xet/1.6.0; , xet-core revision de71453-modified"},"filename":"D:\\a\\xet-core\\xet-core\\xet_runtime\\src\\logging\\init.rs","line_number":71}
{"timestamp":"2026-09-04T18:28:47.886838Z","level":"INFO","fields":{"message":"hf_xet logging configured."},"filename":"src\\logging.rs","line_number":36}
{"timestamp":"2026-09-04T18:28:48.115144Z","level":"INFO","fields":{"message":"Config: min_spacing_between_global_dedup_queries = 256 (default)"},"filename":"D:\\a\\xet-core\\xet-core\\xet_runtime\\src\\utils\\configuration_utils.rs","line_number":54}
{"timestamp":"2026-09-04T18:28:48.115177Z","level":"INFO","fields":{"message":"Config: local_cas_scheme = \"local://\" (default)"},"filename":"D:\\a\\xet-core\\xet-core\\xet_runtime\\src\\utils\\configuration_utils.rs","line_number":54}
{"timestamp":"2026-09-04T18:28:48.115195Z","level":"INFO","fields":{"message":"Config: max_concurrent_file_ingestion = 8 (default)"},"filename":"D:\\a\\xet-core\\xet-core\\xet_runtime\\src\\utils\\configuration_utils.rs","line_number":54}
{"timestamp":"2026-09-04T18:28:48.115201Z","level":"INFO","fields":{"message":"Config: max_concurrent_file_downloads = 8 (default)"},"filename":"D:\\a\\xet-core\\xet-core\\xet_runtime\\src\\utils\\configuration_utils.rs","line_number":54}
{"timestamp":"2026-09-04T18:28:48.115208Z","level":"INFO","fields":{"message":"Config: ingestion_block_size = 8MB (default)"},"filename":"D:\\a\\xet-core\\xet-core\\xet_runtime\\src\\utils\\configuration_utils.rs","line_number":54}
{"timestamp":"2026-09-04T18:28:48.115225Z","level":"INFO","fields":{"message":"Config: progress_update_interval = 200ms (default)"},"filename":"D:\\a\\xet-core\\xet-core\\xet_runtime\\src\\utils\\configuration_utils.rs","line_number":54}
{"timestamp":"2026-09-04T18:28:48.115236Z","level":"INFO","fields":{"message":"Config: progress_update_speed_sampling_window = 10s (default)"},"filename":"D:\\a\\xet-core\\xet-core\\xet_runtime\\src\\utils\\configuration_utils.rs","line_number":54}
{"timestamp":"2026-09-04T18:28:48.115242Z","level":"INFO","fields":{"message":"Config: progress_update_speed_min_observations = 4 (default)"},"filename":"D:\\a\\xet-core\\xet-core\\xet_runtime\\src\\utils\\configuration_utils.rs","line_number":54}
{"timestamp":"2026-09-04T18:28:48.115249Z","level":"INFO","fields":{"message":"Config: session_xorb_metadata_flush_interval = 20s (default)"},"filename":"D:\\a\\xet-core\\xet-core\\xet_runtime\\src\\utils\\configuration_utils.rs","line_number":54}
{"timestamp":"2026-09-04T18:28:48.115255Z","level":"INFO","fields":{"message":"Config: session_xorb_metadata_flush_max_count = 64 (default)"},"filename":"D:\\a\\xet-core\\xet-core\\xet_runtime\\src\\utils\\configuration_utils.rs","line_number":54}
{"timestamp":"2026-09-04T18:28:48.115261Z","level":"INFO","fields":{"message":"Config: default_cas_endpoint = \"http://localhost:8080\" (default)"},"filename":"D:\\a\\xet-core\\xet-core\\xet_runtime\\src\\utils\\configuration_utils.rs","line_number":54}
{"timestamp":"2026-09-04T18:28:48.115266Z","level":"INFO","fields":{"message":"Config: aggregate_progress = true (default)"},"filename":"D:\\a\\xet-core\\xet-core\\xet_runtime\\src\\utils\\configuration_utils.rs","line_number":54}
{"timestamp":"2026-09-04T18:28:48.115272Z","level":"INFO","fields":{"message":"Config: default_prefix = \"default\" (default)"},"filename":"D:\\a\\xet-core\\xet-core\\xet_runtime\\src\\utils\\configuration_utils.rs","line_number":54}
{"timestamp":"2026-09-04T18:28:48.115277Z","level":"INFO","fields":{"message":"Config: staging_subdir = \"staging\" (default)"},"filename":"D:\\a\\xet-core\\xet-core\\xet_runtime\\src\\utils\\configuration_utils.rs","line_number":54}
{"timestamp":"2026-09-04T18:28:48.115283Z","level":"INFO","fields":{"message":"Config: target_size = 67108864 (default)"},"filename":"D:\\a\\xet-core\\xet-core\\xet_runtime\\src\\utils\\configuration_utils.rs","line_number":54}
{"timestamp":"2026-09-04T18:28:48.115289Z","level":"INFO","fields":{"message":"Config: max_target_size = 67108864 (default)"},"filename":"D:\\a\\xet-core\\xet-core\\xet_runtime\\src\\utils\\configuration_utils.rs","line_number":54}
{"timestamp":"2026-09-04T18:28:48.115295Z","level":"INFO","fields":{"message":"Config: cache_size_limit = 16GB (default)"},"filename":"D:\\a\\xet-core\\xet-core\\xet_runtime\\src\\utils\\configuration_utils.rs","line_number":54}
{"timestamp":"2026-09-04T18:28:48.115303Z","level":"INFO","fields":{"message":"Config: chunk_index_table_max_size = 67108864 (default)"},"filename":"D:\\a\\xet-core\\xet-core\\xet_runtime\\src\\utils\\configuration_utils.rs","line_number":54}
{"timestamp":"2026-09-04T18:28:48.115308Z","level":"INFO","fields":{"message":"Config: cache_subdir = \"shard-cache\" (default)"},"filename":"D:\\a\\xet-core\\xet-core\\xet_runtime\\src\\utils\\configuration_utils.rs","line_number":54}
{"timestamp":"2026-09-04T18:28:48.115314Z","level":"INFO","fields":{"message":"Config: nranges_in_streaming_fragmentation_estimator = 128 (default)"},"filename":"D:\\a\\xet-core\\xet-core\\xet_runtime\\src\\utils\\configuration_utils.rs","line_number":54}
{"timestamp":"2026-09-04T18:28:48.115320Z","level":"INFO","fields":{"message":"Config: min_n_chunks_per_range_hysteresis_factor = 0.5 (default)"},"filename":"D:\\a\\xet-core\\xet-core\\xet_runtime\\src\\utils\\configuration_utils.rs","line_number":54}
{"timestamp":"2026-09-04T18:28:48.115481Z","level":"INFO","fields":{"message":"Config: min_n_chunks_per_range = 8.0 (default)"},"filename":"D:\\a\\xet-core\\xet-core\\xet_runtime\\src\\utils\\configuration_utils.rs","line_number":54}
{"timestamp":"2026-09-04T18:28:48.115492Z","level":"INFO","fields":{"message":"Config: global_dedup_query_enabled = true (default)"},"filename":"D:\\a\\xet-core\\xet-core\\xet_runtime\\src\\utils\\configuration_utils.rs","line_number":54}
{"timestamp":"2026-09-04T18:28:48.115497Z","level":"INFO","fields":{"message":"Config: size_bytes = 0 (default)"},"filename":"D:\\a\\xet-core\\xet-core\\xet_runtime\\src\\utils\\configuration_utils.rs","line_number":54}
{"timestamp":"2026-09-04T18:28:48.115503Z","level":"INFO","fields":{"message":"Config: retry_max_attempts = 5 (default)"},"filename":"D:\\a\\xet-core\\xet-core\\xet_runtime\\src\\utils\\configuration_utils.rs","line_number":54}
{"timestamp":"2026-09-04T18:28:48.115509Z","level":"INFO","fields":{"message":"Config: retry_base_delay = 3s (default)"},"filename":"D:\\a\\xet-core\\xet-core\\xet_runtime\\src\\utils\\configuration_utils.rs","line_number":54}
{"timestamp":"2026-09-04T18:28:48.115514Z","level":"INFO","fields":{"message":"Config: retry_max_duration = 360s (default)"},"filename":"D:\\a\\xet-core\\xet-core\\xet_runtime\\src\\utils\\configuration_utils.rs","line_number":54}
{"timestamp":"2026-09-04T18:28:48.115519Z","level":"INFO","fields":{"message":"Config: idle_connection_timeout = 60s (default)"},"filename":"D:\\a\\xet-core\\xet-core\\xet_runtime\\src\\utils\\configuration_utils.rs","line_number":54}
{"timestamp":"2026-09-04T18:28:48.115525Z","level":"INFO","fields":{"message":"Config: max_idle_connections = 16 (default)"},"filename":"D:\\a\\xet-core\\xet-core\\xet_runtime\\src\\utils\\configuration_utils.rs","line_number":54}
{"timestamp":"2026-09-04T18:28:48.115530Z","level":"INFO","fields":{"message":"Config: connect_timeout = 60s (default)"},"filename":"D:\\a\\xet-core\\xet-core\\xet_runtime\\src\\utils\\configuration_utils.rs","line_number":54}
{"timestamp":"2026-09-04T18:28:48.115535Z","level":"INFO","fields":{"message":"Config: read_timeout = 300s (default)"},"filename":"D:\\a\\xet-core\\xet-core\\xet_runtime\\src\\utils\\configuration_utils.rs","line_number":54}
{"timestamp":"2026-09-04T18:28:48.115541Z","level":"INFO","fields":{"message":"Config: upload_reporting_block_size = 524288 (default)"},"filename":"D:\\a\\xet-core\\xet-core\\xet_runtime\\src\\utils\\configuration_utils.rs","line_number":54}
{"timestamp":"2026-09-04T18:28:48.115546Z","level":"INFO","fields":{"message":"Config: enable_adaptive_concurrency = true (default)"},"filename":"D:\\a\\xet-core\\xet-core\\xet_runtime\\src\\utils\\configuration_utils.rs","line_number":54}
{"timestamp":"2026-09-04T18:28:48.115551Z","level":"INFO","fields":{"message":"Config: ac_min_adjustment_window_ms = 500 (default)"},"filename":"D:\\a\\xet-core\\xet-core\\xet_runtime\\src\\utils\\configuration_utils.rs","line_number":54}
{"timestamp":"2026-09-04T18:28:48.115557Z","level":"INFO","fields":{"message":"Config: ac_min_bytes_required_for_adjustment = 20MB (default)"},"filename":"D:\\a\\xet-core\\xet-core\\xet_runtime\\src\\utils\\configuration_utils.rs","line_number":54}
{"timestamp":"2026-09-04T18:28:48.115563Z","level":"INFO","fields":{"message":"Config: ac_num_transmissions_required_for_adjustment = 1 (default)"},"filename":"D:\\a\\xet-core\\xet-core\\xet_runtime\\src\\utils\\configuration_utils.rs","line_number":54}
{"timestamp":"2026-09-04T18:28:48.115569Z","level":"INFO","fields":{"message":"Config: ac_latency_rtt_half_life = 64.0 (default)"},"filename":"D:\\a\\xet-core\\xet-core\\xet_runtime\\src\\utils\\configuration_utils.rs","line_number":54}
{"timestamp":"2026-09-04T18:28:48.115575Z","level":"INFO","fields":{"message":"Config: ac_success_tracking_half_life = 8.0 (default)"},"filename":"D:\\a\\xet-core\\xet-core\\xet_runtime\\src\\utils\\configuration_utils.rs","line_number":54}
{"timestamp":"2026-09-04T18:28:48.115580Z","level":"INFO","fields":{"message":"Config: ac_target_rtt = 60s (default)"},"filename":"D:\\a\\xet-core\\xet-core\\xet_runtime\\src\\utils\\configuration_utils.rs","line_number":54}
{"timestamp":"2026-09-04T18:28:48.115585Z","level":"INFO","fields":{"message":"Config: ac_max_healthy_rtt = 90s (default)"},"filename":"D:\\a\\xet-core\\xet-core\\xet_runtime\\src\\utils\\configuration_utils.rs","line_number":54}
{"timestamp":"2026-09-04T18:28:48.115590Z","level":"INFO","fields":{"message":"Config: ac_rtt_success_max_quantile = 0.95 (default)"},"filename":"D:\\a\\xet-core\\xet-core\\xet_runtime\\src\\utils\\configuration_utils.rs","line_number":54}
{"timestamp":"2026-09-04T18:28:48.115596Z","level":"INFO","fields":{"message":"Config: ac_healthy_success_ratio_threshold = 0.8 (default)"},"filename":"D:\\a\\xet-core\\xet-core\\xet_runtime\\src\\utils\\configuration_utils.rs","line_number":54}
{"timestamp":"2026-09-04T18:28:48.115601Z","level":"INFO","fields":{"message":"Config: ac_unhealthy_success_ratio_threshold = 0.5 (default)"},"filename":"D:\\a\\xet-core\\xet-core\\xet_runtime\\src\\utils\\configuration_utils.rs","line_number":54}
{"timestamp":"2026-09-04T18:28:48.115606Z","level":"INFO","fields":{"message":"Config: ac_max_reference_transmission_size = 64MB (default)"},"filename":"D:\\a\\xet-core\\xet-core\\xet_runtime\\src\\utils\\configuration_utils.rs","line_number":54}
{"timestamp":"2026-09-04T18:28:48.115612Z","level":"INFO","fields":{"message":"Config: ac_min_reference_transmission_size = 1MB (default)"},"filename":"D:\\a\\xet-core\\xet-core\\xet_runtime\\src\\utils\\configuration_utils.rs","line_number":54}
{"timestamp":"2026-09-04T18:28:48.115617Z","level":"INFO","fields":{"message":"Config: ac_logging_interval_ms = 10000 (default)"},"filename":"D:\\a\\xet-core\\xet-core\\xet_runtime\\src\\utils\\configuration_utils.rs","line_number":54}
{"timestamp":"2026-09-04T18:28:48.115623Z","level":"INFO","fields":{"message":"Config: ac_max_upload_concurrency = 64 (default)"},"filename":"D:\\a\\xet-core\\xet-core\\xet_runtime\\src\\utils\\configuration_utils.rs","line_number":54}
{"timestamp":"2026-09-04T18:28:48.115629Z","level":"INFO","fields":{"message":"Config: ac_min_upload_concurrency = 1 (default)"},"filename":"D:\\a\\xet-core\\xet-core\\xet_runtime\\src\\utils\\configuration_utils.rs","line_number":54}
{"timestamp":"2026-09-04T18:28:48.115635Z","level":"INFO","fields":{"message":"Config: ac_initial_upload_concurrency = 2 (default)"},"filename":"D:\\a\\xet-core\\xet-core\\xet_runtime\\src\\utils\\configuration_utils.rs","line_number":54}
{"timestamp":"2026-09-04T18:28:48.115641Z","level":"INFO","fields":{"message":"Config: ac_max_download_concurrency = 64 (default)"},"filename":"D:\\a\\xet-core\\xet-core\\xet_runtime\\src\\utils\\configuration_utils.rs","line_number":54}
{"timestamp":"2026-09-04T18:28:48.115646Z","level":"INFO","fields":{"message":"Config: ac_min_download_concurrency = 1 (default)"},"filename":"D:\\a\\xet-core\\xet-core\\xet_runtime\\src\\utils\\configuration_utils.rs","line_number":54}
{"timestamp":"2026-09-04T18:28:48.115652Z","level":"INFO","fields":{"message":"Config: ac_initial_download_concurrency = 4 (default)"},"filename":"D:\\a\\xet-core\\xet-core\\xet_runtime\\src\\utils\\configuration_utils.rs","line_number":54}
{"timestamp":"2026-09-04T18:28:48.115656Z","level":"INFO","fields":{"message":"Config: unix_socket_path = None (default)"},"filename":"D:\\a\\xet-core\\xet-core\\xet_runtime\\src\\utils\\configuration_utils.rs","line_number":54}
{"timestamp":"2026-09-04T18:28:48.115662Z","level":"INFO","fields":{"message":"Config: reconstruction_api_version = None (default)"},"filename":"D:\\a\\xet-core\\xet-core\\xet_runtime\\src\\utils\\configuration_utils.rs","line_number":54}
{"timestamp":"2026-09-04T18:28:48.115666Z","level":"INFO","fields":{"message":"Config: shard_api_version = None (default)"},"filename":"D:\\a\\xet-core\\xet-core\\xet_runtime\\src\\utils\\configuration_utils.rs","line_number":54}
{"timestamp":"2026-09-04T18:28:48.115671Z","level":"INFO","fields":{"message":"Config: enable_multirange_fetching = false (default)"},"filename":"D:\\a\\xet-core\\xet-core\\xet_runtime\\src\\utils\\configuration_utils.rs","line_number":54}
{"timestamp":"2026-09-04T18:28:48.115676Z","level":"INFO","fields":{"message":"Config: dest = None (default)"},"filename":"D:\\a\\xet-core\\xet-core\\xet_runtime\\src\\utils\\configuration_utils.rs","line_number":54}
{"timestamp":"2026-09-04T18:28:48.115681Z","level":"INFO","fields":{"message":"Config: format = None (default)"},"filename":"D:\\a\\xet-core\\xet-core\\xet_runtime\\src\\utils\\configuration_utils.rs","line_number":54}
{"timestamp":"2026-09-04T18:28:48.115685Z","level":"INFO","fields":{"message":"Config: prefix = \"xet\" (default)"},"filename":"D:\\a\\xet-core\\xet-core\\xet_runtime\\src\\utils\\configuration_utils.rs","line_number":54}
{"timestamp":"2026-09-04T18:28:48.115691Z","level":"INFO","fields":{"message":"Config: dir_disable_cleanup = false (default)"},"filename":"D:\\a\\xet-core\\xet-core\\xet_runtime\\src\\utils\\configuration_utils.rs","line_number":54}
{"timestamp":"2026-09-04T18:28:48.115696Z","level":"INFO","fields":{"message":"Config: dir_max_size = 250MB (default)"},"filename":"D:\\a\\xet-core\\xet-core\\xet_runtime\\src\\utils\\configuration_utils.rs","line_number":54}
{"timestamp":"2026-09-04T18:28:48.115701Z","level":"INFO","fields":{"message":"Config: dir_min_deletion_age = 86400s (default)"},"filename":"D:\\a\\xet-core\\xet-core\\xet_runtime\\src\\utils\\configuration_utils.rs","line_number":54}
{"timestamp":"2026-09-04T18:28:48.115706Z","level":"INFO","fields":{"message":"Config: dir_max_retention_age = 1209600s (default)"},"filename":"D:\\a\\xet-core\\xet-core\\xet_runtime\\src\\utils\\configuration_utils.rs","line_number":54}
{"timestamp":"2026-09-04T18:28:48.115712Z","level":"INFO","fields":{"message":"Config: min_reconstruction_fetch_size = 256MB (default)"},"filename":"D:\\a\\xet-core\\xet-core\\xet_runtime\\src\\utils\\configuration_utils.rs","line_number":54}
{"timestamp":"2026-09-04T18:28:48.115717Z","level":"INFO","fields":{"message":"Config: max_reconstruction_fetch_size = 8GB (default)"},"filename":"D:\\a\\xet-core\\xet-core\\xet_runtime\\src\\utils\\configuration_utils.rs","line_number":54}
{"timestamp":"2026-09-04T18:28:48.115722Z","level":"INFO","fields":{"message":"Config: download_buffer_size = 2GB (default)"},"filename":"D:\\a\\xet-core\\xet-core\\xet_runtime\\src\\utils\\configuration_utils.rs","line_number":54}
{"timestamp":"2026-09-04T18:28:48.115727Z","level":"INFO","fields":{"message":"Config: download_buffer_perfile_size = 512MB (default)"},"filename":"D:\\a\\xet-core\\xet-core\\xet_runtime\\src\\utils\\configuration_utils.rs","line_number":54}
{"timestamp":"2026-09-04T18:28:48.115733Z","level":"INFO","fields":{"message":"Config: download_buffer_limit = 8GB (default)"},"filename":"D:\\a\\xet-core\\xet-core\\xet_runtime\\src\\utils\\configuration_utils.rs","line_number":54}
{"timestamp":"2026-09-04T18:28:48.115738Z","level":"INFO","fields":{"message":"Config: completion_rate_estimator_half_life = 4.0 (default)"},"filename":"D:\\a\\xet-core\\xet-core\\xet_runtime\\src\\utils\\configuration_utils.rs","line_number":54}
{"timestamp":"2026-09-04T18:28:48.115743Z","level":"INFO","fields":{"message":"Config: target_block_completion_time = 900s (default)"},"filename":"D:\\a\\xet-core\\xet-core\\xet_runtime\\src\\utils\\configuration_utils.rs","line_number":54}
{"timestamp":"2026-09-04T18:28:48.115748Z","level":"INFO","fields":{"message":"Config: min_prefetch_buffer = 1GB (default)"},"filename":"D:\\a\\xet-core\\xet-core\\xet_runtime\\src\\utils\\configuration_utils.rs","line_number":54}
{"timestamp":"2026-09-04T18:28:48.115753Z","level":"INFO","fields":{"message":"Config: use_vectored_write = true (default)"},"filename":"D:\\a\\xet-core\\xet-core\\xet_runtime\\src\\utils\\configuration_utils.rs","line_number":54}
{"timestamp":"2026-09-04T18:28:48.115760Z","level":"INFO","fields":{"message":"Config: compression_scheme_retest_interval = 32 (default)"},"filename":"D:\\a\\xet-core\\xet-core\\xet_runtime\\src\\utils\\configuration_utils.rs","line_number":54}
{"timestamp":"2026-09-04T18:28:48.115766Z","level":"INFO","fields":{"message":"Config: compression_policy = \"auto\" (default)"},"filename":"D:\\a\\xet-core\\xet-core\\xet_runtime\\src\\utils\\config_enum.rs","line_number":174}
{"timestamp":"2026-09-04T18:28:48.115773Z","level":"INFO","fields":{"message":"Config: simulation_max_bytes = None (default)"},"filename":"D:\\a\\xet-core\\xet-core\\xet_runtime\\src\\utils\\configuration_utils.rs","line_number":54}
{"timestamp":"2026-09-04T18:28:48.115778Z","level":"INFO","fields":{"message":"Config: simulation_max_chunks = None (default)"},"filename":"D:\\a\\xet-core\\xet-core\\xet_runtime\\src\\utils\\configuration_utils.rs","line_number":54}
{"timestamp":"2026-09-04T18:28:48.115786Z","level":"INFO","fields":{"message":"Config: dir_name = \"shard-session\" (default)"},"filename":"D:\\a\\xet-core\\xet-core\\xet_runtime\\src\\utils\\configuration_utils.rs","line_number":54}
{"timestamp":"2026-09-04T18:28:48.115793Z","level":"INFO","fields":{"message":"Config: enabled = false (default)"},"filename":"D:\\a\\xet-core\\xet-core\\xet_runtime\\src\\utils\\configuration_utils.rs","line_number":54}
{"timestamp":"2026-09-04T18:28:48.115798Z","level":"INFO","fields":{"message":"Config: sample_interval = 5s (default)"},"filename":"D:\\a\\xet-core\\xet-core\\xet_runtime\\src\\utils\\configuration_utils.rs","line_number":54}
{"timestamp":"2026-09-04T18:28:48.115803Z","level":"INFO","fields":{"message":"Config: log_path = None (default)"},"filename":"D:\\a\\xet-core\\xet-core\\xet_runtime\\src\\utils\\configuration_utils.rs","line_number":54}
{"timestamp":"2026-09-04T18:28:48.116095Z","level":"INFO","fields":{"message":"Using 20 async threads for tokio runtime"},"filename":"D:\\a\\xet-core\\xet-core\\xet_runtime\\src\\core\\runtime\\native.rs","line_number":63}
{"timestamp":"2026-09-04T18:28:48.117932Z","level":"INFO","fields":{"message":"Session created, session_id=01a06dae-3375-7362-969f-b6cdd0cf7ce2"},"filename":"D:\\a\\xet-core\\xet-core\\xet_pkg\\src\\xet_session\\session.rs","line_number":192}
{"timestamp":"2026-09-04T18:28:48.121648Z","level":"INFO","fields":{"message":"CAS auth disabled","caller":"D:\\a\\xet-core\\xet-core\\xet_client\\src\\common\\http_client.rs:166"},"filename":"D:\\a\\xet-core\\xet-core\\xet_runtime\\src\\error_printer\\mod.rs","line_number":198}
{"timestamp":"2026-09-04T18:28:48.123823Z","level":"INFO","fields":{"message":"HTTP client configured","idle_timeout":"60s","max_idle_connections":16,"custom_headers":"Some({\"user-agent\": \"unknown/None; hf_hub/1.30.0; python/3.11.0; torch/2.14.0; agent/antigravity; transformers/5.16.1; session_id/276ce16b231d4767ae44641788b5ec67; file_type/model; framework/pytorch; from_auto_class/False\"})"},"filename":"D:\\a\\xet-core\\xet-core\\xet_client\\src\\common\\http_client.rs","line_number":187}
{"timestamp":"2026-09-04T18:28:48.125097Z","level":"INFO","fields":{"message":"TranslatorConfig initialized","endpoint":"https://cas-server.xethub.hf.co","session_id":"Some(\"01a06dae-337c-7193-b0d2-54ea62decba7\")","shard_cache":"F:\\Razorpay\\.hf_cache\\xet\\https___cas_serv-tGqkUaZf_CBPHQ6h\\shard-cache","shard_session":"F:\\Razorpay\\.hf_cache\\xet\\https___cas_serv-tGqkUaZf_CBPHQ6h\\staging\\shard-session"},"filename":"D:\\a\\xet-core\\xet-core\\xet_data\\src\\processing\\configurations.rs","line_number":127}
{"timestamp":"2026-09-04T18:28:48.126603Z","level":"INFO","fields":{"message":"HTTP client configured","idle_timeout":"60s","max_idle_connections":16,"custom_headers":"Some({\"user-agent\": \"unknown/None; hf_hub/1.30.0; python/3.11.0; torch/2.14.0; agent/antigravity; transformers/5.16.1; session_id/276ce16b231d4767ae44641788b5ec67; file_type/model; framework/pytorch; from_auto_class/False; hf_xet/1.6.0\"})"},"filename":"D:\\a\\xet-core\\xet-core\\xet_client\\src\\common\\http_client.rs","line_number":187}
{"timestamp":"2026-09-04T18:28:48.126630Z","level":"INFO","fields":{"message":"CAS auth disabled","caller":"D:\\a\\xet-core\\xet-core\\xet_client\\src\\common\\http_client.rs:166"},"filename":"D:\\a\\xet-core\\xet-core\\xet_runtime\\src\\error_printer\\mod.rs","line_number":198}
{"timestamp":"2026-09-04T18:28:48.126640Z","level":"INFO","fields":{"message":"HTTP client configured","idle_timeout":"60s","max_idle_connections":16,"custom_headers":"Some({\"user-agent\": \"unknown/None; hf_hub/1.30.0; python/3.11.0; torch/2.14.0; agent/antigravity; transformers/5.16.1; session_id/276ce16b231d4767ae44641788b5ec67; file_type/model; framework/pytorch; from_auto_class/False; hf_xet/1.6.0\"})"},"filename":"D:\\a\\xet-core\\xet-core\\xet_client\\src\\common\\http_client.rs","line_number":187}
{"timestamp":"2026-09-04T18:28:48.126691Z","level":"INFO","fields":{"message":"No-read-timeout HTTP client configured (for shard uploads)","connect_timeout":"60s"},"filename":"D:\\a\\xet-core\\xet-core\\xet_client\\src\\common\\http_client.rs","line_number":136}
{"timestamp":"2026-09-04T18:28:48.126711Z","level":"INFO","fields":{"message":"Initializing Adaptive Concurrency Controller for upload with starting concurrency = 2; min = 1, max = 64, min_bytes_for_adjustment = 20000000, min_completed_transmissions_for_adjustment = 1"},"filename":"D:\\a\\xet-core\\xet-core\\xet_client\\src\\cas_client\\adaptive_concurrency\\controller.rs","line_number":306}
{"timestamp":"2026-09-04T18:28:48.126723Z","level":"INFO","fields":{"message":"Initializing Adaptive Concurrency Controller for download with starting concurrency = 4; min = 1, max = 64, min_bytes_for_adjustment = 20000000, min_completed_transmissions_for_adjustment = 1"},"filename":"D:\\a\\xet-core\\xet-core\\xet_client\\src\\cas_client\\adaptive_concurrency\\controller.rs","line_number":306}
{"timestamp":"2026-09-04T18:28:48.127304Z","level":"INFO","fields":{"message":"New file download group, session_id=01a06dae-3375-7362-969f-b6cdd0cf7ce2, group_id=1"},"filename":"D:\\a\\xet-core\\xet-core\\xet_pkg\\src\\xet_session\\file_download_group.rs","line_number":61}
{"timestamp":"2026-09-04T18:28:48.127679Z","level":"INFO","fields":{"message":"Download file to path","group_id":"1","dest_path":"\"F:\\\\Razorpay\\\\.hf_cache\\\\models--Qwen--Qwen2.5-0.5B-Instruct\\\\blobs\\\\fdf756fa7fcbe7404d5c60e26bff1a0c8b8aa1f72ced49e7dd0210fe288fb7fe.e54e3234.incomplete\"","hash":"bb5ff7e71536bbce6378f6d4bb523a77f1e9455965702d18bec33f599d5851f7"},"filename":"D:\\a\\xet-core\\xet-core\\xet_pkg\\src\\xet_session\\file_download_group.rs","line_number":287}
{"timestamp":"2026-09-04T18:28:48.138944Z","level":"INFO","fields":{"message":"Reconstructing file to disk","file_hash":"bb5ff7e71536bbce6378f6d4bb523a77f1e9455965702d18bec33f599d5851f7","byte_range":"None","path":"F:\\Razorpay\\.hf_cache\\models--Qwen--Qwen2.5-0.5B-Instruct\\blobs\\fdf756fa7fcbe7404d5c60e26bff1a0c8b8aa1f72ced49e7dd0210fe288fb7fe.e54e3234.incomplete","write_offset":"None"},"filename":"D:\\a\\xet-core\\xet-core\\xet_data\\src\\file_reconstruction\\file_reconstructor.rs","line_number":126}
{"timestamp":"2026-09-04T18:28:48.140211Z","level":"INFO","fields":{"message":"Scheduling prefetch block","file_hash":"bb5ff7e71536bbce6378f6d4bb523a77f1e9455965702d18bec33f599d5851f7","prefetch_range":"(0, 256000000)","requested_block_size":256000000,"actual_block_size":256000000,"queue_depth":1},"filename":"D:\\a\\xet-core\\xet-core\\xet_data\\src\\file_reconstruction\\reconstruction_terms\\manager.rs","line_number":277}
{"timestamp":"2026-09-04T18:28:48.140246Z","level":"INFO","fields":{"message":"Scheduling prefetch block","file_hash":"bb5ff7e71536bbce6378f6d4bb523a77f1e9455965702d18bec33f599d5851f7","prefetch_range":"(256000000, 768000000)","requested_block_size":512000000,"actual_block_size":512000000,"queue_depth":2},"filename":"D:\\a\\xet-core\\xet-core\\xet_data\\src\\file_reconstruction\\reconstruction_terms\\manager.rs","line_number":277}
{"timestamp":"2026-09-04T18:28:48.140269Z","level":"INFO","fields":{"message":"Scheduling prefetch block","file_hash":"bb5ff7e71536bbce6378f6d4bb523a77f1e9455965702d18bec33f599d5851f7","prefetch_range":"(768000000, 1024000000)","requested_block_size":256000000,"actual_block_size":256000000,"queue_depth":3},"filename":"D:\\a\\xet-core\\xet-core\\xet_data\\src\\file_reconstruction\\reconstruction_terms\\manager.rs","line_number":277}
{"timestamp":"2026-09-04T18:28:48.141159Z","level":"INFO","fields":{"message":"Starting get_reconstruction API call","call_id":1,"file_id":"bb5ff7e71536bbce6378f6d4bb523a77f1e9455965702d18bec33f599d5851f7","bytes_range":"Some(Range { start: 768000000, end: 1024000000 })","api_version":"v2"},"filename":"D:\\a\\xet-core\\xet-core\\xet_client\\src\\cas_client\\remote_client.rs","line_number":214}
{"timestamp":"2026-09-04T18:28:48.141311Z","level":"INFO","fields":{"message":"Retry strategy","retry":"RetryWrapper { max_attempts: 5, base_delay: 3s, max_duration: 360s, no_retry_on_429: false, retry_on_403: false, expected_416: true, expected_404: false, log_errors_as_info: false, api_tag: \"cas::get_reconstruction_v2\", has_connection_permit: false }"},"filename":"D:\\a\\xet-core\\xet-core\\xet_client\\src\\cas_client\\retry_wrapper.rs","line_number":274}
{"timestamp":"2026-09-04T18:28:48.141195Z","level":"INFO","fields":{"message":"Starting get_reconstruction API call","call_id":2,"file_id":"bb5ff7e71536bbce6378f6d4bb523a77f1e9455965702d18bec33f599d5851f7","bytes_range":"Some(Range { start: 0, end: 256000000 })","api_version":"v2"},"filename":"D:\\a\\xet-core\\xet-core\\xet_client\\src\\cas_client\\remote_client.rs","line_number":214}
{"timestamp":"2026-09-04T18:28:48.141373Z","level":"INFO","fields":{"message":"Retry strategy","retry":"RetryWrapper { max_attempts: 5, base_delay: 3s, max_duration: 360s, no_retry_on_429: false, retry_on_403: false, expected_416: true, expected_404: false, log_errors_as_info: false, api_tag: \"cas::get_reconstruction_v2\", has_connection_permit: false }"},"filename":"D:\\a\\xet-core\\xet-core\\xet_client\\src\\cas_client\\retry_wrapper.rs","line_number":274}
{"timestamp":"2026-09-04T18:28:48.141187Z","level":"INFO","fields":{"message":"Starting get_reconstruction API call","call_id":3,"file_id":"bb5ff7e71536bbce6378f6d4bb523a77f1e9455965702d18bec33f599d5851f7","bytes_range":"Some(Range { start: 256000000, end: 768000000 })","api_version":"v2"},"filename":"D:\\a\\xet-core\\xet-core\\xet_client\\src\\cas_client\\remote_client.rs","line_number":214}
{"timestamp":"2026-09-04T18:28:48.141391Z","level":"INFO","fields":{"message":"Retry strategy","retry":"RetryWrapper { max_attempts: 5, base_delay: 3s, max_duration: 360s, no_retry_on_429: false, retry_on_403: false, expected_416: true, expected_404: false, log_errors_as_info: false, api_tag: \"cas::get_reconstruction_v2\", has_connection_permit: false }"},"filename":"D:\\a\\xet-core\\xet-core\\xet_client\\src\\cas_client\\retry_wrapper.rs","line_number":274}
{"timestamp":"2026-09-04T18:28:48.142515Z","level":"INFO","fields":{"message":"Download group finish","group_id":"1"},"filename":"D:\\a\\xet-core\\xet-core\\xet_pkg\\src\\xet_session\\file_download_group.rs","line_number":306}
{"timestamp":"2026-09-04T18:28:49.406095Z","level":"INFO","fields":{"message":"Received CAS response","request_id":"01M1PTWECZAWF9067C9J1HY5C5","status_code":200},"filename":"D:\\a\\xet-core\\xet-core\\xet_client\\src\\common\\http_client.rs","line_number":288}
{"timestamp":"2026-09-04T18:28:49.406331Z","level":"INFO","fields":{"message":"Request Success: cas::get_reconstruction_v2 api call succeeded (request id 01M1PTWECZAWF9067C9J1HY5C5)."},"filename":"D:\\a\\xet-core\\xet-core\\xet_client\\src\\cas_client\\retry_wrapper.rs","line_number":237}
{"timestamp":"2026-09-04T18:28:49.407155Z","level":"INFO","fields":{"message":"Completed get_reconstruction API call","call_id":2,"file_id":"bb5ff7e71536bbce6378f6d4bb523a77f1e9455965702d18bec33f599d5851f7","bytes_range":"Some(Range { start: 0, end: 256000000 })","api_version":"v2"},"filename":"D:\\a\\xet-core\\xet-core\\xet_client\\src\\cas_client\\remote_client.rs","line_number":238}
{"timestamp":"2026-09-04T18:28:49.407973Z","level":"INFO","fields":{"message":"Received block of file terms from prefetch queue","file_hash":"bb5ff7e71536bbce6378f6d4bb523a77f1e9455965702d18bec33f599d5851f7","domain":"us.aws.cdn.hf.co","block_start":0,"block_end":256000000,"block_size":12},"filename":"D:\\a\\xet-core\\xet-core\\xet_data\\src\\file_reconstruction\\reconstruction_terms\\manager.rs","line_number":156}
{"timestamp":"2026-09-04T18:28:49.408058Z","level":"INFO","fields":{"message":"Updated completion rate estimate based on previous block completion time (seconds).","file_hash":"bb5ff7e71536bbce6378f6d4bb523a77f1e9455965702d18bec33f599d5851f7","block_start":0,"block_end":256000000,"block_size":256000000,"completion_time":0.0000865},"filename":"D:\\a\\xet-core\\xet-core\\xet_data\\src\\file_reconstruction\\reconstruction_terms\\manager.rs","line_number":109}
{"timestamp":"2026-09-04T18:28:49.408585Z","level":"INFO","fields":{"message":"Scheduling prefetch block","file_hash":"bb5ff7e71536bbce6378f6d4bb523a77f1e9455965702d18bec33f599d5851f7","prefetch_range":"(1024000000, 9024000000)","requested_block_size":8000000000,"actual_block_size":8000000000,"queue_depth":3},"filename":"D:\\a\\xet-core\\xet-core\\xet_data\\src\\file_reconstruction\\reconstruction_terms\\manager.rs","line_number":277}
{"timestamp":"2026-09-04T18:28:49.408643Z","level":"INFO","fields":{"message":"Starting get_reconstruction API call","call_id":4,"file_id":"bb5ff7e71536bbce6378f6d4bb523a77f1e9455965702d18bec33f599d5851f7","bytes_range":"Some(Range { start: 1024000000, end: 9024000000 })","api_version":"v2"},"filename":"D:\\a\\xet-core\\xet-core\\xet_client\\src\\cas_client\\remote_client.rs","line_number":214}
{"timestamp":"2026-09-04T18:28:49.408659Z","level":"INFO","fields":{"message":"Retry strategy","retry":"RetryWrapper { max_attempts: 5, base_delay: 3s, max_duration: 360s, no_retry_on_429: false, retry_on_403: false, expected_416: true, expected_404: false, log_errors_as_info: false, api_tag: \"cas::get_reconstruction_v2\", has_connection_permit: false }"},"filename":"D:\\a\\xet-core\\xet-core\\xet_client\\src\\cas_client\\retry_wrapper.rs","line_number":274}
{"timestamp":"2026-09-04T18:28:49.408934Z","level":"INFO","fields":{"message":"Retry strategy","retry":"RetryWrapper { max_attempts: 5, base_delay: 3s, max_duration: 360s, no_retry_on_429: false, retry_on_403: true, expected_416: false, expected_404: false, log_errors_as_info: false, api_tag: \"s3::get_range\", has_connection_permit: true }"},"filename":"D:\\a\\xet-core\\xet-core\\xet_client\\src\\cas_client\\retry_wrapper.rs","line_number":274}
{"timestamp":"2026-09-04T18:28:49.408933Z","level":"INFO","fields":{"message":"Retry strategy","retry":"RetryWrapper { max_attempts: 5, base_delay: 3s, max_duration: 360s, no_retry_on_429: false, retry_on_403: true, expected_416: false, expected_404: false, log_errors_as_info: false, api_tag: \"s3::get_range\", has_connection_permit: true }"},"filename":"D:\\a\\xet-core\\xet-core\\xet_client\\src\\cas_client\\retry_wrapper.rs","line_number":274}
{"timestamp":"2026-09-04T18:28:49.408967Z","level":"INFO","fields":{"message":"Retry strategy","retry":"RetryWrapper { max_attempts: 5, base_delay: 3s, max_duration: 360s, no_retry_on_429: false, retry_on_403: true, expected_416: false, expected_404: false, log_errors_as_info: false, api_tag: \"s3::get_range\", has_connection_permit: true }"},"filename":"D:\\a\\xet-core\\xet-core\\xet_client\\src\\cas_client\\retry_wrapper.rs","line_number":274}
{"timestamp":"2026-09-04T18:28:49.408983Z","level":"INFO","fields":{"message":"Retry strategy","retry":"RetryWrapper { max_attempts: 5, base_delay: 3s, max_duration: 360s, no_retry_on_429: false, retry_on_403: true, expected_416: false, expected_404: false, log_errors_as_info: false, api_tag: \"s3::get_range\", has_connection_permit: true }"},"filename":"D:\\a\\xet-core\\xet-core\\xet_client\\src\\cas_client\\retry_wrapper.rs","line_number":274}
{"timestamp":"2026-09-04T18:28:49.447820Z","level":"INFO","fields":{"message":"Received CAS response","request_id":"01M1PTWEC9VHD62VF23ZN5AAZY","status_code":200},"filename":"D:\\a\\xet-core\\xet-core\\xet_client\\src\\common\\http_client.rs","line_number":288}
{"timestamp":"2026-09-04T18:28:49.447854Z","level":"INFO","fields":{"message":"Request Success: cas::get_reconstruction_v2 api call succeeded (request id 01M1PTWEC9VHD62VF23ZN5AAZY)."},"filename":"D:\\a\\xet-core\\xet-core\\xet_client\\src\\cas_client\\retry_wrapper.rs","line_number":237}
{"timestamp":"2026-09-04T18:28:49.447910Z","level":"INFO","fields":{"message":"Completed get_reconstruction API call","call_id":1,"file_id":"bb5ff7e71536bbce6378f6d4bb523a77f1e9455965702d18bec33f599d5851f7","bytes_range":"Some(Range { start: 768000000, end: 1024000000 })","api_version":"v2"},"filename":"D:\\a\\xet-core\\xet-core\\xet_client\\src\\cas_client\\remote_client.rs","line_number":238}
{"timestamp":"2026-09-04T18:28:49.482535Z","level":"INFO","fields":{"message":"Received CAS response","request_id":"01M1PTWECZKV96EDKN1527JBZ9","status_code":200},"filename":"D:\\a\\xet-core\\xet-core\\xet_client\\src\\common\\http_client.rs","line_number":288}
{"timestamp":"2026-09-04T18:28:49.482559Z","level":"INFO","fields":{"message":"Request Success: cas::get_reconstruction_v2 api call succeeded (request id 01M1PTWECZKV96EDKN1527JBZ9)."},"filename":"D:\\a\\xet-core\\xet-core\\xet_client\\src\\cas_client\\retry_wrapper.rs","line_number":237}
{"timestamp":"2026-09-04T18:28:49.482648Z","level":"INFO","fields":{"message":"Completed get_reconstruction API call","call_id":3,"file_id":"bb5ff7e71536bbce6378f6d4bb523a77f1e9455965702d18bec33f599d5851f7","bytes_range":"Some(Range { start: 256000000, end: 768000000 })","api_version":"v2"},"filename":"D:\\a\\xet-core\\xet-core\\xet_client\\src\\cas_client\\remote_client.rs","line_number":238}
{"timestamp":"2026-09-04T18:28:49.482703Z","level":"INFO","fields":{"message":"Received block of file terms from prefetch queue","file_hash":"bb5ff7e71536bbce6378f6d4bb523a77f1e9455965702d18bec33f599d5851f7","domain":"us.aws.cdn.hf.co","block_start":256000000,"block_end":768000000,"block_size":9},"filename":"D:\\a\\xet-core\\xet-core\\xet_data\\src\\file_reconstruction\\reconstruction_terms\\manager.rs","line_number":156}
{"timestamp":"2026-09-04T18:28:49.482747Z","level":"INFO","fields":{"message":"Updated completion rate estimate based on previous block completion time (seconds).","file_hash":"bb5ff7e71536bbce6378f6d4bb523a77f1e9455965702d18bec33f599d5851f7","block_start":256000000,"block_end":768000000,"block_size":512000000,"completion_time":0.000043},"filename":"D:\\a\\xet-core\\xet-core\\xet_data\\src\\file_reconstruction\\reconstruction_terms\\manager.rs","line_number":109}
{"timestamp":"2026-09-04T18:28:49.482760Z","level":"INFO","fields":{"message":"Received block of file terms from prefetch queue","file_hash":"bb5ff7e71536bbce6378f6d4bb523a77f1e9455965702d18bec33f599d5851f7","domain":"us.aws.cdn.hf.co","block_start":768000000,"block_end":988097824,"block_size":5},"filename":"D:\\a\\xet-core\\xet-core\\xet_data\\src\\file_reconstruction\\reconstruction_terms\\manager.rs","line_number":156}
{"timestamp":"2026-09-04T18:28:49.482773Z","level":"INFO","fields":{"message":"Updated completion rate estimate based on previous block completion time (seconds).","file_hash":"bb5ff7e71536bbce6378f6d4bb523a77f1e9455965702d18bec33f599d5851f7","block_start":768000000,"block_end":988097824,"block_size":220097824,"completion_time":0.0000138},"filename":"D:\\a\\xet-core\\xet-core\\xet_data\\src\\file_reconstruction\\reconstruction_terms\\manager.rs","line_number":109}
{"timestamp":"2026-09-04T18:28:49.590710Z","level":"INFO","fields":{"message":"Received CAS response","request_id":"01M1PTWEPQP5BJ81539ZXAQ572","status_code":206},"filename":"D:\\a\\xet-core\\xet-core\\xet_client\\src\\common\\http_client.rs","line_number":288}
{"timestamp":"2026-09-04T18:28:49.590747Z","level":"INFO","fields":{"message":"Request Success: s3::get_range api call succeeded (request id 01M1PTWEPQP5BJ81539ZXAQ572)."},"filename":"D:\\a\\xet-core\\xet-core\\xet_client\\src\\cas_client\\retry_wrapper.rs","line_number":237}
{"timestamp":"2026-09-04T18:28:49.590881Z","level":"INFO","fields":{"message":"Received CAS response","request_id":"01M1PTWEPKYXYWX7TAMEYDFT6E","status_code":206},"filename":"D:\\a\\xet-core\\xet-core\\xet_client\\src\\common\\http_client.rs","line_number":288}
{"timestamp":"2026-09-04T18:28:49.590889Z","level":"INFO","fields":{"message":"Request Success: s3::get_range api call succeeded (request id 01M1PTWEPKYXYWX7TAMEYDFT6E)."},"filename":"D:\\a\\xet-core\\xet-core\\xet_client\\src\\cas_client\\retry_wrapper.rs","line_number":237}
{"timestamp":"2026-09-04T18:28:49.597892Z","level":"INFO","fields":{"message":"Received CAS response","request_id":"01M1PTWEPWWFE9DHE0NXDFPJY3","status_code":206},"filename":"D:\\a\\xet-core\\xet-core\\xet_client\\src\\common\\http_client.rs","line_number":288}
{"timestamp":"2026-09-04T18:28:49.597913Z","level":"INFO","fields":{"message":"Request Success: s3::get_range api call succeeded (request id 01M1PTWEPWWFE9DHE0NXDFPJY3)."},"filename":"D:\\a\\xet-core\\xet-core\\xet_client\\src\\cas_client\\retry_wrapper.rs","line_number":237}
{"timestamp":"2026-09-04T18:28:49.598039Z","level":"INFO","fields":{"message":"Received CAS response","request_id":"01M1PTWEPPNRAH2D39RHBSMVWA","status_code":206},"filename":"D:\\a\\xet-core\\xet-core\\xet_client\\src\\common\\http_client.rs","line_number":288}
{"timestamp":"2026-09-04T18:28:49.598047Z","level":"INFO","fields":{"message":"Request Success: s3::get_range api call succeeded (request id 01M1PTWEPPNRAH2D39RHBSMVWA)."},"filename":"D:\\a\\xet-core\\xet-core\\xet_client\\src\\cas_client\\retry_wrapper.rs","line_number":237}
{"timestamp":"2026-09-04T18:28:49.598536Z","level":"INFO","fields":{"message":"Retry strategy","retry":"RetryWrapper { max_attempts: 5, base_delay: 3s, max_duration: 360s, no_retry_on_429: false, retry_on_403: true, expected_416: false, expected_404: false, log_errors_as_info: false, api_tag: \"s3::get_range\", has_connection_permit: true }"},"filename":"D:\\a\\xet-core\\xet-core\\xet_client\\src\\cas_client\\retry_wrapper.rs","line_number":274}
{"timestamp":"2026-09-04T18:28:49.647278Z","level":"INFO","fields":{"message":"Received CAS response","request_id":"01M1PTWERTCM76SF62DNMMNJAK","status_code":206},"filename":"D:\\a\\xet-core\\xet-core\\xet_client\\src\\common\\http_client.rs","line_number":288}
{"timestamp":"2026-09-04T18:28:49.647319Z","level":"INFO","fields":{"message":"Request Success: s3::get_range api call succeeded (request id 01M1PTWERTCM76SF62DNMMNJAK)."},"filename":"D:\\a\\xet-core\\xet-core\\xet_client\\src\\cas_client\\retry_wrapper.rs","line_number":237}
{"timestamp":"2026-09-04T18:28:49.654870Z","level":"INFO","fields":{"message":"Received CAS response","request_id":"01M1PTWENMGP1D8942G370B657","status_code":416},"filename":"D:\\a\\xet-core\\xet-core\\xet_client\\src\\common\\http_client.rs","line_number":288}
{"timestamp":"2026-09-04T18:28:49.654918Z","level":"INFO","fields":{"message":"Reached end of reconstruction 416 (Range Not Satisfiable): \"cas::get_reconstruction_v2\" api call failed (request id 01M1PTWENMGP1D8942G370B657): HTTP status client error (416 Range Not Satisfiable) for url (https://cas-server.xethub.hf.co/v2/reconstructions/bb5ff7e71536bbce6378f6d4bb523a77f1e9455965702d18bec33f599d5851f7)"},"filename":"D:\\a\\xet-core\\xet-core\\xet_client\\src\\cas_client\\retry_wrapper.rs","line_number":189}
{"timestamp":"2026-09-04T18:28:49.654952Z","level":"INFO","fields":{"message":"Completed prefetch queue; end of file reached.","file_hash":"bb5ff7e71536bbce6378f6d4bb523a77f1e9455965702d18bec33f599d5851f7","prefetched_byte_position":9024000000},"filename":"D:\\a\\xet-core\\xet-core\\xet_data\\src\\file_reconstruction\\reconstruction_terms\\manager.rs","line_number":183}
{"timestamp":"2026-09-04T18:28:49.654963Z","level":"INFO","fields":{"message":"All term blocks received and scheduled for writing","file_hash":"bb5ff7e71536bbce6378f6d4bb523a77f1e9455965702d18bec33f599d5851f7","block_count":3,"total_terms_processed":26,"total_bytes_scheduled":988097824},"filename":"D:\\a\\xet-core\\xet-core\\xet_data\\src\\file_reconstruction\\run_state.rs","line_number":150}
{"timestamp":"2026-09-04T18:28:49.717408Z","level":"INFO","fields":{"message":"Retry strategy","retry":"RetryWrapper { max_attempts: 5, base_delay: 3s, max_duration: 360s, no_retry_on_429: false, retry_on_403: true, expected_416: false, expected_404: false, log_errors_as_info: false, api_tag: \"s3::get_range\", has_connection_permit: true }"},"filename":"D:\\a\\xet-core\\xet-core\\xet_client\\src\\cas_client\\retry_wrapper.rs","line_number":274}
{"timestamp":"2026-09-04T18:28:49.737235Z","level":"INFO","fields":{"message":"Retry strategy","retry":"RetryWrapper { max_attempts: 5, base_delay: 3s, max_duration: 360s, no_retry_on_429: false, retry_on_403: true, expected_416: false, expected_404: false, log_errors_as_info: false, api_tag: \"s3::get_range\", has_connection_permit: true }"},"filename":"D:\\a\\xet-core\\xet-core\\xet_client\\src\\cas_client\\retry_wrapper.rs","line_number":274}
{"timestamp":"2026-09-04T18:28:49.778880Z","level":"INFO","fields":{"message":"Received CAS response","request_id":"01M1PTWEWJA9WAYJCVJW5P9YBH","status_code":206},"filename":"D:\\a\\xet-core\\xet-core\\xet_client\\src\\common\\http_client.rs","line_number":288}
{"timestamp":"2026-09-04T18:28:49.778912Z","level":"INFO","fields":{"message":"Request Success: s3::get_range api call succeeded (request id 01M1PTWEWJA9WAYJCVJW5P9YBH)."},"filename":"D:\\a\\xet-core\\xet-core\\xet_client\\src\\cas_client\\retry_wrapper.rs","line_number":237}
{"timestamp":"2026-09-04T18:28:49.807310Z","level":"INFO","fields":{"message":"Received CAS response","request_id":"01M1PTWEX4QSF5GE7Y4CK88602","status_code":206},"filename":"D:\\a\\xet-core\\xet-core\\xet_client\\src\\common\\http_client.rs","line_number":288}
{"timestamp":"2026-09-04T18:28:49.807334Z","level":"INFO","fields":{"message":"Request Success: s3::get_range api call succeeded (request id 01M1PTWEX4QSF5GE7Y4CK88602)."},"filename":"D:\\a\\xet-core\\xet-core\\xet_client\\src\\cas_client\\retry_wrapper.rs","line_number":237}
{"timestamp":"2026-09-04T18:28:56.028822Z","level":"INFO","fields":{"message":"Concurrency control for download: Increased concurrency from 4 to 5; reason: success ratio 1.000 is above threshold 0.800 and predicted RTT for 7MB at new concurrency is 8.89s < target 60.0s"},"filename":"D:\\a\\xet-core\\xet-core\\xet_client\\src\\cas_client\\adaptive_concurrency\\controller.rs","line_number":548}
{"timestamp":"2026-09-04T18:28:56.028893Z","level":"INFO","fields":{"message":"Retry strategy","retry":"RetryWrapper { max_attempts: 5, base_delay: 3s, max_duration: 360s, no_retry_on_429: false, retry_on_403: true, expected_416: false, expected_404: false, log_errors_as_info: false, api_tag: \"s3::get_range\", has_connection_permit: true }"},"filename":"D:\\a\\xet-core\\xet-core\\xet_client\\src\\cas_client\\retry_wrapper.rs","line_number":274}
{"timestamp":"2026-09-04T18:28:56.028928Z","level":"INFO","fields":{"message":"Retry strategy","retry":"RetryWrapper { max_attempts: 5, base_delay: 3s, max_duration: 360s, no_retry_on_429: false, retry_on_403: true, expected_416: false, expected_404: false, log_errors_as_info: false, api_tag: \"s3::get_range\", has_connection_permit: true }"},"filename":"D:\\a\\xet-core\\xet-core\\xet_client\\src\\cas_client\\retry_wrapper.rs","line_number":274}
{"timestamp":"2026-09-04T18:28:56.117431Z","level":"INFO","fields":{"message":"Received CAS response","request_id":"01M1PTWN2Z4KJZSEBM46VE3BSW","status_code":206},"filename":"D:\\a\\xet-core\\xet-core\\xet_client\\src\\common\\http_client.rs","line_number":288}
{"timestamp":"2026-09-04T18:28:56.117480Z","level":"INFO","fields":{"message":"Request Success: s3::get_range api call succeeded (request id 01M1PTWN2Z4KJZSEBM46VE3BSW)."},"filename":"D:\\a\\xet-core\\xet-core\\xet_client\\src\\cas_client\\retry_wrapper.rs","line_number":237}
{"timestamp":"2026-09-04T18:28:56.398683Z","level":"INFO","fields":{"message":"Received CAS response","request_id":"01M1PTWNBGQYJ2SCX7501ZSW56","status_code":206},"filename":"D:\\a\\xet-core\\xet-core\\xet_client\\src\\common\\http_client.rs","line_number":288}
{"timestamp":"2026-09-04T18:28:56.398714Z","level":"INFO","fields":{"message":"Request Success: s3::get_range api call succeeded (request id 01M1PTWNBGQYJ2SCX7501ZSW56)."},"filename":"D:\\a\\xet-core\\xet-core\\xet_client\\src\\cas_client\\retry_wrapper.rs","line_number":237}
{"timestamp":"2026-09-04T18:28:56.534472Z","level":"INFO","fields":{"message":"Concurrency control for download: Increased concurrency from 5 to 6; reason: success ratio 1.000 is above threshold 0.800 and predicted RTT for 7MB at new concurrency is 10.63s < target 60.0s"},"filename":"D:\\a\\xet-core\\xet-core\\xet_client\\src\\cas_client\\adaptive_concurrency\\controller.rs","line_number":548}
{"timestamp":"2026-09-04T18:28:56.534545Z","level":"INFO","fields":{"message":"Retry strategy","retry":"RetryWrapper { max_attempts: 5, base_delay: 3s, max_duration: 360s, no_retry_on_429: false, retry_on_403: true, expected_416: false, expected_404: false, log_errors_as_info: false, api_tag: \"s3::get_range\", has_connection_permit: true }"},"filename":"D:\\a\\xet-core\\xet-core\\xet_client\\src\\cas_client\\retry_wrapper.rs","line_number":274}
{"timestamp":"2026-09-04T18:28:56.872558Z","level":"INFO","fields":{"message":"Received CAS response","request_id":"01M1PTWNSVY27NV4VS8PJK5423","status_code":206},"filename":"D:\\a\\xet-core\\xet-core\\xet_client\\src\\common\\http_client.rs","line_number":288}
{"timestamp":"2026-09-04T18:28:56.872593Z","level":"INFO","fields":{"message":"Request Success: s3::get_range api call succeeded (request id 01M1PTWNSVY27NV4VS8PJK5423)."},"filename":"D:\\a\\xet-core\\xet-core\\xet_client\\src\\cas_client\\retry_wrapper.rs","line_number":237}
{"timestamp":"2026-09-04T18:28:57.050694Z","level":"INFO","fields":{"message":"Concurrency control for download: Increased concurrency from 6 to 7; reason: success ratio 1.000 is above threshold 0.800 and predicted RTT for 7MB at new concurrency is 12.40s < target 60.0s"},"filename":"D:\\a\\xet-core\\xet-core\\xet_client\\src\\cas_client\\adaptive_concurrency\\controller.rs","line_number":548}
{"timestamp":"2026-09-04T18:28:57.050745Z","level":"INFO","fields":{"message":"Retry strategy","retry":"RetryWrapper { max_attempts: 5, base_delay: 3s, max_duration: 360s, no_retry_on_429: false, retry_on_403: true, expected_416: false, expected_404: false, log_errors_as_info: false, api_tag: \"s3::get_range\", has_connection_permit: true }"},"filename":"D:\\a\\xet-core\\xet-core\\xet_client\\src\\cas_client\\retry_wrapper.rs","line_number":274}
{"timestamp":"2026-09-04T18:28:57.487954Z","level":"INFO","fields":{"message":"Received CAS response","request_id":"01M1PTWPCKZDZK15EZV7ZJX1D8","status_code":206},"filename":"D:\\a\\xet-core\\xet-core\\xet_client\\src\\common\\http_client.rs","line_number":288}
{"timestamp":"2026-09-04T18:28:57.488006Z","level":"INFO","fields":{"message":"Request Success: s3::get_range api call succeeded (request id 01M1PTWPCKZDZK15EZV7ZJX1D8)."},"filename":"D:\\a\\xet-core\\xet-core\\xet_client\\src\\cas_client\\retry_wrapper.rs","line_number":237}
{"timestamp":"2026-09-04T18:28:57.634561Z","level":"INFO","fields":{"message":"Concurrency control for download: Increased concurrency from 7 to 8; reason: success ratio 1.000 is above threshold 0.800 and predicted RTT for 7MB at new concurrency is 14.20s < target 60.0s"},"filename":"D:\\a\\xet-core\\xet-core\\xet_client\\src\\cas_client\\adaptive_concurrency\\controller.rs","line_number":548}
{"timestamp":"2026-09-04T18:28:57.634613Z","level":"INFO","fields":{"message":"Retry strategy","retry":"RetryWrapper { max_attempts: 5, base_delay: 3s, max_duration: 360s, no_retry_on_429: false, retry_on_403: true, expected_416: false, expected_404: false, log_errors_as_info: false, api_tag: \"s3::get_range\", has_connection_permit: true }"},"filename":"D:\\a\\xet-core\\xet-core\\xet_client\\src\\cas_client\\retry_wrapper.rs","line_number":274}
{"timestamp":"2026-09-04T18:28:58.132498Z","level":"INFO","fields":{"message":"Concurrency control for download: Current concurrency = 8; predicted bandwidth = 4016086; success_ratio = 1.000; reference_size = 7.7MB; observed bytes sent so far = 28624429; completed transmissions = 4"},"filename":"D:\\a\\xet-core\\xet-core\\xet_client\\src\\cas_client\\adaptive_concurrency\\controller.rs","line_number":602}
{"timestamp":"2026-09-04T18:28:58.136747Z","level":"INFO","fields":{"message":"Concurrency control for download: Increased concurrency from 8 to 9; reason: success ratio 1.000 is above threshold 0.800 and predicted RTT for 7MB at new concurrency is 16.00s < target 60.0s"},"filename":"D:\\a\\xet-core\\xet-core\\xet_client\\src\\cas_client\\adaptive_concurrency\\controller.rs","line_number":548}
{"timestamp":"2026-09-04T18:28:58.136815Z","level":"INFO","fields":{"message":"Retry strategy","retry":"RetryWrapper { max_attempts: 5, base_delay: 3s, max_duration: 360s, no_retry_on_429: false, retry_on_403: true, expected_416: false, expected_404: false, log_errors_as_info: false, api_tag: \"s3::get_range\", has_connection_permit: true }"},"filename":"D:\\a\\xet-core\\xet-core\\xet_client\\src\\cas_client\\retry_wrapper.rs","line_number":274}
{"timestamp":"2026-09-04T18:28:58.280927Z","level":"INFO","fields":{"message":"Received CAS response","request_id":"01M1PTWQ5BMSK9PYT1KERJGFTK","status_code":206},"filename":"D:\\a\\xet-core\\xet-core\\xet_client\\src\\common\\http_client.rs","line_number":288}
{"timestamp":"2026-09-04T18:28:58.280973Z","level":"INFO","fields":{"message":"Request Success: s3::get_range api call succeeded (request id 01M1PTWQ5BMSK9PYT1KERJGFTK)."},"filename":"D:\\a\\xet-core\\xet-core\\xet_client\\src\\cas_client\\retry_wrapper.rs","line_number":237}
{"timestamp":"2026-09-04T18:28:58.680552Z","level":"INFO","fields":{"message":"Concurrency control for download: Increased concurrency from 9 to 10; reason: success ratio 1.000 is above threshold 0.800 and predicted RTT for 7MB at new concurrency is 17.54s < target 60.0s"},"filename":"D:\\a\\xet-core\\xet-core\\xet_client\\src\\cas_client\\adaptive_concurrency\\controller.rs","line_number":548}
{"timestamp":"2026-09-04T18:28:58.680599Z","level":"INFO","fields":{"message":"Retry strategy","retry":"RetryWrapper { max_attempts: 5, base_delay: 3s, max_duration: 360s, no_retry_on_429: false, retry_on_403: true, expected_416: false, expected_404: false, log_errors_as_info: false, api_tag: \"s3::get_range\", has_connection_permit: true }"},"filename":"D:\\a\\xet-core\\xet-core\\xet_client\\src\\cas_client\\retry_wrapper.rs","line_number":274}
{"timestamp":"2026-09-04T18:28:58.738291Z","level":"INFO","fields":{"message":"Retry strategy","retry":"RetryWrapper { max_attempts: 5, base_delay: 3s, max_duration: 360s, no_retry_on_429: false, retry_on_403: true, expected_416: false, expected_404: false, log_errors_as_info: false, api_tag: \"s3::get_range\", has_connection_permit: true }"},"filename":"D:\\a\\xet-core\\xet-core\\xet_client\\src\\cas_client\\retry_wrapper.rs","line_number":274}
{"timestamp":"2026-09-04T18:28:58.739977Z","level":"INFO","fields":{"message":"Received CAS response","request_id":"01M1PTWQK1K9PPCPY9T1YX0WQ8","status_code":206},"filename":"D:\\a\\xet-core\\xet-core\\xet_client\\src\\common\\http_client.rs","line_number":288}
{"timestamp":"2026-09-04T18:28:58.739998Z","level":"INFO","fields":{"message":"Request Success: s3::get_range api call succeeded (request id 01M1PTWQK1K9PPCPY9T1YX0WQ8)."},"filename":"D:\\a\\xet-core\\xet-core\\xet_client\\src\\cas_client\\retry_wrapper.rs","line_number":237}
{"timestamp":"2026-09-04T18:28:58.906192Z","level":"INFO","fields":{"message":"Received CAS response","request_id":"01M1PTWQSXKX465ZA0QXHRDDE8","status_code":206},"filename":"D:\\a\\xet-core\\xet-core\\xet_client\\src\\common\\http_client.rs","line_number":288}
{"timestamp":"2026-09-04T18:28:58.906215Z","level":"INFO","fields":{"message":"Request Success: s3::get_range api call succeeded (request id 01M1PTWQSXKX465ZA0QXHRDDE8)."},"filename":"D:\\a\\xet-core\\xet-core\\xet_client\\src\\cas_client\\retry_wrapper.rs","line_number":237}
{"timestamp":"2026-09-04T18:28:59.182035Z","level":"INFO","fields":{"message":"Concurrency control for download: Increased concurrency from 10 to 11; reason: success ratio 1.000 is above threshold 0.800 and predicted RTT for 4MB at new concurrency is 10.83s < target 60.0s"},"filename":"D:\\a\\xet-core\\xet-core\\xet_client\\src\\cas_client\\adaptive_concurrency\\controller.rs","line_number":548}
{"timestamp":"2026-09-04T18:28:59.182124Z","level":"INFO","fields":{"message":"Retry strategy","retry":"RetryWrapper { max_attempts: 5, base_delay: 3s, max_duration: 360s, no_retry_on_429: false, retry_on_403: true, expected_416: false, expected_404: false, log_errors_as_info: false, api_tag: \"s3::get_range\", has_connection_permit: true }"},"filename":"D:\\a\\xet-core\\xet-core\\xet_client\\src\\cas_client\\retry_wrapper.rs","line_number":274}
{"timestamp":"2026-09-04T18:28:59.255799Z","level":"INFO","fields":{"message":"Received CAS response","request_id":"01M1PTWR2ZS1VVHQHHDQ1S08KX","status_code":206},"filename":"D:\\a\\xet-core\\xet-core\\xet_client\\src\\common\\http_client.rs","line_number":288}
{"timestamp":"2026-09-04T18:28:59.255839Z","level":"INFO","fields":{"message":"Request Success: s3::get_range api call succeeded (request id 01M1PTWR2ZS1VVHQHHDQ1S08KX)."},"filename":"D:\\a\\xet-core\\xet-core\\xet_client\\src\\cas_client\\retry_wrapper.rs","line_number":237}
{"timestamp":"2026-09-04T18:28:59.374514Z","level":"INFO","fields":{"message":"Received CAS response","request_id":"01M1PTWR65R23N2V7WB7624N0S","status_code":206},"filename":"D:\\a\\xet-core\\xet-core\\xet_client\\src\\common\\http_client.rs","line_number":288}
{"timestamp":"2026-09-04T18:28:59.374562Z","level":"INFO","fields":{"message":"Request Success: s3::get_range api call succeeded (request id 01M1PTWR65R23N2V7WB7624N0S)."},"filename":"D:\\a\\xet-core\\xet-core\\xet_client\\src\\cas_client\\retry_wrapper.rs","line_number":237}
{"timestamp":"2026-09-04T18:28:59.692179Z","level":"INFO","fields":{"message":"Concurrency control for download: Increased concurrency from 11 to 12; reason: success ratio 1.000 is above threshold 0.800 and predicted RTT for 4MB at new concurrency is 11.56s < target 60.0s"},"filename":"D:\\a\\xet-core\\xet-core\\xet_client\\src\\cas_client\\adaptive_concurrency\\controller.rs","line_number":548}
{"timestamp":"2026-09-04T18:28:59.692278Z","level":"INFO","fields":{"message":"Retry strategy","retry":"RetryWrapper { max_attempts: 5, base_delay: 3s, max_duration: 360s, no_retry_on_429: false, retry_on_403: true, expected_416: false, expected_404: false, log_errors_as_info: false, api_tag: \"s3::get_range\", has_connection_permit: true }"},"filename":"D:\\a\\xet-core\\xet-core\\xet_client\\src\\cas_client\\retry_wrapper.rs","line_number":274}
{"timestamp":"2026-09-04T18:29:00.164093Z","level":"INFO","fields":{"message":"Received CAS response","request_id":"01M1PTWS0HW5VM0YW1FZBPXJXR","status_code":206},"filename":"D:\\a\\xet-core\\xet-core\\xet_client\\src\\common\\http_client.rs","line_number":288}
{"timestamp":"2026-09-04T18:29:00.164126Z","level":"INFO","fields":{"message":"Request Success: s3::get_range api call succeeded (request id 01M1PTWS0HW5VM0YW1FZBPXJXR)."},"filename":"D:\\a\\xet-core\\xet-core\\xet_client\\src\\cas_client\\retry_wrapper.rs","line_number":237}
{"timestamp":"2026-09-04T18:29:00.226666Z","level":"INFO","fields":{"message":"Concurrency control for download: Increased concurrency from 12 to 13; reason: success ratio 1.000 is above threshold 0.800 and predicted RTT for 4MB at new concurrency is 12.00s < target 60.0s"},"filename":"D:\\a\\xet-core\\xet-core\\xet_client\\src\\cas_client\\adaptive_concurrency\\controller.rs","line_number":548}
{"timestamp":"2026-09-04T18:29:00.226713Z","level":"INFO","fields":{"message":"Retry strategy","retry":"RetryWrapper { max_attempts: 5, base_delay: 3s, max_duration: 360s, no_retry_on_429: false, retry_on_403: true, expected_416: false, expected_404: false, log_errors_as_info: false, api_tag: \"s3::get_range\", has_connection_permit: true }"},"filename":"D:\\a\\xet-core\\xet-core\\xet_client\\src\\cas_client\\retry_wrapper.rs","line_number":274}
{"timestamp":"2026-09-04T18:29:00.680795Z","level":"INFO","fields":{"message":"Received CAS response","request_id":"01M1PTWSGZ6PN3Q76SPASC3JC9","status_code":206},"filename":"D:\\a\\xet-core\\xet-core\\xet_client\\src\\common\\http_client.rs","line_number":288}
{"timestamp":"2026-09-04T18:29:00.680824Z","level":"INFO","fields":{"message":"Request Success: s3::get_range api call succeeded (request id 01M1PTWSGZ6PN3Q76SPASC3JC9)."},"filename":"D:\\a\\xet-core\\xet-core\\xet_client\\src\\cas_client\\retry_wrapper.rs","line_number":237}
{"timestamp":"2026-09-04T18:29:00.731635Z","level":"INFO","fields":{"message":"Concurrency control for download: Increased concurrency from 13 to 14; reason: success ratio 1.000 is above threshold 0.800 and predicted RTT for 4MB at new concurrency is 12.28s < target 60.0s"},"filename":"D:\\a\\xet-core\\xet-core\\xet_client\\src\\cas_client\\adaptive_concurrency\\controller.rs","line_number":548}
{"timestamp":"2026-09-04T18:29:00.731694Z","level":"INFO","fields":{"message":"Retry strategy","retry":"RetryWrapper { max_attempts: 5, base_delay: 3s, max_duration: 360s, no_retry_on_429: false, retry_on_403: true, expected_416: false, expected_404: false, log_errors_as_info: false, api_tag: \"s3::get_range\", has_connection_permit: true }"},"filename":"D:\\a\\xet-core\\xet-core\\xet_client\\src\\cas_client\\retry_wrapper.rs","line_number":274}
{"timestamp":"2026-09-04T18:29:01.236101Z","level":"INFO","fields":{"message":"Concurrency control for download: Increased concurrency from 14 to 15; reason: success ratio 1.000 is above threshold 0.800 and predicted RTT for 4MB at new concurrency is 12.11s < target 60.0s"},"filename":"D:\\a\\xet-core\\xet-core\\xet_client\\src\\cas_client\\adaptive_concurrency\\controller.rs","line_number":548}
{"timestamp":"2026-09-04T18:29:01.236167Z","level":"INFO","fields":{"message":"Retry strategy","retry":"RetryWrapper { max_attempts: 5, base_delay: 3s, max_duration: 360s, no_retry_on_429: false, retry_on_403: true, expected_416: false, expected_404: false, log_errors_as_info: false, api_tag: \"s3::get_range\", has_connection_permit: true }"},"filename":"D:\\a\\xet-core\\xet-core\\xet_client\\src\\cas_client\\retry_wrapper.rs","line_number":274}
{"timestamp":"2026-09-04T18:29:01.236522Z","level":"INFO","fields":{"message":"Received CAS response","request_id":"01M1PTWSZD3NZNPMZMTR2ZKWV3","status_code":206},"filename":"D:\\a\\xet-core\\xet-core\\xet_client\\src\\common\\http_client.rs","line_number":288}
{"timestamp":"2026-09-04T18:29:01.236541Z","level":"INFO","fields":{"message":"Request Success: s3::get_range api call succeeded (request id 01M1PTWSZD3NZNPMZMTR2ZKWV3)."},"filename":"D:\\a\\xet-core\\xet-core\\xet_client\\src\\cas_client\\retry_wrapper.rs","line_number":237}
{"timestamp":"2026-09-04T18:29:01.742153Z","level":"INFO","fields":{"message":"Concurrency control for download: Increased concurrency from 15 to 16; reason: success ratio 1.000 is above threshold 0.800 and predicted RTT for 4MB at new concurrency is 12.20s < target 60.0s"},"filename":"D:\\a\\xet-core\\xet-core\\xet_client\\src\\cas_client\\adaptive_concurrency\\controller.rs","line_number":548}
{"timestamp":"2026-09-04T18:29:01.742233Z","level":"INFO","fields":{"message":"Retry strategy","retry":"RetryWrapper { max_attempts: 5, base_delay: 3s, max_duration: 360s, no_retry_on_429: false, retry_on_403: true, expected_416: false, expected_404: false, log_errors_as_info: false, api_tag: \"s3::get_range\", has_connection_permit: true }"},"filename":"D:\\a\\xet-core\\xet-core\\xet_client\\src\\cas_client\\retry_wrapper.rs","line_number":274}
{"timestamp":"2026-09-04T18:29:01.866993Z","level":"INFO","fields":{"message":"Received CAS response","request_id":"01M1PTWTGYDHD9KZN3QWZMVYX5","status_code":206},"filename":"D:\\a\\xet-core\\xet-core\\xet_client\\src\\common\\http_client.rs","line_number":288}
{"timestamp":"2026-09-04T18:29:01.867024Z","level":"INFO","fields":{"message":"Request Success: s3::get_range api call succeeded (request id 01M1PTWTGYDHD9KZN3QWZMVYX5)."},"filename":"D:\\a\\xet-core\\xet-core\\xet_client\\src\\cas_client\\retry_wrapper.rs","line_number":237}
{"timestamp":"2026-09-04T18:29:02.270273Z","level":"INFO","fields":{"message":"Concurrency control for download: Increased concurrency from 16 to 17; reason: success ratio 1.000 is above threshold 0.800 and predicted RTT for 4MB at new concurrency is 12.56s < target 60.0s"},"filename":"D:\\a\\xet-core\\xet-core\\xet_client\\src\\cas_client\\adaptive_concurrency\\controller.rs","line_number":548}
{"timestamp":"2026-09-04T18:29:02.270320Z","level":"INFO","fields":{"message":"Retry strategy","retry":"RetryWrapper { max_attempts: 5, base_delay: 3s, max_duration: 360s, no_retry_on_429: false, retry_on_403: true, expected_416: false, expected_404: false, log_errors_as_info: false, api_tag: \"s3::get_range\", has_connection_permit: true }"},"filename":"D:\\a\\xet-core\\xet-core\\xet_client\\src\\cas_client\\retry_wrapper.rs","line_number":274}
{"timestamp":"2026-09-04T18:29:02.588682Z","level":"INFO","fields":{"message":"Received CAS response","request_id":"01M1PTWV9PV5W7Q18X4C7N55FS","status_code":206},"filename":"D:\\a\\xet-core\\xet-core\\xet_client\\src\\common\\http_client.rs","line_number":288}
{"timestamp":"2026-09-04T18:29:02.588710Z","level":"INFO","fields":{"message":"Request Success: s3::get_range api call succeeded (request id 01M1PTWV9PV5W7Q18X4C7N55FS)."},"filename":"D:\\a\\xet-core\\xet-core\\xet_client\\src\\cas_client\\retry_wrapper.rs","line_number":237}
{"timestamp":"2026-09-04T18:29:02.772701Z","level":"INFO","fields":{"message":"Concurrency control for download: Increased concurrency from 17 to 18; reason: success ratio 1.000 is above threshold 0.800 and predicted RTT for 4MB at new concurrency is 11.87s < target 60.0s"},"filename":"D:\\a\\xet-core\\xet-core\\xet_client\\src\\cas_client\\adaptive_concurrency\\controller.rs","line_number":548}
{"timestamp":"2026-09-04T18:29:02.772749Z","level":"INFO","fields":{"message":"Retry strategy","retry":"RetryWrapper { max_attempts: 5, base_delay: 3s, max_duration: 360s, no_retry_on_429: false, retry_on_403: true, expected_416: false, expected_404: false, log_errors_as_info: false, api_tag: \"s3::get_range\", has_connection_permit: true }"},"filename":"D:\\a\\xet-core\\xet-core\\xet_client\\src\\cas_client\\retry_wrapper.rs","line_number":274}
{"timestamp":"2026-09-04T18:29:03.052412Z","level":"INFO","fields":{"message":"Received CAS response","request_id":"01M1PTWVNYN07GYJKQA857211V","status_code":206},"filename":"D:\\a\\xet-core\\xet-core\\xet_client\\src\\common\\http_client.rs","line_number":288}
{"timestamp":"2026-09-04T18:29:03.052445Z","level":"INFO","fields":{"message":"Request Success: s3::get_range api call succeeded (request id 01M1PTWVNYN07GYJKQA857211V)."},"filename":"D:\\a\\xet-core\\xet-core\\xet_client\\src\\cas_client\\retry_wrapper.rs","line_number":237}
{"timestamp":"2026-09-04T18:29:03.321160Z","level":"INFO","fields":{"message":"Concurrency control for download: Increased concurrency from 18 to 19; reason: success ratio 1.000 is above threshold 0.800 and predicted RTT for 4MB at new concurrency is 11.88s < target 60.0s"},"filename":"D:\\a\\xet-core\\xet-core\\xet_client\\src\\cas_client\\adaptive_concurrency\\controller.rs","line_number":548}
{"timestamp":"2026-09-04T18:29:03.321207Z","level":"INFO","fields":{"message":"Retry strategy","retry":"RetryWrapper { max_attempts: 5, base_delay: 3s, max_duration: 360s, no_retry_on_429: false, retry_on_403: true, expected_416: false, expected_404: false, log_errors_as_info: false, api_tag: \"s3::get_range\", has_connection_permit: true }"},"filename":"D:\\a\\xet-core\\xet-core\\xet_client\\src\\cas_client\\retry_wrapper.rs","line_number":274}
{"timestamp":"2026-09-04T18:29:03.472457Z","level":"INFO","fields":{"message":"Received CAS response","request_id":"01M1PTWW3KD49GW8WWN4HP709J","status_code":206},"filename":"D:\\a\\xet-core\\xet-core\\xet_client\\src\\common\\http_client.rs","line_number":288}
{"timestamp":"2026-09-04T18:29:03.472485Z","level":"INFO","fields":{"message":"Request Success: s3::get_range api call succeeded (request id 01M1PTWW3KD49GW8WWN4HP709J)."},"filename":"D:\\a\\xet-core\\xet-core\\xet_client\\src\\cas_client\\retry_wrapper.rs","line_number":237}
{"timestamp":"2026-09-04T18:29:03.824073Z","level":"INFO","fields":{"message":"Concurrency control for download: Increased concurrency from 19 to 20; reason: success ratio 1.000 is above threshold 0.800 and predicted RTT for 4MB at new concurrency is 11.90s < target 60.0s"},"filename":"D:\\a\\xet-core\\xet-core\\xet_client\\src\\cas_client\\adaptive_concurrency\\controller.rs","line_number":548}
{"timestamp":"2026-09-04T18:29:03.824112Z","level":"INFO","fields":{"message":"Retry strategy","retry":"RetryWrapper { max_attempts: 5, base_delay: 3s, max_duration: 360s, no_retry_on_429: false, retry_on_403: true, expected_416: false, expected_404: false, log_errors_as_info: false, api_tag: \"s3::get_range\", has_connection_permit: true }"},"filename":"D:\\a\\xet-core\\xet-core\\xet_client\\src\\cas_client\\retry_wrapper.rs","line_number":274}
{"timestamp":"2026-09-04T18:29:03.896995Z","level":"INFO","fields":{"message":"Received CAS response","request_id":"01M1PTWWGE47P3HCBJ9RWXRNXJ","status_code":206},"filename":"D:\\a\\xet-core\\xet-core\\xet_client\\src\\common\\http_client.rs","line_number":288}
{"timestamp":"2026-09-04T18:29:03.897032Z","level":"INFO","fields":{"message":"Request Success: s3::get_range api call succeeded (request id 01M1PTWWGE47P3HCBJ9RWXRNXJ)."},"filename":"D:\\a\\xet-core\\xet-core\\xet_client\\src\\cas_client\\retry_wrapper.rs","line_number":237}
{"timestamp":"2026-09-04T18:29:04.333958Z","level":"INFO","fields":{"message":"Concurrency control for download: Increased concurrency from 20 to 21; reason: success ratio 1.000 is above threshold 0.800 and predicted RTT for 4MB at new concurrency is 12.11s < target 60.0s"},"filename":"D:\\a\\xet-core\\xet-core\\xet_client\\src\\cas_client\\adaptive_concurrency\\controller.rs","line_number":548}
{"timestamp":"2026-09-04T18:29:04.334006Z","level":"INFO","fields":{"message":"Retry strategy","retry":"RetryWrapper { max_attempts: 5, base_delay: 3s, max_duration: 360s, no_retry_on_429: false, retry_on_403: true, expected_416: false, expected_404: false, log_errors_as_info: false, api_tag: \"s3::get_range\", has_connection_permit: true }"},"filename":"D:\\a\\xet-core\\xet-core\\xet_client\\src\\cas_client\\retry_wrapper.rs","line_number":274}
{"timestamp":"2026-09-04T18:29:04.476200Z","level":"INFO","fields":{"message":"Received CAS response","request_id":"01M1PTWX37KQHPMJWATRBQ5J8G","status_code":206},"filename":"D:\\a\\xet-core\\xet-core\\xet_client\\src\\common\\http_client.rs","line_number":288}
{"timestamp":"2026-09-04T18:29:04.476233Z","level":"INFO","fields":{"message":"Request Success: s3::get_range api call succeeded (request id 01M1PTWX37KQHPMJWATRBQ5J8G)."},"filename":"D:\\a\\xet-core\\xet-core\\xet_client\\src\\cas_client\\retry_wrapper.rs","line_number":237}
{"timestamp":"2026-09-04T18:29:04.840974Z","level":"INFO","fields":{"message":"Concurrency control for download: Increased concurrency from 21 to 22; reason: success ratio 1.000 is above threshold 0.800 and predicted RTT for 4MB at new concurrency is 12.34s < target 60.0s"},"filename":"D:\\a\\xet-core\\xet-core\\xet_client\\src\\cas_client\\adaptive_concurrency\\controller.rs","line_number":548}
{"timestamp":"2026-09-04T18:29:04.969113Z","level":"INFO","fields":{"message":"Received CAS response","request_id":"01M1PTWXHC90D5Z83BCMXG8YDK","status_code":206},"filename":"D:\\a\\xet-core\\xet-core\\xet_client\\src\\common\\http_client.rs","line_number":288}
{"timestamp":"2026-09-04T18:29:04.969139Z","level":"INFO","fields":{"message":"Request Success: s3::get_range api call succeeded (request id 01M1PTWXHC90D5Z83BCMXG8YDK)."},"filename":"D:\\a\\xet-core\\xet-core\\xet_client\\src\\cas_client\\retry_wrapper.rs","line_number":237}
{"timestamp":"2026-09-04T18:29:05.345824Z","level":"INFO","fields":{"message":"Concurrency control for download: Increased concurrency from 22 to 23; reason: success ratio 1.000 is above threshold 0.800 and predicted RTT for 4MB at new concurrency is 12.41s < target 60.0s"},"filename":"D:\\a\\xet-core\\xet-core\\xet_client\\src\\cas_client\\adaptive_concurrency\\controller.rs","line_number":548}
{"timestamp":"2026-09-04T18:29:06.046395Z","level":"INFO","fields":{"message":"Concurrency control for download: Increased concurrency from 23 to 24; reason: success ratio 1.000 is above threshold 0.800 and predicted RTT for 4MB at new concurrency is 12.98s < target 60.0s"},"filename":"D:\\a\\xet-core\\xet-core\\xet_client\\src\\cas_client\\adaptive_concurrency\\controller.rs","line_number":548}
{"timestamp":"2026-09-04T18:29:06.678306Z","level":"INFO","fields":{"message":"Concurrency control for download: Increased concurrency from 24 to 25; reason: success ratio 1.000 is above threshold 0.800 and predicted RTT for 4MB at new concurrency is 13.58s < target 60.0s"},"filename":"D:\\a\\xet-core\\xet-core\\xet_client\\src\\cas_client\\adaptive_concurrency\\controller.rs","line_number":548}
{"timestamp":"2026-09-04T18:29:07.272934Z","level":"INFO","fields":{"message":"Concurrency control for download: Increased concurrency from 25 to 26; reason: success ratio 1.000 is above threshold 0.800 and predicted RTT for 4MB at new concurrency is 14.08s < target 60.0s"},"filename":"D:\\a\\xet-core\\xet-core\\xet_client\\src\\cas_client\\adaptive_concurrency\\controller.rs","line_number":548}
{"timestamp":"2026-09-04T18:29:07.799319Z","level":"INFO","fields":{"message":"Concurrency control for download: Increased concurrency from 26 to 27; reason: success ratio 1.000 is above threshold 0.800 and predicted RTT for 4MB at new concurrency is 14.92s < target 60.0s"},"filename":"D:\\a\\xet-core\\xet-core\\xet_client\\src\\cas_client\\adaptive_concurrency\\controller.rs","line_number":548}
{"timestamp":"2026-09-04T18:29:08.145199Z","level":"INFO","fields":{"message":"Concurrency control for download: Current concurrency = 27; predicted bandwidth = 2458583; success_ratio = 1.000; reference_size = 4.4MB; observed bytes sent so far = 72634520; completed transmissions = 5"},"filename":"D:\\a\\xet-core\\xet-core\\xet_client\\src\\cas_client\\adaptive_concurrency\\controller.rs","line_number":602}
{"timestamp":"2026-09-04T18:29:08.304834Z","level":"INFO","fields":{"message":"Concurrency control for download: Increased concurrency from 27 to 28; reason: success ratio 1.000 is above threshold 0.800 and predicted RTT for 4MB at new concurrency is 15.25s < target 60.0s"},"filename":"D:\\a\\xet-core\\xet-core\\xet_client\\src\\cas_client\\adaptive_concurrency\\controller.rs","line_number":548}
{"timestamp":"2026-09-04T18:29:08.812928Z","level":"INFO","fields":{"message":"Concurrency control for download: Increased concurrency from 28 to 29; reason: success ratio 1.000 is above threshold 0.800 and predicted RTT for 4MB at new concurrency is 15.95s < target 60.0s"},"filename":"D:\\a\\xet-core\\xet-core\\xet_client\\src\\cas_client\\adaptive_concurrency\\controller.rs","line_number":548}
{"timestamp":"2026-09-04T18:29:09.329408Z","level":"INFO","fields":{"message":"Concurrency control for download: Increased concurrency from 29 to 30; reason: success ratio 1.000 is above threshold 0.800 and predicted RTT for 4MB at new concurrency is 16.60s < target 60.0s"},"filename":"D:\\a\\xet-core\\xet-core\\xet_client\\src\\cas_client\\adaptive_concurrency\\controller.rs","line_number":548}
{"timestamp":"2026-09-04T18:29:09.858485Z","level":"INFO","fields":{"message":"Concurrency control for download: Increased concurrency from 30 to 31; reason: success ratio 1.000 is above threshold 0.800 and predicted RTT for 4MB at new concurrency is 17.36s < target 60.0s"},"filename":"D:\\a\\xet-core\\xet-core\\xet_client\\src\\cas_client\\adaptive_concurrency\\controller.rs","line_number":548}
{"timestamp":"2026-09-04T18:29:10.559493Z","level":"INFO","fields":{"message":"Concurrency control for download: Increased concurrency from 31 to 32; reason: success ratio 1.000 is above threshold 0.800 and predicted RTT for 4MB at new concurrency is 18.29s < target 60.0s"},"filename":"D:\\a\\xet-core\\xet-core\\xet_client\\src\\cas_client\\adaptive_concurrency\\controller.rs","line_number":548}
{"timestamp":"2026-09-04T18:29:11.064959Z","level":"INFO","fields":{"message":"Concurrency control for download: Increased concurrency from 32 to 33; reason: success ratio 1.000 is above threshold 0.800 and predicted RTT for 4MB at new concurrency is 19.50s < target 60.0s"},"filename":"D:\\a\\xet-core\\xet-core\\xet_client\\src\\cas_client\\adaptive_concurrency\\controller.rs","line_number":548}
{"timestamp":"2026-09-04T18:29:15.586571Z","level":"INFO","fields":{"message":"Concurrency control for download: Increased concurrency from 33 to 34; reason: success ratio 1.000 is above threshold 0.800 and predicted RTT for 21MB at new concurrency is 59.96s < target 60.0s"},"filename":"D:\\a\\xet-core\\xet-core\\xet_client\\src\\cas_client\\adaptive_concurrency\\controller.rs","line_number":548}
{"timestamp":"2026-09-04T18:29:16.135499Z","level":"INFO","fields":{"message":"Concurrency control for download: Increased concurrency from 34 to 35; reason: success ratio 1.000 is above threshold 0.800 and predicted RTT for 21MB at new concurrency is 59.71s < target 60.0s"},"filename":"D:\\a\\xet-core\\xet-core\\xet_client\\src\\cas_client\\adaptive_concurrency\\controller.rs","line_number":548}
{"timestamp":"2026-09-04T18:29:16.648432Z","level":"INFO","fields":{"message":"Concurrency control for download: Increased concurrency from 35 to 36; reason: success ratio 1.000 is above threshold 0.800 and predicted RTT for 21MB at new concurrency is 59.17s < target 60.0s"},"filename":"D:\\a\\xet-core\\xet-core\\xet_client\\src\\cas_client\\adaptive_concurrency\\controller.rs","line_number":548}
{"timestamp":"2026-09-04T18:29:17.421052Z","level":"INFO","fields":{"message":"Concurrency control for download: Increased concurrency from 36 to 37; reason: success ratio 1.000 is above threshold 0.800 and predicted RTT for 21MB at new concurrency is 59.52s < target 60.0s"},"filename":"D:\\a\\xet-core\\xet-core\\xet_client\\src\\cas_client\\adaptive_concurrency\\controller.rs","line_number":548}
{"timestamp":"2026-09-04T18:29:18.161463Z","level":"INFO","fields":{"message":"Concurrency control for download: Current concurrency = 37; predicted bandwidth = 750033; success_ratio = 1.000; reference_size = 21.5MB; observed bytes sent so far = 116239468; completed transmissions = 6"},"filename":"D:\\a\\xet-core\\xet-core\\xet_client\\src\\cas_client\\adaptive_concurrency\\controller.rs","line_number":602}
{"timestamp":"2026-09-04T18:29:18.168912Z","level":"INFO","fields":{"message":"Concurrency control for download: Increased concurrency from 37 to 38; reason: success ratio 1.000 is above threshold 0.800 and predicted RTT for 21MB at new concurrency is 59.43s < target 60.0s"},"filename":"D:\\a\\xet-core\\xet-core\\xet_client\\src\\cas_client\\adaptive_concurrency\\controller.rs","line_number":548}
{"timestamp":"2026-09-04T18:29:18.679441Z","level":"INFO","fields":{"message":"Concurrency control for download: Increased concurrency from 38 to 39; reason: success ratio 1.000 is above threshold 0.800 and predicted RTT for 21MB at new concurrency is 59.88s < target 60.0s"},"filename":"D:\\a\\xet-core\\xet-core\\xet_client\\src\\cas_client\\adaptive_concurrency\\controller.rs","line_number":548}
{"timestamp":"2026-09-04T18:29:19.205910Z","level":"INFO","fields":{"message":"Concurrency control for download: Increased concurrency from 39 to 40; reason: success ratio 1.000 is above threshold 0.800 and predicted RTT for 21MB at new concurrency is 59.56s < target 60.0s"},"filename":"D:\\a\\xet-core\\xet-core\\xet_client\\src\\cas_client\\adaptive_concurrency\\controller.rs","line_number":548}
{"timestamp":"2026-09-04T18:29:28.166174Z","level":"INFO","fields":{"message":"Concurrency control for download: Current concurrency = 40; predicted bandwidth = 409172; success_ratio = 1.000; reference_size = 61.0MB; observed bytes sent so far = 161136081; completed transmissions = 8"},"filename":"D:\\a\\xet-core\\xet-core\\xet_client\\src\\cas_client\\adaptive_concurrency\\controller.rs","line_number":602}
{"timestamp":"2026-09-04T18:29:29.953832Z","level":"INFO","fields":{"message":"Concurrency control for download: Increased concurrency from 40 to 41; reason: success ratio 1.000 is above threshold 0.800 and predicted RTT for 61MB at new concurrency is 56.85s < target 60.0s"},"filename":"D:\\a\\xet-core\\xet-core\\xet_client\\src\\cas_client\\adaptive_concurrency\\controller.rs","line_number":548}
{"timestamp":"2026-09-04T18:29:30.463628Z","level":"INFO","fields":{"message":"Concurrency control for download: Increased concurrency from 41 to 42; reason: success ratio 1.000 is above threshold 0.800 and predicted RTT for 61MB at new concurrency is 56.89s < target 60.0s"},"filename":"D:\\a\\xet-core\\xet-core\\xet_client\\src\\cas_client\\adaptive_concurrency\\controller.rs","line_number":548}
{"timestamp":"2026-09-04T18:29:30.983515Z","level":"INFO","fields":{"message":"Concurrency control for download: Increased concurrency from 42 to 43; reason: success ratio 1.000 is above threshold 0.800 and predicted RTT for 61MB at new concurrency is 58.77s < target 60.0s"},"filename":"D:\\a\\xet-core\\xet-core\\xet_client\\src\\cas_client\\adaptive_concurrency\\controller.rs","line_number":548}
{"timestamp":"2026-09-04T18:29:31.517932Z","level":"INFO","fields":{"message":"Concurrency control for download: Increased concurrency from 43 to 44; reason: success ratio 1.000 is above threshold 0.800 and predicted RTT for 61MB at new concurrency is 53.94s < target 60.0s"},"filename":"D:\\a\\xet-core\\xet-core\\xet_client\\src\\cas_client\\adaptive_concurrency\\controller.rs","line_number":548}
{"timestamp":"2026-09-04T18:29:32.027885Z","level":"INFO","fields":{"message":"Concurrency control for download: Increased concurrency from 44 to 45; reason: success ratio 1.000 is above threshold 0.800 and predicted RTT for 61MB at new concurrency is 53.80s < target 60.0s"},"filename":"D:\\a\\xet-core\\xet-core\\xet_client\\src\\cas_client\\adaptive_concurrency\\controller.rs","line_number":548}
{"timestamp":"2026-09-04T18:29:32.534172Z","level":"INFO","fields":{"message":"Concurrency control for download: Increased concurrency from 45 to 46; reason: success ratio 1.000 is above threshold 0.800 and predicted RTT for 61MB at new concurrency is 57.15s < target 60.0s"},"filename":"D:\\a\\xet-core\\xet-core\\xet_client\\src\\cas_client\\adaptive_concurrency\\controller.rs","line_number":548}
{"timestamp":"2026-09-04T18:29:33.037755Z","level":"INFO","fields":{"message":"Concurrency control for download: Increased concurrency from 46 to 47; reason: success ratio 1.000 is above threshold 0.800 and predicted RTT for 61MB at new concurrency is 55.55s < target 60.0s"},"filename":"D:\\a\\xet-core\\xet-core\\xet_client\\src\\cas_client\\adaptive_concurrency\\controller.rs","line_number":548}
{"timestamp":"2026-09-04T18:29:33.541095Z","level":"INFO","fields":{"message":"Concurrency control for download: Increased concurrency from 47 to 48; reason: success ratio 1.000 is above threshold 0.800 and predicted RTT for 61MB at new concurrency is 55.48s < target 60.0s"},"filename":"D:\\a\\xet-core\\xet-core\\xet_client\\src\\cas_client\\adaptive_concurrency\\controller.rs","line_number":548}
{"timestamp":"2026-09-04T18:29:34.042205Z","level":"INFO","fields":{"message":"Concurrency control for download: Increased concurrency from 48 to 49; reason: success ratio 1.000 is above threshold 0.800 and predicted RTT for 61MB at new concurrency is 59.36s < target 60.0s"},"filename":"D:\\a\\xet-core\\xet-core\\xet_client\\src\\cas_client\\adaptive_concurrency\\controller.rs","line_number":548}
{"timestamp":"2026-09-04T18:29:34.555982Z","level":"INFO","fields":{"message":"Concurrency control for download: Increased concurrency from 49 to 50; reason: success ratio 1.000 is above threshold 0.800 and predicted RTT for 61MB at new concurrency is 58.03s < target 60.0s"},"filename":"D:\\a\\xet-core\\xet-core\\xet_client\\src\\cas_client\\adaptive_concurrency\\controller.rs","line_number":548}
{"timestamp":"2026-09-04T18:29:35.059688Z","level":"INFO","fields":{"message":"Concurrency control for download: Increased concurrency from 50 to 51; reason: success ratio 1.000 is above threshold 0.800 and predicted RTT for 61MB at new concurrency is 53.82s < target 60.0s"},"filename":"D:\\a\\xet-core\\xet-core\\xet_client\\src\\cas_client\\adaptive_concurrency\\controller.rs","line_number":548}
{"timestamp":"2026-09-04T18:29:35.568930Z","level":"INFO","fields":{"message":"Concurrency control for download: Increased concurrency from 51 to 52; reason: success ratio 1.000 is above threshold 0.800 and predicted RTT for 61MB at new concurrency is 52.36s < target 60.0s"},"filename":"D:\\a\\xet-core\\xet-core\\xet_client\\src\\cas_client\\adaptive_concurrency\\controller.rs","line_number":548}
{"timestamp":"2026-09-04T18:29:36.071772Z","level":"INFO","fields":{"message":"Concurrency control for download: Increased concurrency from 52 to 53; reason: success ratio 1.000 is above threshold 0.800 and predicted RTT for 61MB at new concurrency is 53.82s < target 60.0s"},"filename":"D:\\a\\xet-core\\xet-core\\xet_client\\src\\cas_client\\adaptive_concurrency\\controller.rs","line_number":548}
{"timestamp":"2026-09-04T18:29:36.610371Z","level":"INFO","fields":{"message":"Concurrency control for download: Increased concurrency from 53 to 54; reason: success ratio 1.000 is above threshold 0.800 and predicted RTT for 61MB at new concurrency is 53.23s < target 60.0s"},"filename":"D:\\a\\xet-core\\xet-core\\xet_client\\src\\cas_client\\adaptive_concurrency\\controller.rs","line_number":548}
{"timestamp":"2026-09-04T18:29:37.112435Z","level":"INFO","fields":{"message":"Concurrency control for download: Increased concurrency from 54 to 55; reason: success ratio 1.000 is above threshold 0.800 and predicted RTT for 61MB at new concurrency is 49.37s < target 60.0s"},"filename":"D:\\a\\xet-core\\xet-core\\xet_client\\src\\cas_client\\adaptive_concurrency\\controller.rs","line_number":548}
{"timestamp":"2026-09-04T18:29:37.613006Z","level":"INFO","fields":{"message":"Concurrency control for download: Increased concurrency from 55 to 56; reason: success ratio 1.000 is above threshold 0.800 and predicted RTT for 61MB at new concurrency is 49.10s < target 60.0s"},"filename":"D:\\a\\xet-core\\xet-core\\xet_client\\src\\cas_client\\adaptive_concurrency\\controller.rs","line_number":548}
{"timestamp":"2026-09-04T18:29:38.120035Z","level":"INFO","fields":{"message":"Concurrency control for download: Increased concurrency from 56 to 57; reason: success ratio 1.000 is above threshold 0.800 and predicted RTT for 61MB at new concurrency is 49.24s < target 60.0s"},"filename":"D:\\a\\xet-core\\xet-core\\xet_client\\src\\cas_client\\adaptive_concurrency\\controller.rs","line_number":548}
{"timestamp":"2026-09-04T18:29:38.201142Z","level":"INFO","fields":{"message":"Concurrency control for download: Current concurrency = 57; predicted bandwidth = 287035; success_ratio = 1.000; reference_size = 61.0MB; observed bytes sent so far = 201145809; completed transmissions = 8"},"filename":"D:\\a\\xet-core\\xet-core\\xet_client\\src\\cas_client\\adaptive_concurrency\\controller.rs","line_number":602}
{"timestamp":"2026-09-04T18:29:38.625772Z","level":"INFO","fields":{"message":"Concurrency control for download: Increased concurrency from 57 to 58; reason: success ratio 1.000 is above threshold 0.800 and predicted RTT for 61MB at new concurrency is 49.65s < target 60.0s"},"filename":"D:\\a\\xet-core\\xet-core\\xet_client\\src\\cas_client\\adaptive_concurrency\\controller.rs","line_number":548}
{"timestamp":"2026-09-04T18:29:39.145316Z","level":"INFO","fields":{"message":"Concurrency control for download: Increased concurrency from 58 to 59; reason: success ratio 1.000 is above threshold 0.800 and predicted RTT for 61MB at new concurrency is 50.63s < target 60.0s"},"filename":"D:\\a\\xet-core\\xet-core\\xet_client\\src\\cas_client\\adaptive_concurrency\\controller.rs","line_number":548}
{"timestamp":"2026-09-04T18:29:39.708614Z","level":"INFO","fields":{"message":"Concurrency control for download: Increased concurrency from 59 to 60; reason: success ratio 1.000 is above threshold 0.800 and predicted RTT for 61MB at new concurrency is 54.30s < target 60.0s"},"filename":"D:\\a\\xet-core\\xet-core\\xet_client\\src\\cas_client\\adaptive_concurrency\\controller.rs","line_number":548}
{"timestamp":"2026-09-04T18:29:40.217275Z","level":"INFO","fields":{"message":"Concurrency control for download: Increased concurrency from 60 to 61; reason: success ratio 1.000 is above threshold 0.800 and predicted RTT for 61MB at new concurrency is 52.03s < target 60.0s"},"filename":"D:\\a\\xet-core\\xet-core\\xet_client\\src\\cas_client\\adaptive_concurrency\\controller.rs","line_number":548}
{"timestamp":"2026-09-04T18:29:40.726840Z","level":"INFO","fields":{"message":"Concurrency control for download: Increased concurrency from 61 to 62; reason: success ratio 1.000 is above threshold 0.800 and predicted RTT for 61MB at new concurrency is 51.79s < target 60.0s"},"filename":"D:\\a\\xet-core\\xet-core\\xet_client\\src\\cas_client\\adaptive_concurrency\\controller.rs","line_number":548}
{"timestamp":"2026-09-04T18:29:41.240574Z","level":"INFO","fields":{"message":"Concurrency control for download: Increased concurrency from 62 to 63; reason: success ratio 1.000 is above threshold 0.800 and predicted RTT for 61MB at new concurrency is 48.65s < target 60.0s"},"filename":"D:\\a\\xet-core\\xet-core\\xet_client\\src\\cas_client\\adaptive_concurrency\\controller.rs","line_number":548}
{"timestamp":"2026-09-04T18:29:41.753680Z","level":"INFO","fields":{"message":"Concurrency control for download: Increased concurrency from 63 to 64; reason: success ratio 1.000 is above threshold 0.800 and predicted RTT for 61MB at new concurrency is 49.85s < target 60.0s"},"filename":"D:\\a\\xet-core\\xet-core\\xet_client\\src\\cas_client\\adaptive_concurrency\\controller.rs","line_number":548}
{"timestamp":"2026-09-04T18:29:42.262189Z","level":"INFO","fields":{"message":"Concurrency control for download: Increased concurrency from 64 to 64; reason: success ratio 1.000 is above threshold 0.800 and predicted RTT for 61MB at new concurrency is 44.33s < target 60.0s"},"filename":"D:\\a\\xet-core\\xet-core\\xet_client\\src\\cas_client\\adaptive_concurrency\\controller.rs","line_number":548}
{"timestamp":"2026-09-04T18:29:42.768579Z","level":"INFO","fields":{"message":"Concurrency control for download: Increased concurrency from 64 to 64; reason: success ratio 1.000 is above threshold 0.800 and predicted RTT for 61MB at new concurrency is 51.16s < target 60.0s"},"filename":"D:\\a\\xet-core\\xet-core\\xet_client\\src\\cas_client\\adaptive_concurrency\\controller.rs","line_number":548}
{"timestamp":"2026-09-04T18:29:43.277931Z","level":"INFO","fields":{"message":"Concurrency control for download: Increased concurrency from 64 to 64; reason: success ratio 1.000 is above threshold 0.800 and predicted RTT for 61MB at new concurrency is 51.13s < target 60.0s"},"filename":"D:\\a\\xet-core\\xet-core\\xet_client\\src\\cas_client\\adaptive_concurrency\\controller.rs","line_number":548}
{"timestamp":"2026-09-04T18:29:43.778591Z","level":"INFO","fields":{"message":"Concurrency control for download: Increased concurrency from 64 to 64; reason: success ratio 1.000 is above threshold 0.800 and predicted RTT for 61MB at new concurrency is 50.99s < target 60.0s"},"filename":"D:\\a\\xet-core\\xet-core\\xet_client\\src\\cas_client\\adaptive_concurrency\\controller.rs","line_number":548}
{"timestamp":"2026-09-04T18:29:44.383621Z","level":"INFO","fields":{"message":"Concurrency control for download: Increased concurrency from 64 to 64; reason: success ratio 1.000 is above threshold 0.800 and predicted RTT for 61MB at new concurrency is 49.16s < target 60.0s"},"filename":"D:\\a\\xet-core\\xet-core\\xet_client\\src\\cas_client\\adaptive_concurrency\\controller.rs","line_number":548}
{"timestamp":"2026-09-04T18:29:44.905210Z","level":"INFO","fields":{"message":"Concurrency control for download: Increased concurrency from 64 to 64; reason: success ratio 1.000 is above threshold 0.800 and predicted RTT for 61MB at new concurrency is 50.89s < target 60.0s"},"filename":"D:\\a\\xet-core\\xet-core\\xet_client\\src\\cas_client\\adaptive_concurrency\\controller.rs","line_number":548}
{"timestamp":"2026-09-04T18:29:45.411423Z","level":"INFO","fields":{"message":"Concurrency control for download: Increased concurrency from 64 to 64; reason: success ratio 1.000 is above threshold 0.800 and predicted RTT for 61MB at new concurrency is 56.81s < target 60.0s"},"filename":"D:\\a\\xet-core\\xet-core\\xet_client\\src\\cas_client\\adaptive_concurrency\\controller.rs","line_number":548}
{"timestamp":"2026-09-04T18:29:45.911980Z","level":"INFO","fields":{"message":"Concurrency control for download: Increased concurrency from 64 to 64; reason: success ratio 1.000 is above threshold 0.800 and predicted RTT for 61MB at new concurrency is 56.43s < target 60.0s"},"filename":"D:\\a\\xet-core\\xet-core\\xet_client\\src\\cas_client\\adaptive_concurrency\\controller.rs","line_number":548}
{"timestamp":"2026-09-04T18:29:46.414340Z","level":"INFO","fields":{"message":"Concurrency control for download: Increased concurrency from 64 to 64; reason: success ratio 1.000 is above threshold 0.800 and predicted RTT for 61MB at new concurrency is 56.39s < target 60.0s"},"filename":"D:\\a\\xet-core\\xet-core\\xet_client\\src\\cas_client\\adaptive_concurrency\\controller.rs","line_number":548}
{"timestamp":"2026-09-04T18:29:46.943495Z","level":"INFO","fields":{"message":"Concurrency control for download: Increased concurrency from 64 to 64; reason: success ratio 1.000 is above threshold 0.800 and predicted RTT for 61MB at new concurrency is 59.67s < target 60.0s"},"filename":"D:\\a\\xet-core\\xet-core\\xet_client\\src\\cas_client\\adaptive_concurrency\\controller.rs","line_number":548}
{"timestamp":"2026-09-04T18:29:47.446967Z","level":"INFO","fields":{"message":"Concurrency control for download: Increased concurrency from 64 to 64; reason: success ratio 1.000 is above threshold 0.800 and predicted RTT for 61MB at new concurrency is 59.95s < target 60.0s"},"filename":"D:\\a\\xet-core\\xet-core\\xet_client\\src\\cas_client\\adaptive_concurrency\\controller.rs","line_number":548}
{"timestamp":"2026-09-04T18:29:48.118301Z","level":"INFO","fields":{"message":"Concurrency control for download: Increased concurrency from 64 to 64; reason: success ratio 1.000 is above threshold 0.800 and predicted RTT for 61MB at new concurrency is 56.52s < target 60.0s"},"filename":"D:\\a\\xet-core\\xet-core\\xet_client\\src\\cas_client\\adaptive_concurrency\\controller.rs","line_number":548}
{"timestamp":"2026-09-04T18:29:48.206385Z","level":"INFO","fields":{"message":"Concurrency control for download: Current concurrency = 64; predicted bandwidth = 226040; success_ratio = 1.000; reference_size = 61.0MB; observed bytes sent so far = 244776401; completed transmissions = 8"},"filename":"D:\\a\\xet-core\\xet-core\\xet_client\\src\\cas_client\\adaptive_concurrency\\controller.rs","line_number":602}
{"timestamp":"2026-09-04T18:29:48.626505Z","level":"INFO","fields":{"message":"Concurrency control for download: Increased concurrency from 64 to 64; reason: success ratio 1.000 is above threshold 0.800 and predicted RTT for 61MB at new concurrency is 53.07s < target 60.0s"},"filename":"D:\\a\\xet-core\\xet-core\\xet_client\\src\\cas_client\\adaptive_concurrency\\controller.rs","line_number":548}
{"timestamp":"2026-09-04T18:29:49.189413Z","level":"INFO","fields":{"message":"Concurrency control for download: Increased concurrency from 64 to 64; reason: success ratio 1.000 is above threshold 0.800 and predicted RTT for 61MB at new concurrency is 51.75s < target 60.0s"},"filename":"D:\\a\\xet-core\\xet-core\\xet_client\\src\\cas_client\\adaptive_concurrency\\controller.rs","line_number":548}
{"timestamp":"2026-09-04T18:29:49.699543Z","level":"INFO","fields":{"message":"Concurrency control for download: Increased concurrency from 64 to 64; reason: success ratio 1.000 is above threshold 0.800 and predicted RTT for 61MB at new concurrency is 53.81s < target 60.0s"},"filename":"D:\\a\\xet-core\\xet-core\\xet_client\\src\\cas_client\\adaptive_concurrency\\controller.rs","line_number":548}
{"timestamp":"2026-09-04T18:29:50.209669Z","level":"INFO","fields":{"message":"Concurrency control for download: Increased concurrency from 64 to 64; reason: success ratio 1.000 is above threshold 0.800 and predicted RTT for 61MB at new concurrency is 53.50s < target 60.0s"},"filename":"D:\\a\\xet-core\\xet-core\\xet_client\\src\\cas_client\\adaptive_concurrency\\controller.rs","line_number":548}
{"timestamp":"2026-09-04T18:29:50.714854Z","level":"INFO","fields":{"message":"Concurrency control for download: Increased concurrency from 64 to 64; reason: success ratio 1.000 is above threshold 0.800 and predicted RTT for 61MB at new concurrency is 49.78s < target 60.0s"},"filename":"D:\\a\\xet-core\\xet-core\\xet_client\\src\\cas_client\\adaptive_concurrency\\controller.rs","line_number":548}
{"timestamp":"2026-09-04T18:29:51.217254Z","level":"INFO","fields":{"message":"Concurrency control for download: Increased concurrency from 64 to 64; reason: success ratio 1.000 is above threshold 0.800 and predicted RTT for 61MB at new concurrency is 50.17s < target 60.0s"},"filename":"D:\\a\\xet-core\\xet-core\\xet_client\\src\\cas_client\\adaptive_concurrency\\controller.rs","line_number":548}
{"timestamp":"2026-09-04T18:29:51.742856Z","level":"INFO","fields":{"message":"Concurrency control for download: Increased concurrency from 64 to 64; reason: success ratio 1.000 is above threshold 0.800 and predicted RTT for 61MB at new concurrency is 50.79s < target 60.0s"},"filename":"D:\\a\\xet-core\\xet-core\\xet_client\\src\\cas_client\\adaptive_concurrency\\controller.rs","line_number":548}
{"timestamp":"2026-09-04T18:29:52.252498Z","level":"INFO","fields":{"message":"Concurrency control for download: Increased concurrency from 64 to 64; reason: success ratio 1.000 is above threshold 0.800 and predicted RTT for 61MB at new concurrency is 52.18s < target 60.0s"},"filename":"D:\\a\\xet-core\\xet-core\\xet_client\\src\\cas_client\\adaptive_concurrency\\controller.rs","line_number":548}
{"timestamp":"2026-09-04T18:29:52.756862Z","level":"INFO","fields":{"message":"Concurrency control for download: Increased concurrency from 64 to 64; reason: success ratio 1.000 is above threshold 0.800 and predicted RTT for 61MB at new concurrency is 47.77s < target 60.0s"},"filename":"D:\\a\\xet-core\\xet-core\\xet_client\\src\\cas_client\\adaptive_concurrency\\controller.rs","line_number":548}
{"timestamp":"2026-09-04T18:29:53.257307Z","level":"INFO","fields":{"message":"Concurrency control for download: Increased concurrency from 64 to 64; reason: success ratio 1.000 is above threshold 0.800 and predicted RTT for 61MB at new concurrency is 46.77s < target 60.0s"},"filename":"D:\\a\\xet-core\\xet-core\\xet_client\\src\\cas_client\\adaptive_concurrency\\controller.rs","line_number":548}
{"timestamp":"2026-09-04T18:29:53.766448Z","level":"INFO","fields":{"message":"Concurrency control for download: Increased concurrency from 64 to 64; reason: success ratio 1.000 is above threshold 0.800 and predicted RTT for 61MB at new concurrency is 45.30s < target 60.0s"},"filename":"D:\\a\\xet-core\\xet-core\\xet_client\\src\\cas_client\\adaptive_concurrency\\controller.rs","line_number":548}
{"timestamp":"2026-09-04T18:29:57.271921Z","level":"INFO","fields":{"message":"Concurrency control for download: Increased concurrency from 64 to 64; reason: success ratio 1.000 is above threshold 0.800 and predicted RTT for 61MB at new concurrency is 59.87s < target 60.0s"},"filename":"D:\\a\\xet-core\\xet-core\\xet_client\\src\\cas_client\\adaptive_concurrency\\controller.rs","line_number":548}
{"timestamp":"2026-09-04T18:29:57.861148Z","level":"INFO","fields":{"message":"Concurrency control for download: Increased concurrency from 64 to 64; reason: success ratio 1.000 is above threshold 0.800 and predicted RTT for 61MB at new concurrency is 56.34s < target 60.0s"},"filename":"D:\\a\\xet-core\\xet-core\\xet_client\\src\\cas_client\\adaptive_concurrency\\controller.rs","line_number":548}
{"timestamp":"2026-09-04T18:29:58.248196Z","level":"INFO","fields":{"message":"Concurrency control for download: Current concurrency = 64; predicted bandwidth = 183316; success_ratio = 1.000; reference_size = 61.0MB; observed bytes sent so far = 290698918; completed transmissions = 10"},"filename":"D:\\a\\xet-core\\xet-core\\xet_client\\src\\cas_client\\adaptive_concurrency\\controller.rs","line_number":602}
{"timestamp":"2026-09-04T18:29:58.376294Z","level":"INFO","fields":{"message":"Concurrency control for download: Increased concurrency from 64 to 64; reason: success ratio 1.000 is above threshold 0.800 and predicted RTT for 61MB at new concurrency is 52.55s < target 60.0s"},"filename":"D:\\a\\xet-core\\xet-core\\xet_client\\src\\cas_client\\adaptive_concurrency\\controller.rs","line_number":548}
{"timestamp":"2026-09-04T18:29:58.897288Z","level":"INFO","fields":{"message":"Concurrency control for download: Increased concurrency from 64 to 64; reason: success ratio 1.000 is above threshold 0.800 and predicted RTT for 61MB at new concurrency is 50.85s < target 60.0s"},"filename":"D:\\a\\xet-core\\xet-core\\xet_client\\src\\cas_client\\adaptive_concurrency\\controller.rs","line_number":548}
{"timestamp":"2026-09-04T18:29:59.407715Z","level":"INFO","fields":{"message":"Concurrency control for download: Increased concurrency from 64 to 64; reason: success ratio 1.000 is above threshold 0.800 and predicted RTT for 61MB at new concurrency is 52.21s < target 60.0s"},"filename":"D:\\a\\xet-core\\xet-core\\xet_client\\src\\cas_client\\adaptive_concurrency\\controller.rs","line_number":548}
{"timestamp":"2026-09-04T18:29:59.921656Z","level":"INFO","fields":{"message":"Concurrency control for download: Increased concurrency from 64 to 64; reason: success ratio 1.000 is above threshold 0.800 and predicted RTT for 61MB at new concurrency is 52.02s < target 60.0s"},"filename":"D:\\a\\xet-core\\xet-core\\xet_client\\src\\cas_client\\adaptive_concurrency\\controller.rs","line_number":548}
{"timestamp":"2026-09-04T18:30:00.424177Z","level":"INFO","fields":{"message":"Concurrency control for download: Increased concurrency from 64 to 64; reason: success ratio 1.000 is above threshold 0.800 and predicted RTT for 61MB at new concurrency is 53.47s < target 60.0s"},"filename":"D:\\a\\xet-core\\xet-core\\xet_client\\src\\cas_client\\adaptive_concurrency\\controller.rs","line_number":548}
{"timestamp":"2026-09-04T18:30:00.933553Z","level":"INFO","fields":{"message":"Concurrency control for download: Increased concurrency from 64 to 64; reason: success ratio 1.000 is above threshold 0.800 and predicted RTT for 61MB at new concurrency is 51.84s < target 60.0s"},"filename":"D:\\a\\xet-core\\xet-core\\xet_client\\src\\cas_client\\adaptive_concurrency\\controller.rs","line_number":548}
{"timestamp":"2026-09-04T18:30:01.478647Z","level":"INFO","fields":{"message":"Concurrency control for download: Increased concurrency from 64 to 64; reason: success ratio 1.000 is above threshold 0.800 and predicted RTT for 61MB at new concurrency is 50.79s < target 60.0s"},"filename":"D:\\a\\xet-core\\xet-core\\xet_client\\src\\cas_client\\adaptive_concurrency\\controller.rs","line_number":548}
{"timestamp":"2026-09-04T18:30:02.041242Z","level":"INFO","fields":{"message":"Concurrency control for download: Increased concurrency from 64 to 64; reason: success ratio 1.000 is above threshold 0.800 and predicted RTT for 61MB at new concurrency is 53.03s < target 60.0s"},"filename":"D:\\a\\xet-core\\xet-core\\xet_client\\src\\cas_client\\adaptive_concurrency\\controller.rs","line_number":548}
{"timestamp":"2026-09-04T18:30:02.547703Z","level":"INFO","fields":{"message":"Concurrency control for download: Increased concurrency from 64 to 64; reason: success ratio 1.000 is above threshold 0.800 and predicted RTT for 61MB at new concurrency is 51.56s < target 60.0s"},"filename":"D:\\a\\xet-core\\xet-core\\xet_client\\src\\cas_client\\adaptive_concurrency\\controller.rs","line_number":548}
{"timestamp":"2026-09-04T18:30:03.048297Z","level":"INFO","fields":{"message":"Concurrency control for download: Increased concurrency from 64 to 64; reason: success ratio 1.000 is above threshold 0.800 and predicted RTT for 61MB at new concurrency is 49.34s < target 60.0s"},"filename":"D:\\a\\xet-core\\xet-core\\xet_client\\src\\cas_client\\adaptive_concurrency\\controller.rs","line_number":548}
{"timestamp":"2026-09-04T18:30:03.563067Z","level":"INFO","fields":{"message":"Concurrency control for download: Increased concurrency from 64 to 64; reason: success ratio 1.000 is above threshold 0.800 and predicted RTT for 61MB at new concurrency is 47.25s < target 60.0s"},"filename":"D:\\a\\xet-core\\xet-core\\xet_client\\src\\cas_client\\adaptive_concurrency\\controller.rs","line_number":548}
{"timestamp":"2026-09-04T18:30:04.067473Z","level":"INFO","fields":{"message":"Concurrency control for download: Increased concurrency from 64 to 64; reason: success ratio 1.000 is above threshold 0.800 and predicted RTT for 61MB at new concurrency is 46.47s < target 60.0s"},"filename":"D:\\a\\xet-core\\xet-core\\xet_client\\src\\cas_client\\adaptive_concurrency\\controller.rs","line_number":548}
{"timestamp":"2026-09-04T18:30:04.581844Z","level":"INFO","fields":{"message":"Concurrency control for download: Increased concurrency from 64 to 64; reason: success ratio 1.000 is above threshold 0.800 and predicted RTT for 61MB at new concurrency is 47.64s < target 60.0s"},"filename":"D:\\a\\xet-core\\xet-core\\xet_client\\src\\cas_client\\adaptive_concurrency\\controller.rs","line_number":548}
{"timestamp":"2026-09-04T18:30:05.083850Z","level":"INFO","fields":{"message":"Concurrency control for download: Increased concurrency from 64 to 64; reason: success ratio 1.000 is above threshold 0.800 and predicted RTT for 61MB at new concurrency is 46.18s < target 60.0s"},"filename":"D:\\a\\xet-core\\xet-core\\xet_client\\src\\cas_client\\adaptive_concurrency\\controller.rs","line_number":548}
{"timestamp":"2026-09-04T18:30:05.615428Z","level":"INFO","fields":{"message":"Concurrency control for download: Increased concurrency from 64 to 64; reason: success ratio 1.000 is above threshold 0.800 and predicted RTT for 61MB at new concurrency is 42.31s < target 60.0s"},"filename":"D:\\a\\xet-core\\xet-core\\xet_client\\src\\cas_client\\adaptive_concurrency\\controller.rs","line_number":548}
{"timestamp":"2026-09-04T18:30:06.128253Z","level":"INFO","fields":{"message":"Concurrency control for download: Increased concurrency from 64 to 64; reason: success ratio 1.000 is above threshold 0.800 and predicted RTT for 61MB at new concurrency is 41.31s < target 60.0s"},"filename":"D:\\a\\xet-core\\xet-core\\xet_client\\src\\cas_client\\adaptive_concurrency\\controller.rs","line_number":548}
{"timestamp":"2026-09-04T18:30:06.692933Z","level":"INFO","fields":{"message":"Concurrency control for download: Increased concurrency from 64 to 64; reason: success ratio 1.000 is above threshold 0.800 and predicted RTT for 61MB at new concurrency is 39.54s < target 60.0s"},"filename":"D:\\a\\xet-core\\xet-core\\xet_client\\src\\cas_client\\adaptive_concurrency\\controller.rs","line_number":548}
{"timestamp":"2026-09-04T18:30:07.221291Z","level":"INFO","fields":{"message":"Concurrency control for download: Increased concurrency from 64 to 64; reason: success ratio 1.000 is above threshold 0.800 and predicted RTT for 61MB at new concurrency is 40.40s < target 60.0s"},"filename":"D:\\a\\xet-core\\xet-core\\xet_client\\src\\cas_client\\adaptive_concurrency\\controller.rs","line_number":548}
{"timestamp":"2026-09-04T18:30:07.729619Z","level":"INFO","fields":{"message":"Concurrency control for download: Increased concurrency from 64 to 64; reason: success ratio 1.000 is above threshold 0.800 and predicted RTT for 61MB at new concurrency is 38.88s < target 60.0s"},"filename":"D:\\a\\xet-core\\xet-core\\xet_client\\src\\cas_client\\adaptive_concurrency\\controller.rs","line_number":548}
{"timestamp":"2026-09-04T18:30:08.235804Z","level":"INFO","fields":{"message":"Concurrency control for download: Increased concurrency from 64 to 64; reason: success ratio 1.000 is above threshold 0.800 and predicted RTT for 61MB at new concurrency is 38.49s < target 60.0s"},"filename":"D:\\a\\xet-core\\xet-core\\xet_client\\src\\cas_client\\adaptive_concurrency\\controller.rs","line_number":548}
{"timestamp":"2026-09-04T18:30:08.265824Z","level":"INFO","fields":{"message":"Concurrency control for download: Current concurrency = 64; predicted bandwidth = 155024; success_ratio = 1.000; reference_size = 61.0MB; observed bytes sent so far = 335279782; completed transmissions = 10"},"filename":"D:\\a\\xet-core\\xet-core\\xet_client\\src\\cas_client\\adaptive_concurrency\\controller.rs","line_number":602}
{"timestamp":"2026-09-04T18:30:08.736831Z","level":"INFO","fields":{"message":"Concurrency control for download: Increased concurrency from 64 to 64; reason: success ratio 1.000 is above threshold 0.800 and predicted RTT for 61MB at new concurrency is 36.71s < target 60.0s"},"filename":"D:\\a\\xet-core\\xet-core\\xet_client\\src\\cas_client\\adaptive_concurrency\\controller.rs","line_number":548}
{"timestamp":"2026-09-04T18:30:09.237112Z","level":"INFO","fields":{"message":"Concurrency control for download: Increased concurrency from 64 to 64; reason: success ratio 1.000 is above threshold 0.800 and predicted RTT for 61MB at new concurrency is 38.29s < target 60.0s"},"filename":"D:\\a\\xet-core\\xet-core\\xet_client\\src\\cas_client\\adaptive_concurrency\\controller.rs","line_number":548}
{"timestamp":"2026-09-04T18:30:09.739948Z","level":"INFO","fields":{"message":"Concurrency control for download: Increased concurrency from 64 to 64; reason: success ratio 1.000 is above threshold 0.800 and predicted RTT for 61MB at new concurrency is 39.72s < target 60.0s"},"filename":"D:\\a\\xet-core\\xet-core\\xet_client\\src\\cas_client\\adaptive_concurrency\\controller.rs","line_number":548}
{"timestamp":"2026-09-04T18:30:10.273797Z","level":"INFO","fields":{"message":"Concurrency control for download: Increased concurrency from 64 to 64; reason: success ratio 1.000 is above threshold 0.800 and predicted RTT for 61MB at new concurrency is 39.30s < target 60.0s"},"filename":"D:\\a\\xet-core\\xet-core\\xet_client\\src\\cas_client\\adaptive_concurrency\\controller.rs","line_number":548}
{"timestamp":"2026-09-04T18:30:18.087779Z","level":"INFO","fields":{"message":"Concurrency control for download: Increased concurrency from 64 to 64; reason: success ratio 1.000 is above threshold 0.800 and predicted RTT for 61MB at new concurrency is 58.44s < target 60.0s"},"filename":"D:\\a\\xet-core\\xet-core\\xet_client\\src\\cas_client\\adaptive_concurrency\\controller.rs","line_number":548}
{"timestamp":"2026-09-04T18:30:18.270617Z","level":"INFO","fields":{"message":"Concurrency control for download: Current concurrency = 64; predicted bandwidth = 137127; success_ratio = 1.000; reference_size = 61.0MB; observed bytes sent so far = 379933971; completed transmissions = 11"},"filename":"D:\\a\\xet-core\\xet-core\\xet_client\\src\\cas_client\\adaptive_concurrency\\controller.rs","line_number":602}
{"timestamp":"2026-09-04T18:30:18.598165Z","level":"INFO","fields":{"message":"Concurrency control for download: Increased concurrency from 64 to 64; reason: success ratio 1.000 is above threshold 0.800 and predicted RTT for 61MB at new concurrency is 51.63s < target 60.0s"},"filename":"D:\\a\\xet-core\\xet-core\\xet_client\\src\\cas_client\\adaptive_concurrency\\controller.rs","line_number":548}
{"timestamp":"2026-09-04T18:30:19.118162Z","level":"INFO","fields":{"message":"Concurrency control for download: Increased concurrency from 64 to 64; reason: success ratio 1.000 is above threshold 0.800 and predicted RTT for 61MB at new concurrency is 48.00s < target 60.0s"},"filename":"D:\\a\\xet-core\\xet-core\\xet_client\\src\\cas_client\\adaptive_concurrency\\controller.rs","line_number":548}
{"timestamp":"2026-09-04T18:30:19.631500Z","level":"INFO","fields":{"message":"Concurrency control for download: Increased concurrency from 64 to 64; reason: success ratio 1.000 is above threshold 0.800 and predicted RTT for 61MB at new concurrency is 43.68s < target 60.0s"},"filename":"D:\\a\\xet-core\\xet-core\\xet_client\\src\\cas_client\\adaptive_concurrency\\controller.rs","line_number":548}
{"timestamp":"2026-09-04T18:30:20.192345Z","level":"INFO","fields":{"message":"Concurrency control for download: Increased concurrency from 64 to 64; reason: success ratio 1.000 is above threshold 0.800 and predicted RTT for 61MB at new concurrency is 37.12s < target 60.0s"},"filename":"D:\\a\\xet-core\\xet-core\\xet_client\\src\\cas_client\\adaptive_concurrency\\controller.rs","line_number":548}
{"timestamp":"2026-09-04T18:30:20.754769Z","level":"INFO","fields":{"message":"Concurrency control for download: Increased concurrency from 64 to 64; reason: success ratio 1.000 is above threshold 0.800 and predicted RTT for 61MB at new concurrency is 35.64s < target 60.0s"},"filename":"D:\\a\\xet-core\\xet-core\\xet_client\\src\\cas_client\\adaptive_concurrency\\controller.rs","line_number":548}
{"timestamp":"2026-09-04T18:30:21.305901Z","level":"INFO","fields":{"message":"Concurrency control for download: Increased concurrency from 64 to 64; reason: success ratio 1.000 is above threshold 0.800 and predicted RTT for 61MB at new concurrency is 31.67s < target 60.0s"},"filename":"D:\\a\\xet-core\\xet-core\\xet_client\\src\\cas_client\\adaptive_concurrency\\controller.rs","line_number":548}
{"timestamp":"2026-09-04T18:30:21.811558Z","level":"INFO","fields":{"message":"Concurrency control for download: Increased concurrency from 64 to 64; reason: success ratio 1.000 is above threshold 0.800 and predicted RTT for 61MB at new concurrency is 30.19s < target 60.0s"},"filename":"D:\\a\\xet-core\\xet-core\\xet_client\\src\\cas_client\\adaptive_concurrency\\controller.rs","line_number":548}
{"timestamp":"2026-09-04T18:30:22.334834Z","level":"INFO","fields":{"message":"Concurrency control for download: Increased concurrency from 64 to 64; reason: success ratio 1.000 is above threshold 0.800 and predicted RTT for 61MB at new concurrency is 31.32s < target 60.0s"},"filename":"D:\\a\\xet-core\\xet-core\\xet_client\\src\\cas_client\\adaptive_concurrency\\controller.rs","line_number":548}
{"timestamp":"2026-09-04T18:30:22.836845Z","level":"INFO","fields":{"message":"Concurrency control for download: Increased concurrency from 64 to 64; reason: success ratio 1.000 is above threshold 0.800 and predicted RTT for 61MB at new concurrency is 29.05s < target 60.0s"},"filename":"D:\\a\\xet-core\\xet-core\\xet_client\\src\\cas_client\\adaptive_concurrency\\controller.rs","line_number":548}
{"timestamp":"2026-09-04T18:30:23.348708Z","level":"INFO","fields":{"message":"Concurrency control for download: Increased concurrency from 64 to 64; reason: success ratio 1.000 is above threshold 0.800 and predicted RTT for 61MB at new concurrency is 28.42s < target 60.0s"},"filename":"D:\\a\\xet-core\\xet-core\\xet_client\\src\\cas_client\\adaptive_concurrency\\controller.rs","line_number":548}
{"timestamp":"2026-09-04T18:30:23.892076Z","level":"INFO","fields":{"message":"Concurrency control for download: Increased concurrency from 64 to 64; reason: success ratio 1.000 is above threshold 0.800 and predicted RTT for 61MB at new concurrency is 29.18s < target 60.0s"},"filename":"D:\\a\\xet-core\\xet-core\\xet_client\\src\\cas_client\\adaptive_concurrency\\controller.rs","line_number":548}
{"timestamp":"2026-09-04T18:30:24.435396Z","level":"INFO","fields":{"message":"Concurrency control for download: Decreased concurrency from 64 to 63; reason: success ratio below threshold (connection struggling) (success_ratio = 1.000, threshold = 0.500)"},"filename":"D:\\a\\xet-core\\xet-core\\xet_client\\src\\cas_client\\adaptive_concurrency\\controller.rs","line_number":586}
{"timestamp":"2026-09-04T18:30:24.957054Z","level":"INFO","fields":{"message":"Concurrency control for download: Increased concurrency from 63 to 64; reason: success ratio 1.000 is above threshold 0.800 and predicted RTT for 61MB at new concurrency is 55.45s < target 60.0s"},"filename":"D:\\a\\xet-core\\xet-core\\xet_client\\src\\cas_client\\adaptive_concurrency\\controller.rs","line_number":548}
{"timestamp":"2026-09-04T18:30:25.458017Z","level":"INFO","fields":{"message":"Concurrency control for download: Increased concurrency from 64 to 64; reason: success ratio 1.000 is above threshold 0.800 and predicted RTT for 61MB at new concurrency is 47.53s < target 60.0s"},"filename":"D:\\a\\xet-core\\xet-core\\xet_client\\src\\cas_client\\adaptive_concurrency\\controller.rs","line_number":548}
{"timestamp":"2026-09-04T18:30:25.958376Z","level":"INFO","fields":{"message":"Concurrency control for download: Increased concurrency from 64 to 64; reason: success ratio 1.000 is above threshold 0.800 and predicted RTT for 61MB at new concurrency is 40.43s < target 60.0s"},"filename":"D:\\a\\xet-core\\xet-core\\xet_client\\src\\cas_client\\adaptive_concurrency\\controller.rs","line_number":548}
{"timestamp":"2026-09-04T18:30:26.458381Z","level":"INFO","fields":{"message":"Concurrency control for download: Increased concurrency from 64 to 64; reason: success ratio 1.000 is above threshold 0.800 and predicted RTT for 61MB at new concurrency is 32.56s < target 60.0s"},"filename":"D:\\a\\xet-core\\xet-core\\xet_client\\src\\cas_client\\adaptive_concurrency\\controller.rs","line_number":548}
{"timestamp":"2026-09-04T18:30:26.973491Z","level":"INFO","fields":{"message":"Concurrency control for download: Increased concurrency from 64 to 64; reason: success ratio 1.000 is above threshold 0.800 and predicted RTT for 61MB at new concurrency is 23.16s < target 60.0s"},"filename":"D:\\a\\xet-core\\xet-core\\xet_client\\src\\cas_client\\adaptive_concurrency\\controller.rs","line_number":548}
{"timestamp":"2026-09-04T18:30:27.489035Z","level":"INFO","fields":{"message":"Concurrency control for download: Increased concurrency from 64 to 64; reason: success ratio 1.000 is above threshold 0.800 and predicted RTT for 61MB at new concurrency is 21.52s < target 60.0s"},"filename":"D:\\a\\xet-core\\xet-core\\xet_client\\src\\cas_client\\adaptive_concurrency\\controller.rs","line_number":548}
{"timestamp":"2026-09-04T18:30:27.991659Z","level":"INFO","fields":{"message":"Concurrency control for download: Increased concurrency from 64 to 64; reason: success ratio 1.000 is above threshold 0.800 and predicted RTT for 61MB at new concurrency is 7.26s < target 60.0s"},"filename":"D:\\a\\xet-core\\xet-core\\xet_client\\src\\cas_client\\adaptive_concurrency\\controller.rs","line_number":548}
{"timestamp":"2026-09-04T18:30:28.283787Z","level":"INFO","fields":{"message":"Concurrency control for download: Current concurrency = 64; predicted bandwidth = 113162; success_ratio = 1.000; reference_size = 61.0MB; observed bytes sent so far = 423814046; completed transmissions = 12"},"filename":"D:\\a\\xet-core\\xet-core\\xet_client\\src\\cas_client\\adaptive_concurrency\\controller.rs","line_number":602}
{"timestamp":"2026-09-04T18:30:28.544104Z","level":"INFO","fields":{"message":"Concurrency control for download: Increased concurrency from 64 to 64; reason: success ratio 1.000 is above threshold 0.800 and predicted RTT for 61MB at new concurrency is 1.82s < target 60.0s"},"filename":"D:\\a\\xet-core\\xet-core\\xet_client\\src\\cas_client\\adaptive_concurrency\\controller.rs","line_number":548}
{"timestamp":"2026-09-04T18:30:29.045115Z","level":"INFO","fields":{"message":"Concurrency control for download: Increased concurrency from 64 to 64; reason: success ratio 1.000 is above threshold 0.800 and predicted RTT for 61MB at new concurrency is 0.00s < target 60.0s"},"filename":"D:\\a\\xet-core\\xet-core\\xet_client\\src\\cas_client\\adaptive_concurrency\\controller.rs","line_number":548}
{"timestamp":"2026-09-04T18:30:29.560808Z","level":"INFO","fields":{"message":"Concurrency control for download: Increased concurrency from 64 to 64; reason: success ratio 1.000 is above threshold 0.800 and predicted RTT for 61MB at new concurrency is 0.00s < target 60.0s"},"filename":"D:\\a\\xet-core\\xet-core\\xet_client\\src\\cas_client\\adaptive_concurrency\\controller.rs","line_number":548}
{"timestamp":"2026-09-04T18:30:30.063258Z","level":"INFO","fields":{"message":"Concurrency control for download: Increased concurrency from 64 to 64; reason: success ratio 1.000 is above threshold 0.800 and predicted RTT for 61MB at new concurrency is 0.00s < target 60.0s"},"filename":"D:\\a\\xet-core\\xet-core\\xet_client\\src\\cas_client\\adaptive_concurrency\\controller.rs","line_number":548}
{"timestamp":"2026-09-04T18:30:30.567997Z","level":"INFO","fields":{"message":"Concurrency control for download: Increased concurrency from 64 to 64; reason: success ratio 1.000 is above threshold 0.800 and predicted RTT for 61MB at new concurrency is 0.00s < target 60.0s"},"filename":"D:\\a\\xet-core\\xet-core\\xet_client\\src\\cas_client\\adaptive_concurrency\\controller.rs","line_number":548}
{"timestamp":"2026-09-04T18:30:31.092258Z","level":"INFO","fields":{"message":"Concurrency control for download: Increased concurrency from 64 to 64; reason: success ratio 1.000 is above threshold 0.800 and predicted RTT for 61MB at new concurrency is 0.00s < target 60.0s"},"filename":"D:\\a\\xet-core\\xet-core\\xet_client\\src\\cas_client\\adaptive_concurrency\\controller.rs","line_number":548}
{"timestamp":"2026-09-04T18:30:31.594378Z","level":"INFO","fields":{"message":"Concurrency control for download: Increased concurrency from 64 to 64; reason: success ratio 1.000 is above threshold 0.800 and predicted RTT for 61MB at new concurrency is 0.00s < target 60.0s"},"filename":"D:\\a\\xet-core\\xet-core\\xet_client\\src\\cas_client\\adaptive_concurrency\\controller.rs","line_number":548}
{"timestamp":"2026-09-04T18:30:32.117508Z","level":"INFO","fields":{"message":"Concurrency control for download: Increased concurrency from 64 to 64; reason: success ratio 1.000 is above threshold 0.800 and predicted RTT for 61MB at new concurrency is 0.00s < target 60.0s"},"filename":"D:\\a\\xet-core\\xet-core\\xet_client\\src\\cas_client\\adaptive_concurrency\\controller.rs","line_number":548}
{"timestamp":"2026-09-04T18:30:32.718556Z","level":"INFO","fields":{"message":"Concurrency control for download: Increased concurrency from 64 to 64; reason: success ratio 1.000 is above threshold 0.800 and predicted RTT for 61MB at new concurrency is 0.00s < target 60.0s"},"filename":"D:\\a\\xet-core\\xet-core\\xet_client\\src\\cas_client\\adaptive_concurrency\\controller.rs","line_number":548}
{"timestamp":"2026-09-04T18:30:33.221258Z","level":"INFO","fields":{"message":"Concurrency control for download: Increased concurrency from 64 to 64; reason: success ratio 1.000 is above threshold 0.800 and predicted RTT for 61MB at new concurrency is 0.00s < target 60.0s"},"filename":"D:\\a\\xet-core\\xet-core\\xet_client\\src\\cas_client\\adaptive_concurrency\\controller.rs","line_number":548}
{"timestamp":"2026-09-04T18:30:33.764744Z","level":"INFO","fields":{"message":"Concurrency control for download: Increased concurrency from 64 to 64; reason: success ratio 1.000 is above threshold 0.800 and predicted RTT for 61MB at new concurrency is 0.00s < target 60.0s"},"filename":"D:\\a\\xet-core\\xet-core\\xet_client\\src\\cas_client\\adaptive_concurrency\\controller.rs","line_number":548}
{"timestamp":"2026-09-04T18:30:34.322431Z","level":"INFO","fields":{"message":"Concurrency control for download: Increased concurrency from 64 to 64; reason: success ratio 1.000 is above threshold 0.800 and predicted RTT for 61MB at new concurrency is 0.00s < target 60.0s"},"filename":"D:\\a\\xet-core\\xet-core\\xet_client\\src\\cas_client\\adaptive_concurrency\\controller.rs","line_number":548}
{"timestamp":"2026-09-04T18:30:34.829738Z","level":"INFO","fields":{"message":"Concurrency control for download: Increased concurrency from 64 to 64; reason: success ratio 1.000 is above threshold 0.800 and predicted RTT for 61MB at new concurrency is 0.00s < target 60.0s"},"filename":"D:\\a\\xet-core\\xet-core\\xet_client\\src\\cas_client\\adaptive_concurrency\\controller.rs","line_number":548}
{"timestamp":"2026-09-04T18:30:35.348726Z","level":"INFO","fields":{"message":"Concurrency control for download: Increased concurrency from 64 to 64; reason: success ratio 1.000 is above threshold 0.800 and predicted RTT for 61MB at new concurrency is 1.50s < target 60.0s"},"filename":"D:\\a\\xet-core\\xet-core\\xet_client\\src\\cas_client\\adaptive_concurrency\\controller.rs","line_number":548}
{"timestamp":"2026-09-04T18:30:35.861765Z","level":"INFO","fields":{"message":"Concurrency control for download: Increased concurrency from 64 to 64; reason: success ratio 1.000 is above threshold 0.800 and predicted RTT for 61MB at new concurrency is 5.23s < target 60.0s"},"filename":"D:\\a\\xet-core\\xet-core\\xet_client\\src\\cas_client\\adaptive_concurrency\\controller.rs","line_number":548}
{"timestamp":"2026-09-04T18:30:36.414892Z","level":"INFO","fields":{"message":"Concurrency control for download: Increased concurrency from 64 to 64; reason: success ratio 1.000 is above threshold 0.800 and predicted RTT for 61MB at new concurrency is 11.89s < target 60.0s"},"filename":"D:\\a\\xet-core\\xet-core\\xet_client\\src\\cas_client\\adaptive_concurrency\\controller.rs","line_number":548}
{"timestamp":"2026-09-04T18:30:36.953612Z","level":"INFO","fields":{"message":"Concurrency control for download: Increased concurrency from 64 to 64; reason: success ratio 1.000 is above threshold 0.800 and predicted RTT for 61MB at new concurrency is 14.95s < target 60.0s"},"filename":"D:\\a\\xet-core\\xet-core\\xet_client\\src\\cas_client\\adaptive_concurrency\\controller.rs","line_number":548}
{"timestamp":"2026-09-04T18:30:37.453644Z","level":"INFO","fields":{"message":"Concurrency control for download: Increased concurrency from 64 to 64; reason: success ratio 1.000 is above threshold 0.800 and predicted RTT for 61MB at new concurrency is 17.37s < target 60.0s"},"filename":"D:\\a\\xet-core\\xet-core\\xet_client\\src\\cas_client\\adaptive_concurrency\\controller.rs","line_number":548}
{"timestamp":"2026-09-04T18:30:37.989875Z","level":"INFO","fields":{"message":"Concurrency control for download: Increased concurrency from 64 to 64; reason: success ratio 1.000 is above threshold 0.800 and predicted RTT for 61MB at new concurrency is 17.75s < target 60.0s"},"filename":"D:\\a\\xet-core\\xet-core\\xet_client\\src\\cas_client\\adaptive_concurrency\\controller.rs","line_number":548}
{"timestamp":"2026-09-04T18:30:38.314347Z","level":"INFO","fields":{"message":"Concurrency control for download: Current concurrency = 64; predicted bandwidth = 101656; success_ratio = 1.000; reference_size = 61.0MB; observed bytes sent so far = 478258078; completed transmissions = 12"},"filename":"D:\\a\\xet-core\\xet-core\\xet_client\\src\\cas_client\\adaptive_concurrency\\controller.rs","line_number":602}
{"timestamp":"2026-09-04T18:30:38.538494Z","level":"INFO","fields":{"message":"Concurrency control for download: Increased concurrency from 64 to 64; reason: success ratio 1.000 is above threshold 0.800 and predicted RTT for 61MB at new concurrency is 21.51s < target 60.0s"},"filename":"D:\\a\\xet-core\\xet-core\\xet_client\\src\\cas_client\\adaptive_concurrency\\controller.rs","line_number":548}
{"timestamp":"2026-09-04T18:30:39.130886Z","level":"INFO","fields":{"message":"Concurrency control for download: Increased concurrency from 64 to 64; reason: success ratio 1.000 is above threshold 0.800 and predicted RTT for 61MB at new concurrency is 17.04s < target 60.0s"},"filename":"D:\\a\\xet-core\\xet-core\\xet_client\\src\\cas_client\\adaptive_concurrency\\controller.rs","line_number":548}
{"timestamp":"2026-09-04T18:30:39.640714Z","level":"INFO","fields":{"message":"Concurrency control for download: Increased concurrency from 64 to 64; reason: success ratio 1.000 is above threshold 0.800 and predicted RTT for 61MB at new concurrency is 20.38s < target 60.0s"},"filename":"D:\\a\\xet-core\\xet-core\\xet_client\\src\\cas_client\\adaptive_concurrency\\controller.rs","line_number":548}
{"timestamp":"2026-09-04T18:30:40.275538Z","level":"INFO","fields":{"message":"Concurrency control for download: Increased concurrency from 64 to 64; reason: success ratio 1.000 is above threshold 0.800 and predicted RTT for 61MB at new concurrency is 20.63s < target 60.0s"},"filename":"D:\\a\\xet-core\\xet-core\\xet_client\\src\\cas_client\\adaptive_concurrency\\controller.rs","line_number":548}
{"timestamp":"2026-09-04T18:30:40.812161Z","level":"INFO","fields":{"message":"Concurrency control for download: Increased concurrency from 64 to 64; reason: success ratio 1.000 is above threshold 0.800 and predicted RTT for 61MB at new concurrency is 23.85s < target 60.0s"},"filename":"D:\\a\\xet-core\\xet-core\\xet_client\\src\\cas_client\\adaptive_concurrency\\controller.rs","line_number":548}
{"timestamp":"2026-09-04T18:30:41.314951Z","level":"INFO","fields":{"message":"Concurrency control for download: Increased concurrency from 64 to 64; reason: success ratio 1.000 is above threshold 0.800 and predicted RTT for 61MB at new concurrency is 22.30s < target 60.0s"},"filename":"D:\\a\\xet-core\\xet-core\\xet_client\\src\\cas_client\\adaptive_concurrency\\controller.rs","line_number":548}
{"timestamp":"2026-09-04T18:30:41.843088Z","level":"INFO","fields":{"message":"Concurrency control for download: Increased concurrency from 64 to 64; reason: success ratio 1.000 is above threshold 0.800 and predicted RTT for 61MB at new concurrency is 25.32s < target 60.0s"},"filename":"D:\\a\\xet-core\\xet-core\\xet_client\\src\\cas_client\\adaptive_concurrency\\controller.rs","line_number":548}
{"timestamp":"2026-09-04T18:30:42.350757Z","level":"INFO","fields":{"message":"Concurrency control for download: Increased concurrency from 64 to 64; reason: success ratio 1.000 is above threshold 0.800 and predicted RTT for 61MB at new concurrency is 25.02s < target 60.0s"},"filename":"D:\\a\\xet-core\\xet-core\\xet_client\\src\\cas_client\\adaptive_concurrency\\controller.rs","line_number":548}
{"timestamp":"2026-09-04T18:30:42.856247Z","level":"INFO","fields":{"message":"Concurrency control for download: Increased concurrency from 64 to 64; reason: success ratio 1.000 is above threshold 0.800 and predicted RTT for 61MB at new concurrency is 26.23s < target 60.0s"},"filename":"D:\\a\\xet-core\\xet-core\\xet_client\\src\\cas_client\\adaptive_concurrency\\controller.rs","line_number":548}
{"timestamp":"2026-09-04T18:30:43.371842Z","level":"INFO","fields":{"message":"Concurrency control for download: Increased concurrency from 64 to 64; reason: success ratio 1.000 is above threshold 0.800 and predicted RTT for 61MB at new concurrency is 25.42s < target 60.0s"},"filename":"D:\\a\\xet-core\\xet-core\\xet_client\\src\\cas_client\\adaptive_concurrency\\controller.rs","line_number":548}
{"timestamp":"2026-09-04T18:30:43.881185Z","level":"INFO","fields":{"message":"Concurrency control for download: Increased concurrency from 64 to 64; reason: success ratio 1.000 is above threshold 0.800 and predicted RTT for 61MB at new concurrency is 27.26s < target 60.0s"},"filename":"D:\\a\\xet-core\\xet-core\\xet_client\\src\\cas_client\\adaptive_concurrency\\controller.rs","line_number":548}
{"timestamp":"2026-09-04T18:30:44.383956Z","level":"INFO","fields":{"message":"Concurrency control for download: Increased concurrency from 64 to 64; reason: success ratio 1.000 is above threshold 0.800 and predicted RTT for 61MB at new concurrency is 33.83s < target 60.0s"},"filename":"D:\\a\\xet-core\\xet-core\\xet_client\\src\\cas_client\\adaptive_concurrency\\controller.rs","line_number":548}
{"timestamp":"2026-09-04T18:30:44.941938Z","level":"INFO","fields":{"message":"Concurrency control for download: Increased concurrency from 64 to 64; reason: success ratio 1.000 is above threshold 0.800 and predicted RTT for 61MB at new concurrency is 28.79s < target 60.0s"},"filename":"D:\\a\\xet-core\\xet-core\\xet_client\\src\\cas_client\\adaptive_concurrency\\controller.rs","line_number":548}
{"timestamp":"2026-09-04T18:30:45.448333Z","level":"INFO","fields":{"message":"Concurrency control for download: Increased concurrency from 64 to 64; reason: success ratio 1.000 is above threshold 0.800 and predicted RTT for 61MB at new concurrency is 33.15s < target 60.0s"},"filename":"D:\\a\\xet-core\\xet-core\\xet_client\\src\\cas_client\\adaptive_concurrency\\controller.rs","line_number":548}
{"timestamp":"2026-09-04T18:30:45.989461Z","level":"INFO","fields":{"message":"Concurrency control for download: Increased concurrency from 64 to 64; reason: success ratio 1.000 is above threshold 0.800 and predicted RTT for 61MB at new concurrency is 31.91s < target 60.0s"},"filename":"D:\\a\\xet-core\\xet-core\\xet_client\\src\\cas_client\\adaptive_concurrency\\controller.rs","line_number":548}
{"timestamp":"2026-09-04T18:30:46.531274Z","level":"INFO","fields":{"message":"Concurrency control for download: Increased concurrency from 64 to 64; reason: success ratio 1.000 is above threshold 0.800 and predicted RTT for 61MB at new concurrency is 31.16s < target 60.0s"},"filename":"D:\\a\\xet-core\\xet-core\\xet_client\\src\\cas_client\\adaptive_concurrency\\controller.rs","line_number":548}
{"timestamp":"2026-09-04T18:30:47.044281Z","level":"INFO","fields":{"message":"Concurrency control for download: Increased concurrency from 64 to 64; reason: success ratio 1.000 is above threshold 0.800 and predicted RTT for 61MB at new concurrency is 34.68s < target 60.0s"},"filename":"D:\\a\\xet-core\\xet-core\\xet_client\\src\\cas_client\\adaptive_concurrency\\controller.rs","line_number":548}
{"timestamp":"2026-09-04T18:30:47.546045Z","level":"INFO","fields":{"message":"Concurrency control for download: Increased concurrency from 64 to 64; reason: success ratio 1.000 is above threshold 0.800 and predicted RTT for 61MB at new concurrency is 33.56s < target 60.0s"},"filename":"D:\\a\\xet-core\\xet-core\\xet_client\\src\\cas_client\\adaptive_concurrency\\controller.rs","line_number":548}
{"timestamp":"2026-09-04T18:30:48.048484Z","level":"INFO","fields":{"message":"Concurrency control for download: Increased concurrency from 64 to 64; reason: success ratio 1.000 is above threshold 0.800 and predicted RTT for 61MB at new concurrency is 35.12s < target 60.0s"},"filename":"D:\\a\\xet-core\\xet-core\\xet_client\\src\\cas_client\\adaptive_concurrency\\controller.rs","line_number":548}
{"timestamp":"2026-09-04T18:30:48.329423Z","level":"INFO","fields":{"message":"Concurrency control for download: Current concurrency = 64; predicted bandwidth = 91615; success_ratio = 1.000; reference_size = 61.0MB; observed bytes sent so far = 531948446; completed transmissions = 12"},"filename":"D:\\a\\xet-core\\xet-core\\xet_client\\src\\cas_client\\adaptive_concurrency\\controller.rs","line_number":602}
{"timestamp":"2026-09-04T18:30:48.597689Z","level":"INFO","fields":{"message":"Concurrency control for download: Increased concurrency from 64 to 64; reason: success ratio 1.000 is above threshold 0.800 and predicted RTT for 61MB at new concurrency is 31.79s < target 60.0s"},"filename":"D:\\a\\xet-core\\xet-core\\xet_client\\src\\cas_client\\adaptive_concurrency\\controller.rs","line_number":548}
{"timestamp":"2026-09-04T18:30:49.105222Z","level":"INFO","fields":{"message":"Concurrency control for download: Increased concurrency from 64 to 64; reason: success ratio 1.000 is above threshold 0.800 and predicted RTT for 61MB at new concurrency is 36.02s < target 60.0s"},"filename":"D:\\a\\xet-core\\xet-core\\xet_client\\src\\cas_client\\adaptive_concurrency\\controller.rs","line_number":548}
{"timestamp":"2026-09-04T18:30:49.688021Z","level":"INFO","fields":{"message":"Concurrency control for download: Increased concurrency from 64 to 64; reason: success ratio 1.000 is above threshold 0.800 and predicted RTT for 61MB at new concurrency is 31.51s < target 60.0s"},"filename":"D:\\a\\xet-core\\xet-core\\xet_client\\src\\cas_client\\adaptive_concurrency\\controller.rs","line_number":548}
{"timestamp":"2026-09-04T18:30:50.211067Z","level":"INFO","fields":{"message":"Concurrency control for download: Increased concurrency from 64 to 64; reason: success ratio 1.000 is above threshold 0.800 and predicted RTT for 61MB at new concurrency is 31.79s < target 60.0s"},"filename":"D:\\a\\xet-core\\xet-core\\xet_client\\src\\cas_client\\adaptive_concurrency\\controller.rs","line_number":548}
{"timestamp":"2026-09-04T18:30:50.741710Z","level":"INFO","fields":{"message":"Concurrency control for download: Increased concurrency from 64 to 64; reason: success ratio 1.000 is above threshold 0.800 and predicted RTT for 61MB at new concurrency is 36.87s < target 60.0s"},"filename":"D:\\a\\xet-core\\xet-core\\xet_client\\src\\cas_client\\adaptive_concurrency\\controller.rs","line_number":548}
{"timestamp":"2026-09-04T18:30:51.259002Z","level":"INFO","fields":{"message":"Concurrency control for download: Increased concurrency from 64 to 64; reason: success ratio 1.000 is above threshold 0.800 and predicted RTT for 61MB at new concurrency is 35.27s < target 60.0s"},"filename":"D:\\a\\xet-core\\xet-core\\xet_client\\src\\cas_client\\adaptive_concurrency\\controller.rs","line_number":548}
{"timestamp":"2026-09-04T18:30:51.765873Z","level":"INFO","fields":{"message":"Concurrency control for download: Increased concurrency from 64 to 64; reason: success ratio 1.000 is above threshold 0.800 and predicted RTT for 61MB at new concurrency is 36.20s < target 60.0s"},"filename":"D:\\a\\xet-core\\xet-core\\xet_client\\src\\cas_client\\adaptive_concurrency\\controller.rs","line_number":548}
{"timestamp":"2026-09-04T18:30:52.290180Z","level":"INFO","fields":{"message":"Concurrency control for download: Increased concurrency from 64 to 64; reason: success ratio 1.000 is above threshold 0.800 and predicted RTT for 61MB at new concurrency is 37.28s < target 60.0s"},"filename":"D:\\a\\xet-core\\xet-core\\xet_client\\src\\cas_client\\adaptive_concurrency\\controller.rs","line_number":548}
{"timestamp":"2026-09-04T18:30:52.793443Z","level":"INFO","fields":{"message":"Concurrency control for download: Increased concurrency from 64 to 64; reason: success ratio 1.000 is above threshold 0.800 and predicted RTT for 61MB at new concurrency is 40.87s < target 60.0s"},"filename":"D:\\a\\xet-core\\xet-core\\xet_client\\src\\cas_client\\adaptive_concurrency\\controller.rs","line_number":548}
{"timestamp":"2026-09-04T18:30:53.301648Z","level":"INFO","fields":{"message":"Concurrency control for download: Increased concurrency from 64 to 64; reason: success ratio 1.000 is above threshold 0.800 and predicted RTT for 61MB at new concurrency is 42.92s < target 60.0s"},"filename":"D:\\a\\xet-core\\xet-core\\xet_client\\src\\cas_client\\adaptive_concurrency\\controller.rs","line_number":548}
{"timestamp":"2026-09-04T18:30:53.802197Z","level":"INFO","fields":{"message":"Concurrency control for download: Increased concurrency from 64 to 64; reason: success ratio 1.000 is above threshold 0.800 and predicted RTT for 61MB at new concurrency is 44.09s < target 60.0s"},"filename":"D:\\a\\xet-core\\xet-core\\xet_client\\src\\cas_client\\adaptive_concurrency\\controller.rs","line_number":548}
{"timestamp":"2026-09-04T18:30:54.335080Z","level":"INFO","fields":{"message":"Concurrency control for download: Increased concurrency from 64 to 64; reason: success ratio 1.000 is above threshold 0.800 and predicted RTT for 61MB at new concurrency is 46.36s < target 60.0s"},"filename":"D:\\a\\xet-core\\xet-core\\xet_client\\src\\cas_client\\adaptive_concurrency\\controller.rs","line_number":548}
{"timestamp":"2026-09-04T18:30:54.859408Z","level":"INFO","fields":{"message":"Concurrency control for download: Increased concurrency from 64 to 64; reason: success ratio 1.000 is above threshold 0.800 and predicted RTT for 61MB at new concurrency is 47.83s < target 60.0s"},"filename":"D:\\a\\xet-core\\xet-core\\xet_client\\src\\cas_client\\adaptive_concurrency\\controller.rs","line_number":548}
{"timestamp":"2026-09-04T18:30:55.361890Z","level":"INFO","fields":{"message":"Concurrency control for download: Increased concurrency from 64 to 64; reason: success ratio 1.000 is above threshold 0.800 and predicted RTT for 61MB at new concurrency is 49.37s < target 60.0s"},"filename":"D:\\a\\xet-core\\xet-core\\xet_client\\src\\cas_client\\adaptive_concurrency\\controller.rs","line_number":548}
{"timestamp":"2026-09-04T18:30:55.873996Z","level":"INFO","fields":{"message":"Concurrency control for download: Increased concurrency from 64 to 64; reason: success ratio 1.000 is above threshold 0.800 and predicted RTT for 61MB at new concurrency is 46.06s < target 60.0s"},"filename":"D:\\a\\xet-core\\xet-core\\xet_client\\src\\cas_client\\adaptive_concurrency\\controller.rs","line_number":548}
{"timestamp":"2026-09-04T18:30:56.405920Z","level":"INFO","fields":{"message":"Concurrency control for download: Increased concurrency from 64 to 64; reason: success ratio 1.000 is above threshold 0.800 and predicted RTT for 61MB at new concurrency is 30.72s < target 60.0s"},"filename":"D:\\a\\xet-core\\xet-core\\xet_client\\src\\cas_client\\adaptive_concurrency\\controller.rs","line_number":548}
{"timestamp":"2026-09-04T18:30:56.921894Z","level":"INFO","fields":{"message":"Concurrency control for download: Increased concurrency from 64 to 64; reason: success ratio 1.000 is above threshold 0.800 and predicted RTT for 61MB at new concurrency is 22.79s < target 60.0s"},"filename":"D:\\a\\xet-core\\xet-core\\xet_client\\src\\cas_client\\adaptive_concurrency\\controller.rs","line_number":548}
{"timestamp":"2026-09-04T18:30:57.428844Z","level":"INFO","fields":{"message":"Concurrency control for download: Increased concurrency from 64 to 64; reason: success ratio 1.000 is above threshold 0.800 and predicted RTT for 61MB at new concurrency is 12.29s < target 60.0s"},"filename":"D:\\a\\xet-core\\xet-core\\xet_client\\src\\cas_client\\adaptive_concurrency\\controller.rs","line_number":548}
{"timestamp":"2026-09-04T18:30:57.946731Z","level":"INFO","fields":{"message":"Concurrency control for download: Increased concurrency from 64 to 64; reason: success ratio 1.000 is above threshold 0.800 and predicted RTT for 61MB at new concurrency is 3.85s < target 60.0s"},"filename":"D:\\a\\xet-core\\xet-core\\xet_client\\src\\cas_client\\adaptive_concurrency\\controller.rs","line_number":548}
{"timestamp":"2026-09-04T18:30:58.338792Z","level":"INFO","fields":{"message":"Concurrency control for download: Current concurrency = 64; predicted bandwidth = 83675; success_ratio = 1.000; reference_size = 61.0MB; observed bytes sent so far = 584610817; completed transmissions = 14"},"filename":"D:\\a\\xet-core\\xet-core\\xet_client\\src\\cas_client\\adaptive_concurrency\\controller.rs","line_number":602}
{"timestamp":"2026-09-04T18:30:58.459694Z","level":"INFO","fields":{"message":"Concurrency control for download: Increased concurrency from 64 to 64; reason: success ratio 1.000 is above threshold 0.800 and predicted RTT for 61MB at new concurrency is 24.06s < target 60.0s"},"filename":"D:\\a\\xet-core\\xet-core\\xet_client\\src\\cas_client\\adaptive_concurrency\\controller.rs","line_number":548}
{"timestamp":"2026-09-04T18:30:58.963457Z","level":"INFO","fields":{"message":"Concurrency control for download: Increased concurrency from 64 to 64; reason: success ratio 1.000 is above threshold 0.800 and predicted RTT for 61MB at new concurrency is 24.10s < target 60.0s"},"filename":"D:\\a\\xet-core\\xet-core\\xet_client\\src\\cas_client\\adaptive_concurrency\\controller.rs","line_number":548}
{"timestamp":"2026-09-04T18:30:59.485398Z","level":"INFO","fields":{"message":"Concurrency control for download: Increased concurrency from 64 to 64; reason: success ratio 1.000 is above threshold 0.800 and predicted RTT for 61MB at new concurrency is 24.73s < target 60.0s"},"filename":"D:\\a\\xet-core\\xet-core\\xet_client\\src\\cas_client\\adaptive_concurrency\\controller.rs","line_number":548}
{"timestamp":"2026-09-04T18:31:00.008708Z","level":"INFO","fields":{"message":"Concurrency control for download: Increased concurrency from 64 to 64; reason: success ratio 1.000 is above threshold 0.800 and predicted RTT for 61MB at new concurrency is 25.47s < target 60.0s"},"filename":"D:\\a\\xet-core\\xet-core\\xet_client\\src\\cas_client\\adaptive_concurrency\\controller.rs","line_number":548}
{"timestamp":"2026-09-04T18:31:00.529336Z","level":"INFO","fields":{"message":"Concurrency control for download: Increased concurrency from 64 to 64; reason: success ratio 1.000 is above threshold 0.800 and predicted RTT for 61MB at new concurrency is 26.08s < target 60.0s"},"filename":"D:\\a\\xet-core\\xet-core\\xet_client\\src\\cas_client\\adaptive_concurrency\\controller.rs","line_number":548}
{"timestamp":"2026-09-04T18:31:01.030073Z","level":"INFO","fields":{"message":"Concurrency control for download: Increased concurrency from 64 to 64; reason: success ratio 1.000 is above threshold 0.800 and predicted RTT for 61MB at new concurrency is 29.89s < target 60.0s"},"filename":"D:\\a\\xet-core\\xet-core\\xet_client\\src\\cas_client\\adaptive_concurrency\\controller.rs","line_number":548}
{"timestamp":"2026-09-04T18:31:01.533890Z","level":"INFO","fields":{"message":"Concurrency control for download: Increased concurrency from 64 to 64; reason: success ratio 1.000 is above threshold 0.800 and predicted RTT for 61MB at new concurrency is 31.14s < target 60.0s"},"filename":"D:\\a\\xet-core\\xet-core\\xet_client\\src\\cas_client\\adaptive_concurrency\\controller.rs","line_number":548}
{"timestamp":"2026-09-04T18:31:02.081877Z","level":"INFO","fields":{"message":"Concurrency control for download: Increased concurrency from 64 to 64; reason: success ratio 1.000 is above threshold 0.800 and predicted RTT for 61MB at new concurrency is 32.87s < target 60.0s"},"filename":"D:\\a\\xet-core\\xet-core\\xet_client\\src\\cas_client\\adaptive_concurrency\\controller.rs","line_number":548}
{"timestamp":"2026-09-04T18:31:02.610699Z","level":"INFO","fields":{"message":"Concurrency control for download: Increased concurrency from 64 to 64; reason: success ratio 1.000 is above threshold 0.800 and predicted RTT for 61MB at new concurrency is 43.12s < target 60.0s"},"filename":"D:\\a\\xet-core\\xet-core\\xet_client\\src\\cas_client\\adaptive_concurrency\\controller.rs","line_number":548}
{"timestamp":"2026-09-04T18:31:03.147001Z","level":"INFO","fields":{"message":"Concurrency control for download: Increased concurrency from 64 to 64; reason: success ratio 1.000 is above threshold 0.800 and predicted RTT for 61MB at new concurrency is 42.34s < target 60.0s"},"filename":"D:\\a\\xet-core\\xet-core\\xet_client\\src\\cas_client\\adaptive_concurrency\\controller.rs","line_number":548}
{"timestamp":"2026-09-04T18:31:03.674239Z","level":"INFO","fields":{"message":"Concurrency control for download: Increased concurrency from 64 to 64; reason: success ratio 1.000 is above threshold 0.800 and predicted RTT for 61MB at new concurrency is 45.07s < target 60.0s"},"filename":"D:\\a\\xet-core\\xet-core\\xet_client\\src\\cas_client\\adaptive_concurrency\\controller.rs","line_number":548}
{"timestamp":"2026-09-04T18:31:04.206020Z","level":"INFO","fields":{"message":"Concurrency control for download: Increased concurrency from 64 to 64; reason: success ratio 1.000 is above threshold 0.800 and predicted RTT for 61MB at new concurrency is 50.93s < target 60.0s"},"filename":"D:\\a\\xet-core\\xet-core\\xet_client\\src\\cas_client\\adaptive_concurrency\\controller.rs","line_number":548}
{"timestamp":"2026-09-04T18:31:04.707863Z","level":"INFO","fields":{"message":"Concurrency control for download: Increased concurrency from 64 to 64; reason: success ratio 1.000 is above threshold 0.800 and predicted RTT for 61MB at new concurrency is 55.38s < target 60.0s"},"filename":"D:\\a\\xet-core\\xet-core\\xet_client\\src\\cas_client\\adaptive_concurrency\\controller.rs","line_number":548}
{"timestamp":"2026-09-04T18:31:05.242174Z","level":"INFO","fields":{"message":"Concurrency control for download: Increased concurrency from 64 to 64; reason: success ratio 1.000 is above threshold 0.800 and predicted RTT for 61MB at new concurrency is 57.29s < target 60.0s"},"filename":"D:\\a\\xet-core\\xet-core\\xet_client\\src\\cas_client\\adaptive_concurrency\\controller.rs","line_number":548}
{"timestamp":"2026-09-04T18:31:05.782802Z","level":"INFO","fields":{"message":"Concurrency control for download: Increased concurrency from 64 to 64; reason: success ratio 1.000 is above threshold 0.800 and predicted RTT for 61MB at new concurrency is 58.74s < target 60.0s"},"filename":"D:\\a\\xet-core\\xet-core\\xet_client\\src\\cas_client\\adaptive_concurrency\\controller.rs","line_number":548}
{"timestamp":"2026-09-04T18:31:06.287285Z","level":"INFO","fields":{"message":"Concurrency control for download: Decreased concurrency from 64 to 63; reason: success ratio below threshold (connection struggling) (success_ratio = 1.000, threshold = 0.500)"},"filename":"D:\\a\\xet-core\\xet-core\\xet_client\\src\\cas_client\\adaptive_concurrency\\controller.rs","line_number":586}
{"timestamp":"2026-09-04T18:31:06.806189Z","level":"INFO","fields":{"message":"Concurrency control for download: Decreased concurrency from 63 to 62; reason: success ratio below threshold (connection struggling) (success_ratio = 1.000, threshold = 0.500)"},"filename":"D:\\a\\xet-core\\xet-core\\xet_client\\src\\cas_client\\adaptive_concurrency\\controller.rs","line_number":586}
{"timestamp":"2026-09-04T18:31:07.321628Z","level":"INFO","fields":{"message":"Concurrency control for download: Decreased concurrency from 62 to 61; reason: success ratio below threshold (connection struggling) (success_ratio = 1.000, threshold = 0.500)"},"filename":"D:\\a\\xet-core\\xet-core\\xet_client\\src\\cas_client\\adaptive_concurrency\\controller.rs","line_number":586}
{"timestamp":"2026-09-04T18:31:07.857047Z","level":"INFO","fields":{"message":"Concurrency control for download: Decreased concurrency from 61 to 60; reason: success ratio below threshold (connection struggling) (success_ratio = 1.000, threshold = 0.500)"},"filename":"D:\\a\\xet-core\\xet-core\\xet_client\\src\\cas_client\\adaptive_concurrency\\controller.rs","line_number":586}
{"timestamp":"2026-09-04T18:31:08.422878Z","level":"INFO","fields":{"message":"Concurrency control for download: Decreased concurrency from 60 to 59; reason: success ratio below threshold (connection struggling) (success_ratio = 1.000, threshold = 0.500)"},"filename":"D:\\a\\xet-core\\xet-core\\xet_client\\src\\cas_client\\adaptive_concurrency\\controller.rs","line_number":586}
{"timestamp":"2026-09-04T18:31:08.422925Z","level":"INFO","fields":{"message":"Concurrency control for download: Current concurrency = 59; predicted bandwidth = 78150; success_ratio = 1.000; reference_size = 61.0MB; observed bytes sent so far = 638383105; completed transmissions = 14"},"filename":"D:\\a\\xet-core\\xet-core\\xet_client\\src\\cas_client\\adaptive_concurrency\\controller.rs","line_number":602}
{"timestamp":"2026-09-04T18:31:08.926748Z","level":"INFO","fields":{"message":"Concurrency control for download: Decreased concurrency from 59 to 58; reason: success ratio below threshold (connection struggling) (success_ratio = 1.000, threshold = 0.500)"},"filename":"D:\\a\\xet-core\\xet-core\\xet_client\\src\\cas_client\\adaptive_concurrency\\controller.rs","line_number":586}
{"timestamp":"2026-09-04T18:31:09.479223Z","level":"INFO","fields":{"message":"Concurrency control for download: Decreased concurrency from 58 to 57; reason: success ratio below threshold (connection struggling) (success_ratio = 1.000, threshold = 0.500)"},"filename":"D:\\a\\xet-core\\xet-core\\xet_client\\src\\cas_client\\adaptive_concurrency\\controller.rs","line_number":586}
{"timestamp":"2026-09-04T18:31:10.008520Z","level":"INFO","fields":{"message":"Concurrency control for download: Decreased concurrency from 57 to 56; reason: success ratio below threshold (connection struggling) (success_ratio = 1.000, threshold = 0.500)"},"filename":"D:\\a\\xet-core\\xet-core\\xet_client\\src\\cas_client\\adaptive_concurrency\\controller.rs","line_number":586}
{"timestamp":"2026-09-04T18:31:10.539751Z","level":"INFO","fields":{"message":"Concurrency control for download: Decreased concurrency from 56 to 55; reason: success ratio below threshold (connection struggling) (success_ratio = 1.000, threshold = 0.500)"},"filename":"D:\\a\\xet-core\\xet-core\\xet_client\\src\\cas_client\\adaptive_concurrency\\controller.rs","line_number":586}
{"timestamp":"2026-09-04T18:31:11.053287Z","level":"INFO","fields":{"message":"Concurrency control for download: Decreased concurrency from 55 to 54; reason: success ratio below threshold (connection struggling) (success_ratio = 1.000, threshold = 0.500)"},"filename":"D:\\a\\xet-core\\xet-core\\xet_client\\src\\cas_client\\adaptive_concurrency\\controller.rs","line_number":586}
{"timestamp":"2026-09-04T18:31:11.578468Z","level":"INFO","fields":{"message":"Concurrency control for download: Decreased concurrency from 54 to 53; reason: success ratio below threshold (connection struggling) (success_ratio = 1.000, threshold = 0.500)"},"filename":"D:\\a\\xet-core\\xet-core\\xet_client\\src\\cas_client\\adaptive_concurrency\\controller.rs","line_number":586}
{"timestamp":"2026-09-04T18:31:12.137896Z","level":"INFO","fields":{"message":"Concurrency control for download: Decreased concurrency from 53 to 52; reason: success ratio below threshold (connection struggling) (success_ratio = 1.000, threshold = 0.500)"},"filename":"D:\\a\\xet-core\\xet-core\\xet_client\\src\\cas_client\\adaptive_concurrency\\controller.rs","line_number":586}
{"timestamp":"2026-09-04T18:31:12.677355Z","level":"INFO","fields":{"message":"Concurrency control for download: Decreased concurrency from 52 to 51; reason: success ratio below threshold (connection struggling) (success_ratio = 1.000, threshold = 0.500)"},"filename":"D:\\a\\xet-core\\xet-core\\xet_client\\src\\cas_client\\adaptive_concurrency\\controller.rs","line_number":586}
{"timestamp":"2026-09-04T18:31:13.181356Z","level":"INFO","fields":{"message":"Concurrency control for download: Decreased concurrency from 51 to 50; reason: success ratio below threshold (connection struggling) (success_ratio = 1.000, threshold = 0.500)"},"filename":"D:\\a\\xet-core\\xet-core\\xet_client\\src\\cas_client\\adaptive_concurrency\\controller.rs","line_number":586}
{"timestamp":"2026-09-04T18:31:13.708587Z","level":"INFO","fields":{"message":"Concurrency control for download: Decreased concurrency from 50 to 49; reason: success ratio below threshold (connection struggling) (success_ratio = 1.000, threshold = 0.500)"},"filename":"D:\\a\\xet-core\\xet-core\\xet_client\\src\\cas_client\\adaptive_concurrency\\controller.rs","line_number":586}
{"timestamp":"2026-09-04T18:31:14.210802Z","level":"INFO","fields":{"message":"Concurrency control for download: Decreased concurrency from 49 to 48; reason: success ratio below threshold (connection struggling) (success_ratio = 1.000, threshold = 0.500)"},"filename":"D:\\a\\xet-core\\xet-core\\xet_client\\src\\cas_client\\adaptive_concurrency\\controller.rs","line_number":586}
{"timestamp":"2026-09-04T18:31:14.743450Z","level":"INFO","fields":{"message":"Concurrency control for download: Decreased concurrency from 48 to 47; reason: success ratio below threshold (connection struggling) (success_ratio = 1.000, threshold = 0.500)"},"filename":"D:\\a\\xet-core\\xet-core\\xet_client\\src\\cas_client\\adaptive_concurrency\\controller.rs","line_number":586}
{"timestamp":"2026-09-04T18:31:15.258916Z","level":"INFO","fields":{"message":"Concurrency control for download: Decreased concurrency from 47 to 46; reason: success ratio below threshold (connection struggling) (success_ratio = 1.000, threshold = 0.500)"},"filename":"D:\\a\\xet-core\\xet-core\\xet_client\\src\\cas_client\\adaptive_concurrency\\controller.rs","line_number":586}
{"timestamp":"2026-09-04T18:31:15.760064Z","level":"INFO","fields":{"message":"Concurrency control for download: Decreased concurrency from 46 to 45; reason: success ratio below threshold (connection struggling) (success_ratio = 1.000, threshold = 0.500)"},"filename":"D:\\a\\xet-core\\xet-core\\xet_client\\src\\cas_client\\adaptive_concurrency\\controller.rs","line_number":586}
{"timestamp":"2026-09-04T18:31:16.262283Z","level":"INFO","fields":{"message":"Concurrency control for download: Decreased concurrency from 45 to 44; reason: success ratio below threshold (connection struggling) (success_ratio = 1.000, threshold = 0.500)"},"filename":"D:\\a\\xet-core\\xet-core\\xet_client\\src\\cas_client\\adaptive_concurrency\\controller.rs","line_number":586}
{"timestamp":"2026-09-04T18:31:16.810647Z","level":"INFO","fields":{"message":"Concurrency control for download: Decreased concurrency from 44 to 43; reason: success ratio below threshold (connection struggling) (success_ratio = 1.000, threshold = 0.500)"},"filename":"D:\\a\\xet-core\\xet-core\\xet_client\\src\\cas_client\\adaptive_concurrency\\controller.rs","line_number":586}
{"timestamp":"2026-09-04T18:31:17.385514Z","level":"INFO","fields":{"message":"Concurrency control for download: Decreased concurrency from 43 to 42; reason: success ratio below threshold (connection struggling) (success_ratio = 1.000, threshold = 0.500)"},"filename":"D:\\a\\xet-core\\xet-core\\xet_client\\src\\cas_client\\adaptive_concurrency\\controller.rs","line_number":586}
{"timestamp":"2026-09-04T18:31:17.887735Z","level":"INFO","fields":{"message":"Concurrency control for download: Decreased concurrency from 42 to 41; reason: success ratio below threshold (connection struggling) (success_ratio = 1.000, threshold = 0.500)"},"filename":"D:\\a\\xet-core\\xet-core\\xet_client\\src\\cas_client\\adaptive_concurrency\\controller.rs","line_number":586}
{"timestamp":"2026-09-04T18:31:18.419595Z","level":"INFO","fields":{"message":"Concurrency control for download: Decreased concurrency from 41 to 40; reason: success ratio below threshold (connection struggling) (success_ratio = 1.000, threshold = 0.500)"},"filename":"D:\\a\\xet-core\\xet-core\\xet_client\\src\\cas_client\\adaptive_concurrency\\controller.rs","line_number":586}
{"timestamp":"2026-09-04T18:31:18.428370Z","level":"INFO","fields":{"message":"Concurrency control for download: Current concurrency = 40; predicted bandwidth = 64827; success_ratio = 1.000; reference_size = 61.0MB; observed bytes sent so far = 691524853; completed transmissions = 15"},"filename":"D:\\a\\xet-core\\xet-core\\xet_client\\src\\cas_client\\adaptive_concurrency\\controller.rs","line_number":602}
{"timestamp":"2026-09-04T18:31:18.998378Z","level":"INFO","fields":{"message":"Concurrency control for download: Decreased concurrency from 40 to 39; reason: success ratio below threshold (connection struggling) (success_ratio = 1.000, threshold = 0.500)"},"filename":"D:\\a\\xet-core\\xet-core\\xet_client\\src\\cas_client\\adaptive_concurrency\\controller.rs","line_number":586}
{"timestamp":"2026-09-04T18:31:19.510895Z","level":"INFO","fields":{"message":"Concurrency control for download: Decreased concurrency from 39 to 38; reason: success ratio below threshold (connection struggling) (success_ratio = 1.000, threshold = 0.500)"},"filename":"D:\\a\\xet-core\\xet-core\\xet_client\\src\\cas_client\\adaptive_concurrency\\controller.rs","line_number":586}
{"timestamp":"2026-09-04T18:31:20.023432Z","level":"INFO","fields":{"message":"Concurrency control for download: Decreased concurrency from 38 to 37; reason: success ratio below threshold (connection struggling) (success_ratio = 1.000, threshold = 0.500)"},"filename":"D:\\a\\xet-core\\xet-core\\xet_client\\src\\cas_client\\adaptive_concurrency\\controller.rs","line_number":586}
{"timestamp":"2026-09-04T18:31:20.543083Z","level":"INFO","fields":{"message":"Concurrency control for download: Decreased concurrency from 37 to 36; reason: success ratio below threshold (connection struggling) (success_ratio = 1.000, threshold = 0.500)"},"filename":"D:\\a\\xet-core\\xet-core\\xet_client\\src\\cas_client\\adaptive_concurrency\\controller.rs","line_number":586}
{"timestamp":"2026-09-04T18:31:21.053259Z","level":"INFO","fields":{"message":"Concurrency control for download: Decreased concurrency from 36 to 35; reason: success ratio below threshold (connection struggling) (success_ratio = 1.000, threshold = 0.500)"},"filename":"D:\\a\\xet-core\\xet-core\\xet_client\\src\\cas_client\\adaptive_concurrency\\controller.rs","line_number":586}
{"timestamp":"2026-09-04T18:31:21.562734Z","level":"INFO","fields":{"message":"Concurrency control for download: Decreased concurrency from 35 to 34; reason: success ratio below threshold (connection struggling) (success_ratio = 1.000, threshold = 0.500)"},"filename":"D:\\a\\xet-core\\xet-core\\xet_client\\src\\cas_client\\adaptive_concurrency\\controller.rs","line_number":586}
{"timestamp":"2026-09-04T18:31:22.064900Z","level":"INFO","fields":{"message":"Concurrency control for download: Decreased concurrency from 34 to 33; reason: success ratio below threshold (connection struggling) (success_ratio = 1.000, threshold = 0.500)"},"filename":"D:\\a\\xet-core\\xet-core\\xet_client\\src\\cas_client\\adaptive_concurrency\\controller.rs","line_number":586}
{"timestamp":"2026-09-04T18:31:22.566947Z","level":"INFO","fields":{"message":"Concurrency control for download: Decreased concurrency from 33 to 32; reason: success ratio below threshold (connection struggling) (success_ratio = 1.000, threshold = 0.500)"},"filename":"D:\\a\\xet-core\\xet-core\\xet_client\\src\\cas_client\\adaptive_concurrency\\controller.rs","line_number":586}
{"timestamp":"2026-09-04T18:31:23.068249Z","level":"INFO","fields":{"message":"Concurrency control for download: Decreased concurrency from 32 to 31; reason: success ratio below threshold (connection struggling) (success_ratio = 1.000, threshold = 0.500)"},"filename":"D:\\a\\xet-core\\xet-core\\xet_client\\src\\cas_client\\adaptive_concurrency\\controller.rs","line_number":586}
{"timestamp":"2026-09-04T18:31:23.583513Z","level":"INFO","fields":{"message":"Concurrency control for download: Decreased concurrency from 31 to 30; reason: success ratio below threshold (connection struggling) (success_ratio = 1.000, threshold = 0.500)"},"filename":"D:\\a\\xet-core\\xet-core\\xet_client\\src\\cas_client\\adaptive_concurrency\\controller.rs","line_number":586}
{"timestamp":"2026-09-04T18:31:24.146305Z","level":"INFO","fields":{"message":"Concurrency control for download: Decreased concurrency from 30 to 29; reason: success ratio below threshold (connection struggling) (success_ratio = 1.000, threshold = 0.500)"},"filename":"D:\\a\\xet-core\\xet-core\\xet_client\\src\\cas_client\\adaptive_concurrency\\controller.rs","line_number":586}
{"timestamp":"2026-09-04T18:31:24.700289Z","level":"INFO","fields":{"message":"Concurrency control for download: Decreased concurrency from 29 to 28; reason: success ratio below threshold (connection struggling) (success_ratio = 1.000, threshold = 0.500)"},"filename":"D:\\a\\xet-core\\xet-core\\xet_client\\src\\cas_client\\adaptive_concurrency\\controller.rs","line_number":586}
{"timestamp":"2026-09-04T18:31:25.249919Z","level":"INFO","fields":{"message":"Concurrency control for download: Decreased concurrency from 28 to 27; reason: success ratio below threshold (connection struggling) (success_ratio = 1.000, threshold = 0.500)"},"filename":"D:\\a\\xet-core\\xet-core\\xet_client\\src\\cas_client\\adaptive_concurrency\\controller.rs","line_number":586}
{"timestamp":"2026-09-04T18:31:25.768908Z","level":"INFO","fields":{"message":"Concurrency control for download: Decreased concurrency from 27 to 26; reason: success ratio below threshold (connection struggling) (success_ratio = 1.000, threshold = 0.500)"},"filename":"D:\\a\\xet-core\\xet-core\\xet_client\\src\\cas_client\\adaptive_concurrency\\controller.rs","line_number":586}
{"timestamp":"2026-09-04T18:31:26.283113Z","level":"INFO","fields":{"message":"Concurrency control for download: Decreased concurrency from 26 to 25; reason: success ratio below threshold (connection struggling) (success_ratio = 1.000, threshold = 0.500)"},"filename":"D:\\a\\xet-core\\xet-core\\xet_client\\src\\cas_client\\adaptive_concurrency\\controller.rs","line_number":586}
{"timestamp":"2026-09-04T18:31:26.793045Z","level":"INFO","fields":{"message":"Concurrency control for download: Decreased concurrency from 25 to 24; reason: success ratio below threshold (connection struggling) (success_ratio = 1.000, threshold = 0.500)"},"filename":"D:\\a\\xet-core\\xet-core\\xet_client\\src\\cas_client\\adaptive_concurrency\\controller.rs","line_number":586}
{"timestamp":"2026-09-04T18:31:27.306099Z","level":"INFO","fields":{"message":"Concurrency control for download: Decreased concurrency from 24 to 23; reason: success ratio below threshold (connection struggling) (success_ratio = 1.000, threshold = 0.500)"},"filename":"D:\\a\\xet-core\\xet-core\\xet_client\\src\\cas_client\\adaptive_concurrency\\controller.rs","line_number":586}
{"timestamp":"2026-09-04T18:31:27.837871Z","level":"INFO","fields":{"message":"Concurrency control for download: Decreased concurrency from 23 to 22; reason: success ratio below threshold (connection struggling) (success_ratio = 1.000, threshold = 0.500)"},"filename":"D:\\a\\xet-core\\xet-core\\xet_client\\src\\cas_client\\adaptive_concurrency\\controller.rs","line_number":586}
{"timestamp":"2026-09-04T18:31:28.400748Z","level":"INFO","fields":{"message":"Concurrency control for download: Decreased concurrency from 22 to 21; reason: success ratio below threshold (connection struggling) (success_ratio = 1.000, threshold = 0.500)"},"filename":"D:\\a\\xet-core\\xet-core\\xet_client\\src\\cas_client\\adaptive_concurrency\\controller.rs","line_number":586}
{"timestamp":"2026-09-04T18:31:28.439418Z","level":"INFO","fields":{"message":"Concurrency control for download: Current concurrency = 21; predicted bandwidth = 69692; success_ratio = 1.000; reference_size = 61.0MB; observed bytes sent so far = 743567415; completed transmissions = 16"},"filename":"D:\\a\\xet-core\\xet-core\\xet_client\\src\\cas_client\\adaptive_concurrency\\controller.rs","line_number":602}
{"timestamp":"2026-09-04T18:31:28.943336Z","level":"INFO","fields":{"message":"Concurrency control for download: Decreased concurrency from 21 to 20; reason: success ratio below threshold (connection struggling) (success_ratio = 1.000, threshold = 0.500)"},"filename":"D:\\a\\xet-core\\xet-core\\xet_client\\src\\cas_client\\adaptive_concurrency\\controller.rs","line_number":586}
{"timestamp":"2026-09-04T18:31:29.469801Z","level":"INFO","fields":{"message":"Concurrency control for download: Decreased concurrency from 20 to 19; reason: success ratio below threshold (connection struggling) (success_ratio = 1.000, threshold = 0.500)"},"filename":"D:\\a\\xet-core\\xet-core\\xet_client\\src\\cas_client\\adaptive_concurrency\\controller.rs","line_number":586}
{"timestamp":"2026-09-04T18:31:29.971346Z","level":"INFO","fields":{"message":"Concurrency control for download: Decreased concurrency from 19 to 18; reason: success ratio below threshold (connection struggling) (success_ratio = 1.000, threshold = 0.500)"},"filename":"D:\\a\\xet-core\\xet-core\\xet_client\\src\\cas_client\\adaptive_concurrency\\controller.rs","line_number":586}
{"timestamp":"2026-09-04T18:31:30.494888Z","level":"INFO","fields":{"message":"Concurrency control for download: Decreased concurrency from 18 to 17; reason: success ratio below threshold (connection struggling) (success_ratio = 1.000, threshold = 0.500)"},"filename":"D:\\a\\xet-core\\xet-core\\xet_client\\src\\cas_client\\adaptive_concurrency\\controller.rs","line_number":586}
{"timestamp":"2026-09-04T18:31:31.058855Z","level":"INFO","fields":{"message":"Concurrency control for download: Decreased concurrency from 17 to 16; reason: success ratio below threshold (connection struggling) (success_ratio = 1.000, threshold = 0.500)"},"filename":"D:\\a\\xet-core\\xet-core\\xet_client\\src\\cas_client\\adaptive_concurrency\\controller.rs","line_number":586}
{"timestamp":"2026-09-04T18:31:31.560954Z","level":"INFO","fields":{"message":"Concurrency control for download: Decreased concurrency from 16 to 15; reason: success ratio below threshold (connection struggling) (success_ratio = 1.000, threshold = 0.500)"},"filename":"D:\\a\\xet-core\\xet-core\\xet_client\\src\\cas_client\\adaptive_concurrency\\controller.rs","line_number":586}
{"timestamp":"2026-09-04T18:31:32.077975Z","level":"INFO","fields":{"message":"Concurrency control for download: Decreased concurrency from 15 to 14; reason: success ratio below threshold (connection struggling) (success_ratio = 1.000, threshold = 0.500)"},"filename":"D:\\a\\xet-core\\xet-core\\xet_client\\src\\cas_client\\adaptive_concurrency\\controller.rs","line_number":586}
{"timestamp":"2026-09-04T18:31:32.582752Z","level":"INFO","fields":{"message":"Concurrency control for download: Decreased concurrency from 14 to 13; reason: success ratio below threshold (connection struggling) (success_ratio = 1.000, threshold = 0.500)"},"filename":"D:\\a\\xet-core\\xet-core\\xet_client\\src\\cas_client\\adaptive_concurrency\\controller.rs","line_number":586}
{"timestamp":"2026-09-04T18:31:33.086832Z","level":"INFO","fields":{"message":"Concurrency control for download: Decreased concurrency from 13 to 12; reason: success ratio below threshold (connection struggling) (success_ratio = 1.000, threshold = 0.500)"},"filename":"D:\\a\\xet-core\\xet-core\\xet_client\\src\\cas_client\\adaptive_concurrency\\controller.rs","line_number":586}
{"timestamp":"2026-09-04T18:31:33.592963Z","level":"INFO","fields":{"message":"Concurrency control for download: Decreased concurrency from 12 to 11; reason: success ratio below threshold (connection struggling) (success_ratio = 1.000, threshold = 0.500)"},"filename":"D:\\a\\xet-core\\xet-core\\xet_client\\src\\cas_client\\adaptive_concurrency\\controller.rs","line_number":586}
{"timestamp":"2026-09-04T18:31:34.125237Z","level":"INFO","fields":{"message":"Concurrency control for download: Decreased concurrency from 11 to 10; reason: success ratio below threshold (connection struggling) (success_ratio = 1.000, threshold = 0.500)"},"filename":"D:\\a\\xet-core\\xet-core\\xet_client\\src\\cas_client\\adaptive_concurrency\\controller.rs","line_number":586}
{"timestamp":"2026-09-04T18:31:34.635229Z","level":"INFO","fields":{"message":"Concurrency control for download: Decreased concurrency from 10 to 9; reason: success ratio below threshold (connection struggling) (success_ratio = 1.000, threshold = 0.500)"},"filename":"D:\\a\\xet-core\\xet-core\\xet_client\\src\\cas_client\\adaptive_concurrency\\controller.rs","line_number":586}
{"timestamp":"2026-09-04T18:31:35.164229Z","level":"INFO","fields":{"message":"Concurrency control for download: Decreased concurrency from 9 to 8; reason: success ratio below threshold (connection struggling) (success_ratio = 1.000, threshold = 0.500)"},"filename":"D:\\a\\xet-core\\xet-core\\xet_client\\src\\cas_client\\adaptive_concurrency\\controller.rs","line_number":586}
{"timestamp":"2026-09-04T18:31:35.672999Z","level":"INFO","fields":{"message":"Concurrency control for download: Decreased concurrency from 8 to 7; reason: success ratio below threshold (connection struggling) (success_ratio = 1.000, threshold = 0.500)"},"filename":"D:\\a\\xet-core\\xet-core\\xet_client\\src\\cas_client\\adaptive_concurrency\\controller.rs","line_number":586}
{"timestamp":"2026-09-04T18:31:36.175272Z","level":"INFO","fields":{"message":"Concurrency control for download: Decreased concurrency from 7 to 6; reason: success ratio below threshold (connection struggling) (success_ratio = 1.000, threshold = 0.500)"},"filename":"D:\\a\\xet-core\\xet-core\\xet_client\\src\\cas_client\\adaptive_concurrency\\controller.rs","line_number":586}
{"timestamp":"2026-09-04T18:31:36.719381Z","level":"INFO","fields":{"message":"Concurrency control for download: Decreased concurrency from 6 to 5; reason: success ratio below threshold (connection struggling) (success_ratio = 1.000, threshold = 0.500)"},"filename":"D:\\a\\xet-core\\xet-core\\xet_client\\src\\cas_client\\adaptive_concurrency\\controller.rs","line_number":586}
{"timestamp":"2026-09-04T18:31:37.222680Z","level":"INFO","fields":{"message":"Concurrency control for download: Decreased concurrency from 5 to 4; reason: success ratio below threshold (connection struggling) (success_ratio = 1.000, threshold = 0.500)"},"filename":"D:\\a\\xet-core\\xet-core\\xet_client\\src\\cas_client\\adaptive_concurrency\\controller.rs","line_number":586}
{"timestamp":"2026-09-04T18:31:37.744151Z","level":"INFO","fields":{"message":"Concurrency control for download: Decreased concurrency from 4 to 3; reason: success ratio below threshold (connection struggling) (success_ratio = 1.000, threshold = 0.500)"},"filename":"D:\\a\\xet-core\\xet-core\\xet_client\\src\\cas_client\\adaptive_concurrency\\controller.rs","line_number":586}
{"timestamp":"2026-09-04T18:31:38.268435Z","level":"INFO","fields":{"message":"Concurrency control for download: Decreased concurrency from 3 to 2; reason: success ratio below threshold (connection struggling) (success_ratio = 1.000, threshold = 0.500)"},"filename":"D:\\a\\xet-core\\xet-core\\xet_client\\src\\cas_client\\adaptive_concurrency\\controller.rs","line_number":586}
{"timestamp":"2026-09-04T18:31:38.460377Z","level":"INFO","fields":{"message":"Concurrency control for download: Current concurrency = 2; predicted bandwidth = 65683; success_ratio = 1.000; reference_size = 61.0MB; observed bytes sent so far = 797040950; completed transmissions = 17"},"filename":"D:\\a\\xet-core\\xet-core\\xet_client\\src\\cas_client\\adaptive_concurrency\\controller.rs","line_number":602}
{"timestamp":"2026-09-04T18:31:38.780400Z","level":"INFO","fields":{"message":"Concurrency control for download: Decreased concurrency from 2 to 1; reason: success ratio below threshold (connection struggling) (success_ratio = 1.000, threshold = 0.500)"},"filename":"D:\\a\\xet-core\\xet-core\\xet_client\\src\\cas_client\\adaptive_concurrency\\controller.rs","line_number":586}
{"timestamp":"2026-09-04T18:31:39.339556Z","level":"INFO","fields":{"message":"Concurrency control for download: Decreased concurrency from 1 to 1; reason: success ratio below threshold (connection struggling) (success_ratio = 1.000, threshold = 0.500)"},"filename":"D:\\a\\xet-core\\xet-core\\xet_client\\src\\cas_client\\adaptive_concurrency\\controller.rs","line_number":586}
{"timestamp":"2026-09-04T18:31:39.879262Z","level":"INFO","fields":{"message":"Concurrency control for download: Decreased concurrency from 1 to 1; reason: success ratio below threshold (connection struggling) (success_ratio = 1.000, threshold = 0.500)"},"filename":"D:\\a\\xet-core\\xet-core\\xet_client\\src\\cas_client\\adaptive_concurrency\\controller.rs","line_number":586}
{"timestamp":"2026-09-04T18:31:40.408797Z","level":"INFO","fields":{"message":"Concurrency control for download: Decreased concurrency from 1 to 1; reason: success ratio below threshold (connection struggling) (success_ratio = 1.000, threshold = 0.500)"},"filename":"D:\\a\\xet-core\\xet-core\\xet_client\\src\\cas_client\\adaptive_concurrency\\controller.rs","line_number":586}
{"timestamp":"2026-09-04T18:31:40.936352Z","level":"INFO","fields":{"message":"Concurrency control for download: Decreased concurrency from 1 to 1; reason: success ratio below threshold (connection struggling) (success_ratio = 1.000, threshold = 0.500)"},"filename":"D:\\a\\xet-core\\xet-core\\xet_client\\src\\cas_client\\adaptive_concurrency\\controller.rs","line_number":586}
{"timestamp":"2026-09-04T18:31:41.461608Z","level":"INFO","fields":{"message":"Concurrency control for download: Decreased concurrency from 1 to 1; reason: success ratio below threshold (connection struggling) (success_ratio = 1.000, threshold = 0.500)"},"filename":"D:\\a\\xet-core\\xet-core\\xet_client\\src\\cas_client\\adaptive_concurrency\\controller.rs","line_number":586}
{"timestamp":"2026-09-04T18:31:41.977999Z","level":"INFO","fields":{"message":"Concurrency control for download: Decreased concurrency from 1 to 1; reason: success ratio below threshold (connection struggling) (success_ratio = 1.000, threshold = 0.500)"},"filename":"D:\\a\\xet-core\\xet-core\\xet_client\\src\\cas_client\\adaptive_concurrency\\controller.rs","line_number":586}
{"timestamp":"2026-09-04T18:31:42.492371Z","level":"INFO","fields":{"message":"Concurrency control for download: Decreased concurrency from 1 to 1; reason: success ratio below threshold (connection struggling) (success_ratio = 1.000, threshold = 0.500)"},"filename":"D:\\a\\xet-core\\xet-core\\xet_client\\src\\cas_client\\adaptive_concurrency\\controller.rs","line_number":586}
{"timestamp":"2026-09-04T18:31:43.007454Z","level":"INFO","fields":{"message":"Concurrency control for download: Decreased concurrency from 1 to 1; reason: success ratio below threshold (connection struggling) (success_ratio = 1.000, threshold = 0.500)"},"filename":"D:\\a\\xet-core\\xet-core\\xet_client\\src\\cas_client\\adaptive_concurrency\\controller.rs","line_number":586}
{"timestamp":"2026-09-04T18:31:43.541864Z","level":"INFO","fields":{"message":"Concurrency control for download: Decreased concurrency from 1 to 1; reason: success ratio below threshold (connection struggling) (success_ratio = 1.000, threshold = 0.500)"},"filename":"D:\\a\\xet-core\\xet-core\\xet_client\\src\\cas_client\\adaptive_concurrency\\controller.rs","line_number":586}
{"timestamp":"2026-09-04T18:31:44.115134Z","level":"INFO","fields":{"message":"Concurrency control for download: Decreased concurrency from 1 to 1; reason: success ratio below threshold (connection struggling) (success_ratio = 1.000, threshold = 0.500)"},"filename":"D:\\a\\xet-core\\xet-core\\xet_client\\src\\cas_client\\adaptive_concurrency\\controller.rs","line_number":586}
{"timestamp":"2026-09-04T18:31:44.647048Z","level":"INFO","fields":{"message":"Concurrency control for download: Decreased concurrency from 1 to 1; reason: success ratio below threshold (connection struggling) (success_ratio = 1.000, threshold = 0.500)"},"filename":"D:\\a\\xet-core\\xet-core\\xet_client\\src\\cas_client\\adaptive_concurrency\\controller.rs","line_number":586}
{"timestamp":"2026-09-04T18:31:45.151648Z","level":"INFO","fields":{"message":"Concurrency control for download: Decreased concurrency from 1 to 1; reason: success ratio below threshold (connection struggling) (success_ratio = 1.000, threshold = 0.500)"},"filename":"D:\\a\\xet-core\\xet-core\\xet_client\\src\\cas_client\\adaptive_concurrency\\controller.rs","line_number":586}
{"timestamp":"2026-09-04T18:31:45.691096Z","level":"INFO","fields":{"message":"Concurrency control for download: Decreased concurrency from 1 to 1; reason: success ratio below threshold (connection struggling) (success_ratio = 1.000, threshold = 0.500)"},"filename":"D:\\a\\xet-core\\xet-core\\xet_client\\src\\cas_client\\adaptive_concurrency\\controller.rs","line_number":586}
{"timestamp":"2026-09-04T18:31:46.327858Z","level":"INFO","fields":{"message":"Concurrency control for download: Decreased concurrency from 1 to 1; reason: success ratio below threshold (connection struggling) (success_ratio = 1.000, threshold = 0.500)"},"filename":"D:\\a\\xet-core\\xet-core\\xet_client\\src\\cas_client\\adaptive_concurrency\\controller.rs","line_number":586}
{"timestamp":"2026-09-04T18:31:46.947190Z","level":"INFO","fields":{"message":"Concurrency control for download: Decreased concurrency from 1 to 1; reason: success ratio below threshold (connection struggling) (success_ratio = 1.000, threshold = 0.500)"},"filename":"D:\\a\\xet-core\\xet-core\\xet_client\\src\\cas_client\\adaptive_concurrency\\controller.rs","line_number":586}
{"timestamp":"2026-09-04T18:31:47.457089Z","level":"INFO","fields":{"message":"Concurrency control for download: Decreased concurrency from 1 to 1; reason: success ratio below threshold (connection struggling) (success_ratio = 1.000, threshold = 0.500)"},"filename":"D:\\a\\xet-core\\xet-core\\xet_client\\src\\cas_client\\adaptive_concurrency\\controller.rs","line_number":586}
{"timestamp":"2026-09-04T18:31:47.961526Z","level":"INFO","fields":{"message":"Concurrency control for download: Decreased concurrency from 1 to 1; reason: success ratio below threshold (connection struggling) (success_ratio = 1.000, threshold = 0.500)"},"filename":"D:\\a\\xet-core\\xet-core\\xet_client\\src\\cas_client\\adaptive_concurrency\\controller.rs","line_number":586}
{"timestamp":"2026-09-04T18:31:48.467677Z","level":"INFO","fields":{"message":"Concurrency control for download: Decreased concurrency from 1 to 1; reason: success ratio below threshold (connection struggling) (success_ratio = 1.000, threshold = 0.500)"},"filename":"D:\\a\\xet-core\\xet-core\\xet_client\\src\\cas_client\\adaptive_concurrency\\controller.rs","line_number":586}
{"timestamp":"2026-09-04T18:31:48.467733Z","level":"INFO","fields":{"message":"Concurrency control for download: Current concurrency = 1; predicted bandwidth = 62339; success_ratio = 1.000; reference_size = 61.0MB; observed bytes sent so far = 842450088; completed transmissions = 22"},"filename":"D:\\a\\xet-core\\xet-core\\xet_client\\src\\cas_client\\adaptive_concurrency\\controller.rs","line_number":602}
{"timestamp":"2026-09-04T18:31:48.984556Z","level":"INFO","fields":{"message":"Concurrency control for download: Decreased concurrency from 1 to 1; reason: success ratio below threshold (connection struggling) (success_ratio = 1.000, threshold = 0.500)"},"filename":"D:\\a\\xet-core\\xet-core\\xet_client\\src\\cas_client\\adaptive_concurrency\\controller.rs","line_number":586}
{"timestamp":"2026-09-04T18:31:49.498109Z","level":"INFO","fields":{"message":"Concurrency control for download: Decreased concurrency from 1 to 1; reason: success ratio below threshold (connection struggling) (success_ratio = 1.000, threshold = 0.500)"},"filename":"D:\\a\\xet-core\\xet-core\\xet_client\\src\\cas_client\\adaptive_concurrency\\controller.rs","line_number":586}
{"timestamp":"2026-09-04T18:31:50.002642Z","level":"INFO","fields":{"message":"Concurrency control for download: Decreased concurrency from 1 to 1; reason: success ratio below threshold (connection struggling) (success_ratio = 1.000, threshold = 0.500)"},"filename":"D:\\a\\xet-core\\xet-core\\xet_client\\src\\cas_client\\adaptive_concurrency\\controller.rs","line_number":586}
{"timestamp":"2026-09-04T18:31:50.522756Z","level":"INFO","fields":{"message":"Concurrency control for download: Decreased concurrency from 1 to 1; reason: success ratio below threshold (connection struggling) (success_ratio = 1.000, threshold = 0.500)"},"filename":"D:\\a\\xet-core\\xet-core\\xet_client\\src\\cas_client\\adaptive_concurrency\\controller.rs","line_number":586}
{"timestamp":"2026-09-04T18:31:51.924465Z","level":"INFO","fields":{"message":"File reconstruction completed successfully","file_hash":"bb5ff7e71536bbce6378f6d4bb523a77f1e9455965702d18bec33f599d5851f7","block_count":3,"total_terms_processed":26,"total_bytes_scheduled":988097824},"filename":"D:\\a\\xet-core\\xet-core\\xet_data\\src\\file_reconstruction\\run_state.rs","line_number":150}
