transaction_id,customer_id,amount,payment_status,failure_reason,risk_score,risk_level,agent_diagnosis,agent_action,agent_confidence,agent_reason,policy_decision,policy_reason,execution_status,recovery_status,recovered_amount,execution_message,executed_at
TX00001,CUST1163,499.0,success,unknown,10,low,Payment already successful,stop,0.99,No recovery is required.,BLOCK,Payment is already successful.,BLOCKED,not_attempted,0.0,Recovery action blocked by policy governance.,2026-09-04 23:17:30
TX00002,CUST1026,9999.0,failed,authentication_failed,50,medium,Low recovery probability / Ineligible,stop,0.85,Payment failure reason 'authentication_failed' is not eligible for recovery.,BLOCK,Action 'stop' is not executable by the recovery policy.,BLOCKED,not_attempted,0.0,Recovery action blocked by policy governance.,2026-09-04 23:17:30
TX00003,CUST1055,999.0,success,unknown,0,low,Payment already successful,stop,0.99,No recovery is required.,BLOCK,Payment is already successful.,BLOCKED,not_attempted,0.0,Recovery action blocked by policy governance.,2026-09-04 23:17:30
TX00004,CUST1139,2499.0,success,unknown,0,low,Payment already successful,stop,0.99,No recovery is required.,BLOCK,Payment is already successful.,BLOCKED,not_attempted,0.0,Recovery action blocked by policy governance.,2026-09-04 23:17:30
TX00005,CUST1087,1299.0,success,unknown,5,low,Payment already successful,stop,0.99,No recovery is required.,BLOCK,Payment is already successful.,BLOCKED,not_attempted,0.0,Recovery action blocked by policy governance.,2026-09-04 23:17:30
TX00006,CUST1091,1999.0,failed,timeout,40,medium,Retry limit reached,stop,0.97,Maximum retry attempts have already been reached.,BLOCK,Action 'stop' is not executable by the recovery policy.,BLOCKED,not_attempted,0.0,Recovery action blocked by policy governance.,2026-09-04 23:17:30
TX00007,CUST1075,9999.0,failed,bank_declined,55,medium,Retry limit reached,stop,0.97,Maximum retry attempts have already been reached.,BLOCK,Action 'stop' is not executable by the recovery policy.,BLOCKED,not_attempted,0.0,Recovery action blocked by policy governance.,2026-09-04 23:17:30
TX00008,CUST1169,999.0,failed,timeout,55,medium,Technical payment failure retry,retry,0.85,System technical glitch detected with potential recovery capability.,BLOCK,Maximum retry attempts reached.,BLOCKED,not_attempted,0.0,Recovery action blocked by policy governance.,2026-09-04 23:17:30
TX00009,CUST1162,1999.0,success,unknown,5,low,Payment already successful,stop,0.99,No recovery is required.,BLOCK,Payment is already successful.,BLOCKED,not_attempted,0.0,Recovery action blocked by policy governance.,2026-09-04 23:17:30
TX00010,CUST1174,9999.0,success,unknown,20,low,Payment already successful,stop,0.99,No recovery is required.,BLOCK,Payment is already successful.,BLOCKED,not_attempted,0.0,Recovery action blocked by policy governance.,2026-09-04 23:17:30
TX00011,CUST1069,9999.0,failed,network_error,40,medium,Retry limit reached,stop,0.97,Maximum retry attempts have already been reached.,BLOCK,Action 'stop' is not executable by the recovery policy.,BLOCKED,not_attempted,0.0,Recovery action blocked by policy governance.,2026-09-04 23:17:30
TX00012,CUST1080,2499.0,success,unknown,5,low,Payment already successful,stop,0.99,No recovery is required.,BLOCK,Payment is already successful.,BLOCKED,not_attempted,0.0,Recovery action blocked by policy governance.,2026-09-04 23:17:30
TX00013,CUST1101,9999.0,success,unknown,0,low,Payment already successful,stop,0.99,No recovery is required.,BLOCK,Payment is already successful.,BLOCKED,not_attempted,0.0,Recovery action blocked by policy governance.,2026-09-04 23:17:30
TX00014,CUST1137,1299.0,failed,insufficient_funds,25,low,Insufficient funds,escalate,0.91,Immediate repeated retries could create unnecessary payment attempts.,BLOCK,Action 'escalate' is not executable by the recovery policy.,BLOCKED,not_attempted,0.0,Recovery action blocked by policy governance.,2026-09-04 23:17:30
TX00015,CUST1130,3499.0,success,unknown,0,low,Payment already successful,stop,0.99,No recovery is required.,BLOCK,Payment is already successful.,BLOCKED,not_attempted,0.0,Recovery action blocked by policy governance.,2026-09-04 23:17:30
TX00016,CUST1174,2499.0,failed,insufficient_funds,30,low,Insufficient funds,escalate,0.91,Immediate repeated retries could create unnecessary payment attempts.,BLOCK,Action 'escalate' is not executable by the recovery policy.,BLOCKED,not_attempted,0.0,Recovery action blocked by policy governance.,2026-09-04 23:17:30
TX00017,CUST1002,9999.0,failed,upi_failure,55,medium,Retry limit reached,stop,0.97,Maximum retry attempts have already been reached.,BLOCK,Action 'stop' is not executable by the recovery policy.,BLOCKED,not_attempted,0.0,Recovery action blocked by policy governance.,2026-09-04 23:17:30
TX00018,CUST1075,2499.0,success,unknown,0,low,Payment already successful,stop,0.99,No recovery is required.,BLOCK,Payment is already successful.,BLOCKED,not_attempted,0.0,Recovery action blocked by policy governance.,2026-09-04 23:17:30
TX00019,CUST1129,499.0,abandoned,checkout_abandoned,15,low,Stale abandoned checkout,stop,0.82,The abandoned checkout is too old for an immediate recovery attempt.,BLOCK,Action 'stop' is not executable by the recovery policy.,BLOCKED,not_attempted,0.0,Recovery action blocked by policy governance.,2026-09-04 23:17:30
TX00020,CUST1050,799.0,success,unknown,0,low,Payment already successful,stop,0.99,No recovery is required.,BLOCK,Payment is already successful.,BLOCKED,not_attempted,0.0,Recovery action blocked by policy governance.,2026-09-04 23:17:30
TX00021,CUST1028,1999.0,abandoned,checkout_abandoned,35,low,Checkout abandonment,reminder,0.88,Recent abandoned checkout with potential purchase intent.,ALLOW,Transaction passed all recovery policy checks.,SIMULATED,FOLLOW_UP,0.0,Recovery reminder scheduled in Test Mode simulation.,2026-09-04 23:17:30
TX00022,CUST1145,499.0,success,unknown,5,low,Payment already successful,stop,0.99,No recovery is required.,BLOCK,Payment is already successful.,BLOCKED,not_attempted,0.0,Recovery action blocked by policy governance.,2026-09-04 23:17:30
TX00023,CUST1121,4999.0,success,unknown,0,low,Payment already successful,stop,0.99,No recovery is required.,BLOCK,Payment is already successful.,BLOCKED,not_attempted,0.0,Recovery action blocked by policy governance.,2026-09-04 23:17:30
TX00024,CUST1176,999.0,failed,insufficient_funds,20,low,Insufficient funds,escalate,0.91,Immediate repeated retries could create unnecessary payment attempts.,BLOCK,Action 'escalate' is not executable by the recovery policy.,BLOCKED,not_attempted,0.0,Recovery action blocked by policy governance.,2026-09-04 23:17:30
TX00025,CUST1063,999.0,success,unknown,5,low,Payment already successful,stop,0.99,No recovery is required.,BLOCK,Payment is already successful.,BLOCKED,not_attempted,0.0,Recovery action blocked by policy governance.,2026-09-04 23:17:30
TX00026,CUST1018,9999.0,success,unknown,15,low,Payment already successful,stop,0.99,No recovery is required.,BLOCK,Payment is already successful.,BLOCKED,not_attempted,0.0,Recovery action blocked by policy governance.,2026-09-04 23:17:30
TX00027,CUST1060,1299.0,failed,network_error,25,low,Retry limit reached,stop,0.97,Maximum retry attempts have already been reached.,BLOCK,Action 'stop' is not executable by the recovery policy.,BLOCKED,not_attempted,0.0,Recovery action blocked by policy governance.,2026-09-04 23:17:30
TX00028,CUST1147,3499.0,success,unknown,20,low,Payment already successful,stop,0.99,No recovery is required.,BLOCK,Payment is already successful.,BLOCKED,not_attempted,0.0,Recovery action blocked by policy governance.,2026-09-04 23:17:30
TX00029,CUST1168,2499.0,success,unknown,15,low,Payment already successful,stop,0.99,No recovery is required.,BLOCK,Payment is already successful.,BLOCKED,not_attempted,0.0,Recovery action blocked by policy governance.,2026-09-04 23:17:30
TX00030,CUST1167,9999.0,success,unknown,20,low,Payment already successful,stop,0.99,No recovery is required.,BLOCK,Payment is already successful.,BLOCKED,not_attempted,0.0,Recovery action blocked by policy governance.,2026-09-04 23:17:30
TX00031,CUST1048,4999.0,success,unknown,20,low,Payment already successful,stop,0.99,No recovery is required.,BLOCK,Payment is already successful.,BLOCKED,not_attempted,0.0,Recovery action blocked by policy governance.,2026-09-04 23:17:30
TX00032,CUST1019,3499.0,failed,authentication_failed,30,low,Stale recovery opportunity,stop,0.94,The transaction is outside the recovery window.,BLOCK,Action 'stop' is not executable by the recovery policy.,BLOCKED,not_attempted,0.0,Recovery action blocked by policy governance.,2026-09-04 23:17:30
TX00033,CUST1023,999.0,success,unknown,0,low,Payment already successful,stop,0.99,No recovery is required.,BLOCK,Payment is already successful.,BLOCKED,not_attempted,0.0,Recovery action blocked by policy governance.,2026-09-04 23:17:30
TX00034,CUST1015,799.0,success,unknown,5,low,Payment already successful,stop,0.99,No recovery is required.,BLOCK,Payment is already successful.,BLOCKED,not_attempted,0.0,Recovery action blocked by policy governance.,2026-09-04 23:17:30
TX00035,CUST1178,4999.0,failed,insufficient_funds,50,medium,Insufficient funds,escalate,0.91,Immediate repeated retries could create unnecessary payment attempts.,BLOCK,Action 'escalate' is not executable by the recovery policy.,BLOCKED,not_attempted,0.0,Recovery action blocked by policy governance.,2026-09-04 23:17:30
TX00036,CUST1148,4999.0,success,unknown,0,low,Payment already successful,stop,0.99,No recovery is required.,BLOCK,Payment is already successful.,BLOCKED,not_attempted,0.0,Recovery action blocked by policy governance.,2026-09-04 23:17:30
TX00037,CUST1128,4999.0,success,unknown,5,low,Payment already successful,stop,0.99,No recovery is required.,BLOCK,Payment is already successful.,BLOCKED,not_attempted,0.0,Recovery action blocked by policy governance.,2026-09-04 23:17:30
TX00038,CUST1172,999.0,success,unknown,5,low,Payment already successful,stop,0.99,No recovery is required.,BLOCK,Payment is already successful.,BLOCKED,not_attempted,0.0,Recovery action blocked by policy governance.,2026-09-04 23:17:30
TX00039,CUST1168,7999.0,failed,bank_declined,40,medium,Retry limit reached,stop,0.97,Maximum retry attempts have already been reached.,BLOCK,Action 'stop' is not executable by the recovery policy.,BLOCKED,not_attempted,0.0,Recovery action blocked by policy governance.,2026-09-04 23:17:30
TX00040,CUST1061,1299.0,success,unknown,0,low,Payment already successful,stop,0.99,No recovery is required.,BLOCK,Payment is already successful.,BLOCKED,not_attempted,0.0,Recovery action blocked by policy governance.,2026-09-04 23:17:30
TX00041,CUST1002,3499.0,failed,authentication_failed,30,low,Stale recovery opportunity,stop,0.94,The transaction is outside the recovery window.,BLOCK,Action 'stop' is not executable by the recovery policy.,BLOCKED,not_attempted,0.0,Recovery action blocked by policy governance.,2026-09-04 23:17:30
TX00042,CUST1033,1999.0,abandoned,checkout_abandoned,35,low,Stale abandoned checkout,stop,0.82,The abandoned checkout is too old for an immediate recovery attempt.,BLOCK,Action 'stop' is not executable by the recovery policy.,BLOCKED,not_attempted,0.0,Recovery action blocked by policy governance.,2026-09-04 23:17:30
TX00043,CUST1112,4999.0,failed,authentication_failed,15,low,Retry limit reached,stop,0.97,Maximum retry attempts have already been reached.,BLOCK,Action 'stop' is not executable by the recovery policy.,BLOCKED,not_attempted,0.0,Recovery action blocked by policy governance.,2026-09-04 23:17:30
TX00044,CUST1026,799.0,success,unknown,5,low,Payment already successful,stop,0.99,No recovery is required.,BLOCK,Payment is already successful.,BLOCKED,not_attempted,0.0,Recovery action blocked by policy governance.,2026-09-04 23:17:30
TX00045,CUST1053,1999.0,success,unknown,0,low,Payment already successful,stop,0.99,No recovery is required.,BLOCK,Payment is already successful.,BLOCKED,not_attempted,0.0,Recovery action blocked by policy governance.,2026-09-04 23:17:30
TX00046,CUST1023,9999.0,success,unknown,15,low,Payment already successful,stop,0.99,No recovery is required.,BLOCK,Payment is already successful.,BLOCKED,not_attempted,0.0,Recovery action blocked by policy governance.,2026-09-04 23:17:30
TX00047,CUST1163,1299.0,success,unknown,5,low,Payment already successful,stop,0.99,No recovery is required.,BLOCK,Payment is already successful.,BLOCKED,not_attempted,0.0,Recovery action blocked by policy governance.,2026-09-04 23:17:30
TX00048,CUST1019,799.0,success,unknown,0,low,Payment already successful,stop,0.99,No recovery is required.,BLOCK,Payment is already successful.,BLOCKED,not_attempted,0.0,Recovery action blocked by policy governance.,2026-09-04 23:17:30
TX00049,CUST1078,1999.0,abandoned,checkout_abandoned,30,low,Checkout abandonment,reminder,0.88,Recent abandoned checkout with potential purchase intent.,ALLOW,Transaction passed all recovery policy checks.,SIMULATED,FOLLOW_UP,0.0,Recovery reminder scheduled in Test Mode simulation.,2026-09-04 23:17:30
TX00050,CUST1063,9999.0,success,unknown,0,low,Payment already successful,stop,0.99,No recovery is required.,BLOCK,Payment is already successful.,BLOCKED,not_attempted,0.0,Recovery action blocked by policy governance.,2026-09-04 23:17:30
TX00051,CUST1045,2499.0,success,unknown,0,low,Payment already successful,stop,0.99,No recovery is required.,BLOCK,Payment is already successful.,BLOCKED,not_attempted,0.0,Recovery action blocked by policy governance.,2026-09-04 23:17:30
TX00052,CUST1063,1299.0,success,unknown,0,low,Payment already successful,stop,0.99,No recovery is required.,BLOCK,Payment is already successful.,BLOCKED,not_attempted,0.0,Recovery action blocked by policy governance.,2026-09-04 23:17:30
TX00053,CUST1056,999.0,failed,insufficient_funds,25,low,Insufficient funds,escalate,0.91,Immediate repeated retries could create unnecessary payment attempts.,BLOCK,Action 'escalate' is not executable by the recovery policy.,BLOCKED,not_attempted,0.0,Recovery action blocked by policy governance.,2026-09-04 23:17:30
TX00054,CUST1168,999.0,success,unknown,5,low,Payment already successful,stop,0.99,No recovery is required.,BLOCK,Payment is already successful.,BLOCKED,not_attempted,0.0,Recovery action blocked by policy governance.,2026-09-04 23:17:30
TX00055,CUST1130,2499.0,failed,authentication_failed,15,low,Retry limit reached,stop,0.97,Maximum retry attempts have already been reached.,BLOCK,Action 'stop' is not executable by the recovery policy.,BLOCKED,not_attempted,0.0,Recovery action blocked by policy governance.,2026-09-04 23:17:30
TX00056,CUST1045,7999.0,abandoned,checkout_abandoned,45,medium,Checkout abandonment,reminder,0.88,Recent abandoned checkout with potential purchase intent.,ALLOW,Transaction passed all recovery policy checks.,SIMULATED,FOLLOW_UP,0.0,Recovery reminder scheduled in Test Mode simulation.,2026-09-04 23:17:30
TX00057,CUST1111,1999.0,failed,bank_declined,25,low,Retry limit reached,stop,0.97,Maximum retry attempts have already been reached.,BLOCK,Action 'stop' is not executable by the recovery policy.,BLOCKED,not_attempted,0.0,Recovery action blocked by policy governance.,2026-09-04 23:17:30
TX00058,CUST1048,1299.0,success,unknown,5,low,Payment already successful,stop,0.99,No recovery is required.,BLOCK,Payment is already successful.,BLOCKED,not_attempted,0.0,Recovery action blocked by policy governance.,2026-09-04 23:17:30
TX00059,CUST1017,9999.0,abandoned,checkout_abandoned,25,low,Stale abandoned checkout,stop,0.82,The abandoned checkout is too old for an immediate recovery attempt.,BLOCK,Action 'stop' is not executable by the recovery policy.,BLOCKED,not_attempted,0.0,Recovery action blocked by policy governance.,2026-09-04 23:17:30
TX00060,CUST1184,1299.0,success,unknown,0,low,Payment already successful,stop,0.99,No recovery is required.,BLOCK,Payment is already successful.,BLOCKED,not_attempted,0.0,Recovery action blocked by policy governance.,2026-09-04 23:17:30
TX00061,CUST1141,799.0,success,unknown,0,low,Payment already successful,stop,0.99,No recovery is required.,BLOCK,Payment is already successful.,BLOCKED,not_attempted,0.0,Recovery action blocked by policy governance.,2026-09-04 23:17:30
TX00062,CUST1103,4999.0,failed,bank_declined,40,medium,Retry limit reached,stop,0.97,Maximum retry attempts have already been reached.,BLOCK,Action 'stop' is not executable by the recovery policy.,BLOCKED,not_attempted,0.0,Recovery action blocked by policy governance.,2026-09-04 23:17:30
TX00063,CUST1155,9999.0,success,unknown,15,low,Payment already successful,stop,0.99,No recovery is required.,BLOCK,Payment is already successful.,BLOCKED,not_attempted,0.0,Recovery action blocked by policy governance.,2026-09-04 23:17:30
TX00064,CUST1121,799.0,failed,bank_declined,35,low,Retry limit reached,stop,0.97,Maximum retry attempts have already been reached.,BLOCK,Action 'stop' is not executable by the recovery policy.,BLOCKED,not_attempted,0.0,Recovery action blocked by policy governance.,2026-09-04 23:17:30
TX00065,CUST1172,1299.0,success,unknown,5,low,Payment already successful,stop,0.99,No recovery is required.,BLOCK,Payment is already successful.,BLOCKED,not_attempted,0.0,Recovery action blocked by policy governance.,2026-09-04 23:17:30
TX00066,CUST1121,7999.0,failed,timeout,40,medium,Retry limit reached,stop,0.97,Maximum retry attempts have already been reached.,BLOCK,Action 'stop' is not executable by the recovery policy.,BLOCKED,not_attempted,0.0,Recovery action blocked by policy governance.,2026-09-04 23:17:30
TX00067,CUST1183,2499.0,success,unknown,0,low,Payment already successful,stop,0.99,No recovery is required.,BLOCK,Payment is already successful.,BLOCKED,not_attempted,0.0,Recovery action blocked by policy governance.,2026-09-04 23:17:30
TX00068,CUST1192,499.0,failed,network_error,50,medium,Technical payment failure retry,retry,0.85,System technical glitch detected with potential recovery capability.,BLOCK,Maximum retry attempts reached.,BLOCKED,not_attempted,0.0,Recovery action blocked by policy governance.,2026-09-04 23:17:30
TX00069,CUST1031,3499.0,success,unknown,0,low,Payment already successful,stop,0.99,No recovery is required.,BLOCK,Payment is already successful.,BLOCKED,not_attempted,0.0,Recovery action blocked by policy governance.,2026-09-04 23:17:30
TX00070,CUST1129,2499.0,failed,authentication_failed,15,low,Retry limit reached,stop,0.97,Maximum retry attempts have already been reached.,BLOCK,Action 'stop' is not executable by the recovery policy.,BLOCKED,not_attempted,0.0,Recovery action blocked by policy governance.,2026-09-04 23:17:30
TX00071,CUST1115,1299.0,failed,upi_failure,45,medium,Retry limit reached,stop,0.97,Maximum retry attempts have already been reached.,BLOCK,Action 'stop' is not executable by the recovery policy.,BLOCKED,not_attempted,0.0,Recovery action blocked by policy governance.,2026-09-04 23:17:30
TX00072,CUST1112,499.0,failed,network_error,35,low,Retry limit reached,stop,0.97,Maximum retry attempts have already been reached.,BLOCK,Action 'stop' is not executable by the recovery policy.,BLOCKED,not_attempted,0.0,Recovery action blocked by policy governance.,2026-09-04 23:17:30
TX00073,CUST1020,799.0,success,unknown,0,low,Payment already successful,stop,0.99,No recovery is required.,BLOCK,Payment is already successful.,BLOCKED,not_attempted,0.0,Recovery action blocked by policy governance.,2026-09-04 23:17:30
TX00074,CUST1106,2499.0,success,unknown,20,low,Payment already successful,stop,0.99,No recovery is required.,BLOCK,Payment is already successful.,BLOCKED,not_attempted,0.0,Recovery action blocked by policy governance.,2026-09-04 23:17:30
TX00075,CUST1099,7999.0,abandoned,checkout_abandoned,25,low,Stale abandoned checkout,stop,0.82,The abandoned checkout is too old for an immediate recovery attempt.,BLOCK,Action 'stop' is not executable by the recovery policy.,BLOCKED,not_attempted,0.0,Recovery action blocked by policy governance.,2026-09-04 23:17:30
TX00076,CUST1090,1299.0,failed,insufficient_funds,20,low,Insufficient funds,escalate,0.91,Immediate repeated retries could create unnecessary payment attempts.,BLOCK,Action 'escalate' is not executable by the recovery policy.,BLOCKED,not_attempted,0.0,Recovery action blocked by policy governance.,2026-09-04 23:17:30
TX00077,CUST1111,3499.0,success,unknown,15,low,Payment already successful,stop,0.99,No recovery is required.,BLOCK,Payment is already successful.,BLOCKED,not_attempted,0.0,Recovery action blocked by policy governance.,2026-09-04 23:17:30
TX00078,CUST1032,7999.0,success,unknown,0,low,Payment already successful,stop,0.99,No recovery is required.,BLOCK,Payment is already successful.,BLOCKED,not_attempted,0.0,Recovery action blocked by policy governance.,2026-09-04 23:17:30
TX00079,CUST1034,3499.0,success,unknown,20,low,Payment already successful,stop,0.99,No recovery is required.,BLOCK,Payment is already successful.,BLOCKED,not_attempted,0.0,Recovery action blocked by policy governance.,2026-09-04 23:17:30
TX00080,CUST1083,1999.0,failed,insufficient_funds,10,low,Insufficient funds,escalate,0.91,Immediate repeated retries could create unnecessary payment attempts.,BLOCK,Action 'escalate' is not executable by the recovery policy.,BLOCKED,not_attempted,0.0,Recovery action blocked by policy governance.,2026-09-04 23:17:30
TX00081,CUST1120,299.0,failed,timeout,45,medium,Retry limit reached,stop,0.97,Maximum retry attempts have already been reached.,BLOCK,Action 'stop' is not executable by the recovery policy.,BLOCKED,not_attempted,0.0,Recovery action blocked by policy governance.,2026-09-04 23:17:30
TX00082,CUST1010,299.0,abandoned,checkout_abandoned,20,low,Stale abandoned checkout,stop,0.82,The abandoned checkout is too old for an immediate recovery attempt.,BLOCK,Action 'stop' is not executable by the recovery policy.,BLOCKED,not_attempted,0.0,Recovery action blocked by policy governance.,2026-09-04 23:17:30
TX00083,CUST1061,799.0,success,unknown,0,low,Payment already successful,stop,0.99,No recovery is required.,BLOCK,Payment is already successful.,BLOCKED,not_attempted,0.0,Recovery action blocked by policy governance.,2026-09-04 23:17:30
TX00084,CUST1196,1999.0,success,unknown,10,low,Payment already successful,stop,0.99,No recovery is required.,BLOCK,Payment is already successful.,BLOCKED,not_attempted,0.0,Recovery action blocked by policy governance.,2026-09-04 23:17:30
TX00085,CUST1006,1299.0,failed,insufficient_funds,10,low,Insufficient funds,escalate,0.91,Immediate repeated retries could create unnecessary payment attempts.,BLOCK,Action 'escalate' is not executable by the recovery policy.,BLOCKED,not_attempted,0.0,Recovery action blocked by policy governance.,2026-09-04 23:17:30
TX00086,CUST1160,999.0,success,unknown,0,low,Payment already successful,stop,0.99,No recovery is required.,BLOCK,Payment is already successful.,BLOCKED,not_attempted,0.0,Recovery action blocked by policy governance.,2026-09-04 23:17:30
TX00087,CUST1088,4999.0,success,unknown,15,low,Payment already successful,stop,0.99,No recovery is required.,BLOCK,Payment is already successful.,BLOCKED,not_attempted,0.0,Recovery action blocked by policy governance.,2026-09-04 23:17:30
TX00088,CUST1125,499.0,success,unknown,5,low,Payment already successful,stop,0.99,No recovery is required.,BLOCK,Payment is already successful.,BLOCKED,not_attempted,0.0,Recovery action blocked by policy governance.,2026-09-04 23:17:30
TX00089,CUST1045,4999.0,abandoned,checkout_abandoned,25,low,Stale abandoned checkout,stop,0.82,The abandoned checkout is too old for an immediate recovery attempt.,BLOCK,Action 'stop' is not executable by the recovery policy.,BLOCKED,not_attempted,0.0,Recovery action blocked by policy governance.,2026-09-04 23:17:30
TX00090,CUST1198,3499.0,success,unknown,5,low,Payment already successful,stop,0.99,No recovery is required.,BLOCK,Payment is already successful.,BLOCKED,not_attempted,0.0,Recovery action blocked by policy governance.,2026-09-04 23:17:30
TX00091,CUST1071,3499.0,success,unknown,20,low,Payment already successful,stop,0.99,No recovery is required.,BLOCK,Payment is already successful.,BLOCKED,not_attempted,0.0,Recovery action blocked by policy governance.,2026-09-04 23:17:30
TX00092,CUST1083,799.0,success,unknown,10,low,Payment already successful,stop,0.99,No recovery is required.,BLOCK,Payment is already successful.,BLOCKED,not_attempted,0.0,Recovery action blocked by policy governance.,2026-09-04 23:17:30
TX00093,CUST1179,1299.0,failed,authentication_failed,20,low,Stale recovery opportunity,stop,0.94,The transaction is outside the recovery window.,BLOCK,Action 'stop' is not executable by the recovery policy.,BLOCKED,not_attempted,0.0,Recovery action blocked by policy governance.,2026-09-04 23:17:30
TX00094,CUST1125,4999.0,failed,upi_failure,40,medium,Retry limit reached,stop,0.97,Maximum retry attempts have already been reached.,BLOCK,Action 'stop' is not executable by the recovery policy.,BLOCKED,not_attempted,0.0,Recovery action blocked by policy governance.,2026-09-04 23:17:30
TX00095,CUST1023,1299.0,success,unknown,0,low,Payment already successful,stop,0.99,No recovery is required.,BLOCK,Payment is already successful.,BLOCKED,not_attempted,0.0,Recovery action blocked by policy governance.,2026-09-04 23:17:30
TX00096,CUST1121,4999.0,success,unknown,5,low,Payment already successful,stop,0.99,No recovery is required.,BLOCK,Payment is already successful.,BLOCKED,not_attempted,0.0,Recovery action blocked by policy governance.,2026-09-04 23:17:30
TX00097,CUST1069,1299.0,success,unknown,10,low,Payment already successful,stop,0.99,No recovery is required.,BLOCK,Payment is already successful.,BLOCKED,not_attempted,0.0,Recovery action blocked by policy governance.,2026-09-04 23:17:30
TX00098,CUST1137,799.0,success,unknown,0,low,Payment already successful,stop,0.99,No recovery is required.,BLOCK,Payment is already successful.,BLOCKED,not_attempted,0.0,Recovery action blocked by policy governance.,2026-09-04 23:17:30
TX00099,CUST1152,1299.0,abandoned,checkout_abandoned,35,low,Checkout abandonment,reminder,0.88,Recent abandoned checkout with potential purchase intent.,ALLOW,Transaction passed all recovery policy checks.,SIMULATED,FOLLOW_UP,0.0,Recovery reminder scheduled in Test Mode simulation.,2026-09-04 23:17:30
TX00100,CUST1045,1299.0,success,unknown,10,low,Payment already successful,stop,0.99,No recovery is required.,BLOCK,Payment is already successful.,BLOCKED,not_attempted,0.0,Recovery action blocked by policy governance.,2026-09-04 23:17:30
TX00101,CUST1074,799.0,failed,insufficient_funds,20,low,Insufficient funds,escalate,0.91,Immediate repeated retries could create unnecessary payment attempts.,BLOCK,Action 'escalate' is not executable by the recovery policy.,BLOCKED,not_attempted,0.0,Recovery action blocked by policy governance.,2026-09-04 23:17:30
TX00102,CUST1112,1999.0,success,unknown,5,low,Payment already successful,stop,0.99,No recovery is required.,BLOCK,Payment is already successful.,BLOCKED,not_attempted,0.0,Recovery action blocked by policy governance.,2026-09-04 23:17:30
TX00103,CUST1102,3499.0,success,unknown,0,low,Payment already successful,stop,0.99,No recovery is required.,BLOCK,Payment is already successful.,BLOCKED,not_attempted,0.0,Recovery action blocked by policy governance.,2026-09-04 23:17:30
TX00104,CUST1077,499.0,abandoned,checkout_abandoned,10,low,Stale abandoned checkout,stop,0.82,The abandoned checkout is too old for an immediate recovery attempt.,BLOCK,Action 'stop' is not executable by the recovery policy.,BLOCKED,not_attempted,0.0,Recovery action blocked by policy governance.,2026-09-04 23:17:30
TX00105,CUST1155,7999.0,failed,network_error,40,medium,Retry limit reached,stop,0.97,Maximum retry attempts have already been reached.,BLOCK,Action 'stop' is not executable by the recovery policy.,BLOCKED,not_attempted,0.0,Recovery action blocked by policy governance.,2026-09-04 23:17:30
TX00106,CUST1076,7999.0,abandoned,checkout_abandoned,25,low,Stale abandoned checkout,stop,0.82,The abandoned checkout is too old for an immediate recovery attempt.,BLOCK,Action 'stop' is not executable by the recovery policy.,BLOCKED,not_attempted,0.0,Recovery action blocked by policy governance.,2026-09-04 23:17:30
TX00107,CUST1156,499.0,abandoned,checkout_abandoned,30,low,Checkout abandonment,reminder,0.88,Recent abandoned checkout with potential purchase intent.,ALLOW,Transaction passed all recovery policy checks.,SIMULATED,FOLLOW_UP,0.0,Recovery reminder scheduled in Test Mode simulation.,2026-09-04 23:17:30
TX00108,CUST1169,499.0,success,unknown,5,low,Payment already successful,stop,0.99,No recovery is required.,BLOCK,Payment is already successful.,BLOCKED,not_attempted,0.0,Recovery action blocked by policy governance.,2026-09-04 23:17:30
TX00109,CUST1115,7999.0,success,unknown,5,low,Payment already successful,stop,0.99,No recovery is required.,BLOCK,Payment is already successful.,BLOCKED,not_attempted,0.0,Recovery action blocked by policy governance.,2026-09-04 23:17:30
TX00110,CUST1179,3499.0,success,unknown,0,low,Payment already successful,stop,0.99,No recovery is required.,BLOCK,Payment is already successful.,BLOCKED,not_attempted,0.0,Recovery action blocked by policy governance.,2026-09-04 23:17:30
TX00111,CUST1050,2499.0,success,unknown,0,low,Payment already successful,stop,0.99,No recovery is required.,BLOCK,Payment is already successful.,BLOCKED,not_attempted,0.0,Recovery action blocked by policy governance.,2026-09-04 23:17:30
TX00112,CUST1018,299.0,success,unknown,5,low,Payment already successful,stop,0.99,No recovery is required.,BLOCK,Payment is already successful.,BLOCKED,not_attempted,0.0,Recovery action blocked by policy governance.,2026-09-04 23:17:30
TX00113,CUST1176,1299.0,failed,bank_declined,45,medium,Retry limit reached,stop,0.97,Maximum retry attempts have already been reached.,BLOCK,Action 'stop' is not executable by the recovery policy.,BLOCKED,not_attempted,0.0,Recovery action blocked by policy governance.,2026-09-04 23:17:30
TX00114,CUST1010,2499.0,failed,authentication_failed,30,low,Retry limit reached,stop,0.97,Maximum retry attempts have already been reached.,BLOCK,Action 'stop' is not executable by the recovery policy.,BLOCKED,not_attempted,0.0,Recovery action blocked by policy governance.,2026-09-04 23:17:30
TX00115,CUST1147,7999.0,abandoned,checkout_abandoned,40,medium,Checkout abandonment,reminder,0.88,Recent abandoned checkout with potential purchase intent.,ALLOW,Transaction passed all recovery policy checks.,SIMULATED,FOLLOW_UP,0.0,Recovery reminder scheduled in Test Mode simulation.,2026-09-04 23:17:30
TX00116,CUST1120,4999.0,failed,bank_declined,55,medium,Stale recovery opportunity,stop,0.94,The transaction is outside the recovery window.,BLOCK,Action 'stop' is not executable by the recovery policy.,BLOCKED,not_attempted,0.0,Recovery action blocked by policy governance.,2026-09-04 23:17:30
TX00117,CUST1023,3499.0,success,unknown,15,low,Payment already successful,stop,0.99,No recovery is required.,BLOCK,Payment is already successful.,BLOCKED,not_attempted,0.0,Recovery action blocked by policy governance.,2026-09-04 23:17:30
TX00118,CUST1084,2499.0,failed,bank_declined,55,medium,Retry limit reached,stop,0.97,Maximum retry attempts have already been reached.,BLOCK,Action 'stop' is not executable by the recovery policy.,BLOCKED,not_attempted,0.0,Recovery action blocked by policy governance.,2026-09-04 23:17:30
TX00119,CUST1064,1999.0,success,unknown,5,low,Payment already successful,stop,0.99,No recovery is required.,BLOCK,Payment is already successful.,BLOCKED,not_attempted,0.0,Recovery action blocked by policy governance.,2026-09-04 23:17:30
TX00120,CUST1048,4999.0,success,unknown,20,low,Payment already successful,stop,0.99,No recovery is required.,BLOCK,Payment is already successful.,BLOCKED,not_attempted,0.0,Recovery action blocked by policy governance.,2026-09-04 23:17:30
TX00121,CUST1140,799.0,abandoned,checkout_abandoned,15,low,Stale abandoned checkout,stop,0.82,The abandoned checkout is too old for an immediate recovery attempt.,BLOCK,Action 'stop' is not executable by the recovery policy.,BLOCKED,not_attempted,0.0,Recovery action blocked by policy governance.,2026-09-04 23:17:30
TX00122,CUST1007,9999.0,failed,network_error,70,high,Temporary payment failure,retry,0.92,Failure appears temporary and the customer has not exceeded the retry limit.,BLOCK,Maximum retry attempts reached.,BLOCKED,not_attempted,0.0,Recovery action blocked by policy governance.,2026-09-04 23:17:30
TX00123,CUST1104,499.0,success,unknown,0,low,Payment already successful,stop,0.99,No recovery is required.,BLOCK,Payment is already successful.,BLOCKED,not_attempted,0.0,Recovery action blocked by policy governance.,2026-09-04 23:17:30
TX00124,CUST1127,1299.0,success,unknown,0,low,Payment already successful,stop,0.99,No recovery is required.,BLOCK,Payment is already successful.,BLOCKED,not_attempted,0.0,Recovery action blocked by policy governance.,2026-09-04 23:17:30
TX00125,CUST1116,4999.0,success,unknown,15,low,Payment already successful,stop,0.99,No recovery is required.,BLOCK,Payment is already successful.,BLOCKED,not_attempted,0.0,Recovery action blocked by policy governance.,2026-09-04 23:17:30
TX00126,CUST1087,4999.0,success,unknown,15,low,Payment already successful,stop,0.99,No recovery is required.,BLOCK,Payment is already successful.,BLOCKED,not_attempted,0.0,Recovery action blocked by policy governance.,2026-09-04 23:17:30
TX00127,CUST1148,9999.0,success,unknown,0,low,Payment already successful,stop,0.99,No recovery is required.,BLOCK,Payment is already successful.,BLOCKED,not_attempted,0.0,Recovery action blocked by policy governance.,2026-09-04 23:17:30
TX00128,CUST1085,4999.0,failed,insufficient_funds,20,low,Insufficient funds,escalate,0.91,Immediate repeated retries could create unnecessary payment attempts.,BLOCK,Action 'escalate' is not executable by the recovery policy.,BLOCKED,not_attempted,0.0,Recovery action blocked by policy governance.,2026-09-04 23:17:30
TX00129,CUST1146,2499.0,success,unknown,0,low,Payment already successful,stop,0.99,No recovery is required.,BLOCK,Payment is already successful.,BLOCKED,not_attempted,0.0,Recovery action blocked by policy governance.,2026-09-04 23:17:30
TX00130,CUST1180,2499.0,success,unknown,20,low,Payment already successful,stop,0.99,No recovery is required.,BLOCK,Payment is already successful.,BLOCKED,not_attempted,0.0,Recovery action blocked by policy governance.,2026-09-04 23:17:30
TX00131,CUST1151,1999.0,abandoned,checkout_abandoned,20,low,Stale abandoned checkout,stop,0.82,The abandoned checkout is too old for an immediate recovery attempt.,BLOCK,Action 'stop' is not executable by the recovery policy.,BLOCKED,not_attempted,0.0,Recovery action blocked by policy governance.,2026-09-04 23:17:30
TX00132,CUST1003,799.0,success,unknown,0,low,Payment already successful,stop,0.99,No recovery is required.,BLOCK,Payment is already successful.,BLOCKED,not_attempted,0.0,Recovery action blocked by policy governance.,2026-09-04 23:17:30
TX00133,CUST1086,7999.0,failed,upi_failure,55,medium,Technical payment failure retry,retry,0.85,System technical glitch detected with potential recovery capability.,BLOCK,Transaction is outside the 7-day recovery window.,BLOCKED,not_attempted,0.0,Recovery action blocked by policy governance.,2026-09-04 23:17:30
TX00134,CUST1097,1999.0,failed,insufficient_funds,20,low,Insufficient funds,escalate,0.91,Immediate repeated retries could create unnecessary payment attempts.,BLOCK,Action 'escalate' is not executable by the recovery policy.,BLOCKED,not_attempted,0.0,Recovery action blocked by policy governance.,2026-09-04 23:17:30
TX00135,CUST1161,9999.0,abandoned,checkout_abandoned,40,medium,Checkout abandonment,reminder,0.88,Recent abandoned checkout with potential purchase intent.,ALLOW,Transaction passed all recovery policy checks.,SIMULATED,FOLLOW_UP,0.0,Recovery reminder scheduled in Test Mode simulation.,2026-09-04 23:17:30
TX00136,CUST1025,9999.0,failed,timeout,55,medium,Retry limit reached,stop,0.97,Maximum retry attempts have already been reached.,BLOCK,Action 'stop' is not executable by the recovery policy.,BLOCKED,not_attempted,0.0,Recovery action blocked by policy governance.,2026-09-04 23:17:30
TX00137,CUST1011,1999.0,failed,bank_declined,45,medium,Retry limit reached,stop,0.97,Maximum retry attempts have already been reached.,BLOCK,Action 'stop' is not executable by the recovery policy.,BLOCKED,not_attempted,0.0,Recovery action blocked by policy governance.,2026-09-04 23:17:30
TX00138,CUST1135,2499.0,failed,network_error,60,medium,Technical payment failure retry,retry,0.85,System technical glitch detected with potential recovery capability.,BLOCK,Maximum retry attempts reached.,BLOCKED,not_attempted,0.0,Recovery action blocked by policy governance.,2026-09-04 23:17:30
TX00139,CUST1158,9999.0,success,unknown,0,low,Payment already successful,stop,0.99,No recovery is required.,BLOCK,Payment is already successful.,BLOCKED,not_attempted,0.0,Recovery action blocked by policy governance.,2026-09-04 23:17:30
TX00140,CUST1117,1299.0,failed,insufficient_funds,25,low,Insufficient funds,escalate,0.91,Immediate repeated retries could create unnecessary payment attempts.,BLOCK,Action 'escalate' is not executable by the recovery policy.,BLOCKED,not_attempted,0.0,Recovery action blocked by policy governance.,2026-09-04 23:17:30
TX00141,CUST1150,1299.0,failed,insufficient_funds,25,low,Insufficient funds,escalate,0.91,Immediate repeated retries could create unnecessary payment attempts.,BLOCK,Action 'escalate' is not executable by the recovery policy.,BLOCKED,not_attempted,0.0,Recovery action blocked by policy governance.,2026-09-04 23:17:30
TX00142,CUST1123,499.0,success,unknown,5,low,Payment already successful,stop,0.99,No recovery is required.,BLOCK,Payment is already successful.,BLOCKED,not_attempted,0.0,Recovery action blocked by policy governance.,2026-09-04 23:17:30
TX00143,CUST1168,2499.0,success,unknown,5,low,Payment already successful,stop,0.99,No recovery is required.,BLOCK,Payment is already successful.,BLOCKED,not_attempted,0.0,Recovery action blocked by policy governance.,2026-09-04 23:17:30
TX00144,CUST1155,1999.0,success,unknown,0,low,Payment already successful,stop,0.99,No recovery is required.,BLOCK,Payment is already successful.,BLOCKED,not_attempted,0.0,Recovery action blocked by policy governance.,2026-09-04 23:17:30
TX00145,CUST1196,9999.0,failed,network_error,55,medium,Technical payment failure retry,retry,0.85,System technical glitch detected with potential recovery capability.,BLOCK,Transaction is outside the 7-day recovery window.,BLOCKED,not_attempted,0.0,Recovery action blocked by policy governance.,2026-09-04 23:17:30
TX00146,CUST1008,7999.0,success,unknown,15,low,Payment already successful,stop,0.99,No recovery is required.,BLOCK,Payment is already successful.,BLOCKED,not_attempted,0.0,Recovery action blocked by policy governance.,2026-09-04 23:17:30
TX00147,CUST1106,799.0,success,unknown,10,low,Payment already successful,stop,0.99,No recovery is required.,BLOCK,Payment is already successful.,BLOCKED,not_attempted,0.0,Recovery action blocked by policy governance.,2026-09-04 23:17:30
TX00148,CUST1075,1999.0,failed,insufficient_funds,20,low,Insufficient funds,escalate,0.91,Immediate repeated retries could create unnecessary payment attempts.,BLOCK,Action 'escalate' is not executable by the recovery policy.,BLOCKED,not_attempted,0.0,Recovery action blocked by policy governance.,2026-09-04 23:17:30
TX00149,CUST1185,9999.0,abandoned,checkout_abandoned,30,low,Stale abandoned checkout,stop,0.82,The abandoned checkout is too old for an immediate recovery attempt.,BLOCK,Action 'stop' is not executable by the recovery policy.,BLOCKED,not_attempted,0.0,Recovery action blocked by policy governance.,2026-09-04 23:17:30
TX00150,CUST1003,1299.0,success,unknown,0,low,Payment already successful,stop,0.99,No recovery is required.,BLOCK,Payment is already successful.,BLOCKED,not_attempted,0.0,Recovery action blocked by policy governance.,2026-09-04 23:17:30
TX00151,CUST1067,7999.0,success,unknown,0,low,Payment already successful,stop,0.99,No recovery is required.,BLOCK,Payment is already successful.,BLOCKED,not_attempted,0.0,Recovery action blocked by policy governance.,2026-09-04 23:17:30
TX00152,CUST1158,4999.0,success,unknown,0,low,Payment already successful,stop,0.99,No recovery is required.,BLOCK,Payment is already successful.,BLOCKED,not_attempted,0.0,Recovery action blocked by policy governance.,2026-09-04 23:17:30
TX00153,CUST1077,9999.0,success,unknown,15,low,Payment already successful,stop,0.99,No recovery is required.,BLOCK,Payment is already successful.,BLOCKED,not_attempted,0.0,Recovery action blocked by policy governance.,2026-09-04 23:17:30
TX00154,CUST1029,499.0,success,unknown,5,low,Payment already successful,stop,0.99,No recovery is required.,BLOCK,Payment is already successful.,BLOCKED,not_attempted,0.0,Recovery action blocked by policy governance.,2026-09-04 23:17:30
TX00155,CUST1190,4999.0,success,unknown,15,low,Payment already successful,stop,0.99,No recovery is required.,BLOCK,Payment is already successful.,BLOCKED,not_attempted,0.0,Recovery action blocked by policy governance.,2026-09-04 23:17:30
TX00156,CUST1157,2499.0,abandoned,checkout_abandoned,30,low,Stale abandoned checkout,stop,0.82,The abandoned checkout is too old for an immediate recovery attempt.,BLOCK,Action 'stop' is not executable by the recovery policy.,BLOCKED,not_attempted,0.0,Recovery action blocked by policy governance.,2026-09-04 23:17:30
TX00157,CUST1055,3499.0,success,unknown,5,low,Payment already successful,stop,0.99,No recovery is required.,BLOCK,Payment is already successful.,BLOCKED,not_attempted,0.0,Recovery action blocked by policy governance.,2026-09-04 23:17:30
TX00158,CUST1139,9999.0,success,unknown,5,low,Payment already successful,stop,0.99,No recovery is required.,BLOCK,Payment is already successful.,BLOCKED,not_attempted,0.0,Recovery action blocked by policy governance.,2026-09-04 23:17:30
TX00159,CUST1116,499.0,failed,upi_failure,30,low,Retry limit reached,stop,0.97,Maximum retry attempts have already been reached.,BLOCK,Action 'stop' is not executable by the recovery policy.,BLOCKED,not_attempted,0.0,Recovery action blocked by policy governance.,2026-09-04 23:17:30
TX00160,CUST1062,799.0,failed,network_error,60,medium,Temporary payment failure,retry,0.92,Failure appears temporary and the customer has not exceeded the retry limit.,ALLOW,Transaction passed all recovery policy checks.,SIMULATED,RECOVERED,799.0,Payment retry succeeded in Test Mode simulation.,2026-09-04 23:17:30
TX00161,CUST1084,799.0,failed,authentication_failed,40,medium,Low recovery probability / Ineligible,stop,0.85,Payment failure reason 'authentication_failed' is not eligible for recovery.,BLOCK,Action 'stop' is not executable by the recovery policy.,BLOCKED,not_attempted,0.0,Recovery action blocked by policy governance.,2026-09-04 23:17:30
TX00162,CUST1064,799.0,success,unknown,5,low,Payment already successful,stop,0.99,No recovery is required.,BLOCK,Payment is already successful.,BLOCKED,not_attempted,0.0,Recovery action blocked by policy governance.,2026-09-04 23:17:30
TX00163,CUST1150,1999.0,success,unknown,0,low,Payment already successful,stop,0.99,No recovery is required.,BLOCK,Payment is already successful.,BLOCKED,not_attempted,0.0,Recovery action blocked by policy governance.,2026-09-04 23:17:30
TX00164,CUST1134,499.0,failed,insufficient_funds,5,low,Insufficient funds,escalate,0.91,Immediate repeated retries could create unnecessary payment attempts.,BLOCK,Action 'escalate' is not executable by the recovery policy.,BLOCKED,not_attempted,0.0,Recovery action blocked by policy governance.,2026-09-04 23:17:30
TX00165,CUST1115,4999.0,success,unknown,0,low,Payment already successful,stop,0.99,No recovery is required.,BLOCK,Payment is already successful.,BLOCKED,not_attempted,0.0,Recovery action blocked by policy governance.,2026-09-04 23:17:30
TX00166,CUST1015,3499.0,failed,insufficient_funds,30,low,Insufficient funds,escalate,0.91,Immediate repeated retries could create unnecessary payment attempts.,BLOCK,Action 'escalate' is not executable by the recovery policy.,BLOCKED,not_attempted,0.0,Recovery action blocked by policy governance.,2026-09-04 23:17:30
TX00167,CUST1018,499.0,success,unknown,5,low,Payment already successful,stop,0.99,No recovery is required.,BLOCK,Payment is already successful.,BLOCKED,not_attempted,0.0,Recovery action blocked by policy governance.,2026-09-04 23:17:30
TX00168,CUST1162,7999.0,success,unknown,0,low,Payment already successful,stop,0.99,No recovery is required.,BLOCK,Payment is already successful.,BLOCKED,not_attempted,0.0,Recovery action blocked by policy governance.,2026-09-04 23:17:30
TX00169,CUST1116,4999.0,failed,timeout,70,high,Technical payment failure retry,retry,0.85,System technical glitch detected with potential recovery capability.,BLOCK,Transaction is outside the 7-day recovery window.,BLOCKED,not_attempted,0.0,Recovery action blocked by policy governance.,2026-09-04 23:17:30
TX00170,CUST1105,1999.0,failed,insufficient_funds,20,low,Insufficient funds,escalate,0.91,Immediate repeated retries could create unnecessary payment attempts.,BLOCK,Action 'escalate' is not executable by the recovery policy.,BLOCKED,not_attempted,0.0,Recovery action blocked by policy governance.,2026-09-04 23:17:30
TX00171,CUST1170,1299.0,success,unknown,10,low,Payment already successful,stop,0.99,No recovery is required.,BLOCK,Payment is already successful.,BLOCKED,not_attempted,0.0,Recovery action blocked by policy governance.,2026-09-04 23:17:30
TX00172,CUST1023,2499.0,success,unknown,10,low,Payment already successful,stop,0.99,No recovery is required.,BLOCK,Payment is already successful.,BLOCKED,not_attempted,0.0,Recovery action blocked by policy governance.,2026-09-04 23:17:30
TX00173,CUST1143,4999.0,success,unknown,5,low,Payment already successful,stop,0.99,No recovery is required.,BLOCK,Payment is already successful.,BLOCKED,not_attempted,0.0,Recovery action blocked by policy governance.,2026-09-04 23:17:30
TX00174,CUST1192,2499.0,abandoned,checkout_abandoned,25,low,Stale abandoned checkout,stop,0.82,The abandoned checkout is too old for an immediate recovery attempt.,BLOCK,Action 'stop' is not executable by the recovery policy.,BLOCKED,not_attempted,0.0,Recovery action blocked by policy governance.,2026-09-04 23:17:30
TX00175,CUST1090,499.0,failed,network_error,50,medium,Technical payment failure retry,retry,0.85,System technical glitch detected with potential recovery capability.,BLOCK,Maximum retry attempts reached.,BLOCKED,not_attempted,0.0,Recovery action blocked by policy governance.,2026-09-04 23:17:30
TX00176,CUST1089,4999.0,success,unknown,0,low,Payment already successful,stop,0.99,No recovery is required.,BLOCK,Payment is already successful.,BLOCKED,not_attempted,0.0,Recovery action blocked by policy governance.,2026-09-04 23:17:30
TX00177,CUST1196,7999.0,failed,upi_failure,55,medium,Retry limit reached,stop,0.97,Maximum retry attempts have already been reached.,BLOCK,Action 'stop' is not executable by the recovery policy.,BLOCKED,not_attempted,0.0,Recovery action blocked by policy governance.,2026-09-04 23:17:30
TX00178,CUST1069,1299.0,abandoned,checkout_abandoned,35,low,Checkout abandonment,reminder,0.88,Recent abandoned checkout with potential purchase intent.,ALLOW,Transaction passed all recovery policy checks.,SIMULATED,FOLLOW_UP,0.0,Recovery reminder scheduled in Test Mode simulation.,2026-09-04 23:17:30
TX00179,CUST1144,9999.0,success,unknown,0,low,Payment already successful,stop,0.99,No recovery is required.,BLOCK,Payment is already successful.,BLOCKED,not_attempted,0.0,Recovery action blocked by policy governance.,2026-09-04 23:17:30
TX00180,CUST1055,2499.0,success,unknown,20,low,Payment already successful,stop,0.99,No recovery is required.,BLOCK,Payment is already successful.,BLOCKED,not_attempted,0.0,Recovery action blocked by policy governance.,2026-09-04 23:17:30
TX00181,CUST1083,7999.0,failed,timeout,70,high,Temporary payment failure,retry,0.92,Failure appears temporary and the customer has not exceeded the retry limit.,BLOCK,Maximum retry attempts reached.,BLOCKED,not_attempted,0.0,Recovery action blocked by policy governance.,2026-09-04 23:17:30
TX00182,CUST1020,1299.0,success,unknown,5,low,Payment already successful,stop,0.99,No recovery is required.,BLOCK,Payment is already successful.,BLOCKED,not_attempted,0.0,Recovery action blocked by policy governance.,2026-09-04 23:17:30
TX00183,CUST1069,999.0,failed,timeout,50,medium,Retry limit reached,stop,0.97,Maximum retry attempts have already been reached.,BLOCK,Action 'stop' is not executable by the recovery policy.,BLOCKED,not_attempted,0.0,Recovery action blocked by policy governance.,2026-09-04 23:17:30
TX00184,CUST1173,7999.0,success,unknown,15,low,Payment already successful,stop,0.99,No recovery is required.,BLOCK,Payment is already successful.,BLOCKED,not_attempted,0.0,Recovery action blocked by policy governance.,2026-09-04 23:17:30
TX00185,CUST1014,299.0,success,unknown,5,low,Payment already successful,stop,0.99,No recovery is required.,BLOCK,Payment is already successful.,BLOCKED,not_attempted,0.0,Recovery action blocked by policy governance.,2026-09-04 23:17:30
TX00186,CUST1030,299.0,success,unknown,10,low,Payment already successful,stop,0.99,No recovery is required.,BLOCK,Payment is already successful.,BLOCKED,not_attempted,0.0,Recovery action blocked by policy governance.,2026-09-04 23:17:30
TX00187,CUST1180,999.0,success,unknown,0,low,Payment already successful,stop,0.99,No recovery is required.,BLOCK,Payment is already successful.,BLOCKED,not_attempted,0.0,Recovery action blocked by policy governance.,2026-09-04 23:17:30
TX00188,CUST1010,2499.0,success,unknown,15,low,Payment already successful,stop,0.99,No recovery is required.,BLOCK,Payment is already successful.,BLOCKED,not_attempted,0.0,Recovery action blocked by policy governance.,2026-09-04 23:17:30
TX00189,CUST1103,9999.0,success,unknown,5,low,Payment already successful,stop,0.99,No recovery is required.,BLOCK,Payment is already successful.,BLOCKED,not_attempted,0.0,Recovery action blocked by policy governance.,2026-09-04 23:17:30
TX00190,CUST1043,7999.0,success,unknown,0,low,Payment already successful,stop,0.99,No recovery is required.,BLOCK,Payment is already successful.,BLOCKED,not_attempted,0.0,Recovery action blocked by policy governance.,2026-09-04 23:17:30
TX00191,CUST1062,2499.0,failed,authentication_failed,35,low,Stale recovery opportunity,stop,0.94,The transaction is outside the recovery window.,BLOCK,Action 'stop' is not executable by the recovery policy.,BLOCKED,not_attempted,0.0,Recovery action blocked by policy governance.,2026-09-04 23:17:30
TX00192,CUST1056,1999.0,failed,timeout,25,low,Retry limit reached,stop,0.97,Maximum retry attempts have already been reached.,BLOCK,Action 'stop' is not executable by the recovery policy.,BLOCKED,not_attempted,0.0,Recovery action blocked by policy governance.,2026-09-04 23:17:30
TX00193,CUST1198,1999.0,success,unknown,10,low,Payment already successful,stop,0.99,No recovery is required.,BLOCK,Payment is already successful.,BLOCKED,not_attempted,0.0,Recovery action blocked by policy governance.,2026-09-04 23:17:30
TX00194,CUST1050,799.0,failed,upi_failure,45,medium,Technical payment failure retry,retry,0.85,System technical glitch detected with potential recovery capability.,BLOCK,Transaction is outside the 7-day recovery window.,BLOCKED,not_attempted,0.0,Recovery action blocked by policy governance.,2026-09-04 23:17:30
TX00195,CUST1193,7999.0,failed,insufficient_funds,30,low,Insufficient funds,escalate,0.91,Immediate repeated retries could create unnecessary payment attempts.,BLOCK,Action 'escalate' is not executable by the recovery policy.,BLOCKED,not_attempted,0.0,Recovery action blocked by policy governance.,2026-09-04 23:17:30
TX00196,CUST1112,499.0,success,unknown,5,low,Payment already successful,stop,0.99,No recovery is required.,BLOCK,Payment is already successful.,BLOCKED,not_attempted,0.0,Recovery action blocked by policy governance.,2026-09-04 23:17:30
TX00197,CUST1129,499.0,success,unknown,5,low,Payment already successful,stop,0.99,No recovery is required.,BLOCK,Payment is already successful.,BLOCKED,not_attempted,0.0,Recovery action blocked by policy governance.,2026-09-04 23:17:30
TX00198,CUST1019,9999.0,abandoned,checkout_abandoned,35,low,Stale abandoned checkout,stop,0.82,The abandoned checkout is too old for an immediate recovery attempt.,BLOCK,Action 'stop' is not executable by the recovery policy.,BLOCKED,not_attempted,0.0,Recovery action blocked by policy governance.,2026-09-04 23:17:30
TX00199,CUST1141,299.0,success,unknown,0,low,Payment already successful,stop,0.99,No recovery is required.,BLOCK,Payment is already successful.,BLOCKED,not_attempted,0.0,Recovery action blocked by policy governance.,2026-09-04 23:17:30
TX00200,CUST1038,299.0,success,unknown,5,low,Payment already successful,stop,0.99,No recovery is required.,BLOCK,Payment is already successful.,BLOCKED,not_attempted,0.0,Recovery action blocked by policy governance.,2026-09-04 23:17:30
TX00201,CUST1181,3499.0,abandoned,checkout_abandoned,45,medium,Stale abandoned checkout,stop,0.82,The abandoned checkout is too old for an immediate recovery attempt.,BLOCK,Action 'stop' is not executable by the recovery policy.,BLOCKED,not_attempted,0.0,Recovery action blocked by policy governance.,2026-09-04 23:17:30
TX00202,CUST1099,2499.0,failed,upi_failure,40,medium,Retry limit reached,stop,0.97,Maximum retry attempts have already been reached.,BLOCK,Action 'stop' is not executable by the recovery policy.,BLOCKED,not_attempted,0.0,Recovery action blocked by policy governance.,2026-09-04 23:17:30
TX00203,CUST1016,1999.0,success,unknown,0,low,Payment already successful,stop,0.99,No recovery is required.,BLOCK,Payment is already successful.,BLOCKED,not_attempted,0.0,Recovery action blocked by policy governance.,2026-09-04 23:17:30
TX00204,CUST1154,799.0,success,unknown,0,low,Payment already successful,stop,0.99,No recovery is required.,BLOCK,Payment is already successful.,BLOCKED,not_attempted,0.0,Recovery action blocked by policy governance.,2026-09-04 23:17:30
TX00205,CUST1178,9999.0,success,unknown,15,low,Payment already successful,stop,0.99,No recovery is required.,BLOCK,Payment is already successful.,BLOCKED,not_attempted,0.0,Recovery action blocked by policy governance.,2026-09-04 23:17:30
TX00206,CUST1084,799.0,failed,upi_failure,25,low,Retry limit reached,stop,0.97,Maximum retry attempts have already been reached.,BLOCK,Action 'stop' is not executable by the recovery policy.,BLOCKED,not_attempted,0.0,Recovery action blocked by policy governance.,2026-09-04 23:17:30
TX00207,CUST1004,1999.0,success,unknown,5,low,Payment already successful,stop,0.99,No recovery is required.,BLOCK,Payment is already successful.,BLOCKED,not_attempted,0.0,Recovery action blocked by policy governance.,2026-09-04 23:17:30
TX00208,CUST1035,799.0,success,unknown,5,low,Payment already successful,stop,0.99,No recovery is required.,BLOCK,Payment is already successful.,BLOCKED,not_attempted,0.0,Recovery action blocked by policy governance.,2026-09-04 23:17:30
TX00209,CUST1033,7999.0,success,unknown,0,low,Payment already successful,stop,0.99,No recovery is required.,BLOCK,Payment is already successful.,BLOCKED,not_attempted,0.0,Recovery action blocked by policy governance.,2026-09-04 23:17:30
TX00210,CUST1042,3499.0,success,unknown,0,low,Payment already successful,stop,0.99,No recovery is required.,BLOCK,Payment is already successful.,BLOCKED,not_attempted,0.0,Recovery action blocked by policy governance.,2026-09-04 23:17:30
TX00211,CUST1192,3499.0,success,unknown,0,low,Payment already successful,stop,0.99,No recovery is required.,BLOCK,Payment is already successful.,BLOCKED,not_attempted,0.0,Recovery action blocked by policy governance.,2026-09-04 23:17:30
TX00212,CUST1094,9999.0,abandoned,checkout_abandoned,25,low,Stale abandoned checkout,stop,0.82,The abandoned checkout is too old for an immediate recovery attempt.,BLOCK,Action 'stop' is not executable by the recovery policy.,BLOCKED,not_attempted,0.0,Recovery action blocked by policy governance.,2026-09-04 23:17:30
TX00213,CUST1199,2499.0,success,unknown,5,low,Payment already successful,stop,0.99,No recovery is required.,BLOCK,Payment is already successful.,BLOCKED,not_attempted,0.0,Recovery action blocked by policy governance.,2026-09-04 23:17:30
TX00214,CUST1035,1299.0,success,unknown,0,low,Payment already successful,stop,0.99,No recovery is required.,BLOCK,Payment is already successful.,BLOCKED,not_attempted,0.0,Recovery action blocked by policy governance.,2026-09-04 23:17:30
TX00215,CUST1182,4999.0,abandoned,checkout_abandoned,30,low,Stale abandoned checkout,stop,0.82,The abandoned checkout is too old for an immediate recovery attempt.,BLOCK,Action 'stop' is not executable by the recovery policy.,BLOCKED,not_attempted,0.0,Recovery action blocked by policy governance.,2026-09-04 23:17:30
TX00216,CUST1069,3499.0,abandoned,checkout_abandoned,35,low,Checkout abandonment,reminder,0.88,Recent abandoned checkout with potential purchase intent.,ALLOW,Transaction passed all recovery policy checks.,SIMULATED,FOLLOW_UP,0.0,Recovery reminder scheduled in Test Mode simulation.,2026-09-04 23:17:30
TX00217,CUST1115,1999.0,abandoned,checkout_abandoned,35,low,Stale abandoned checkout,stop,0.82,The abandoned checkout is too old for an immediate recovery attempt.,BLOCK,Action 'stop' is not executable by the recovery policy.,BLOCKED,not_attempted,0.0,Recovery action blocked by policy governance.,2026-09-04 23:17:30
TX00218,CUST1095,999.0,success,unknown,10,low,Payment already successful,stop,0.99,No recovery is required.,BLOCK,Payment is already successful.,BLOCKED,not_attempted,0.0,Recovery action blocked by policy governance.,2026-09-04 23:17:30
TX00219,CUST1025,9999.0,success,unknown,15,low,Payment already successful,stop,0.99,No recovery is required.,BLOCK,Payment is already successful.,BLOCKED,not_attempted,0.0,Recovery action blocked by policy governance.,2026-09-04 23:17:30
TX00220,CUST1178,799.0,failed,insufficient_funds,20,low,Insufficient funds,escalate,0.91,Immediate repeated retries could create unnecessary payment attempts.,BLOCK,Action 'escalate' is not executable by the recovery policy.,BLOCKED,not_attempted,0.0,Recovery action blocked by policy governance.,2026-09-04 23:17:30
TX00221,CUST1055,799.0,success,unknown,5,low,Payment already successful,stop,0.99,No recovery is required.,BLOCK,Payment is already successful.,BLOCKED,not_attempted,0.0,Recovery action blocked by policy governance.,2026-09-04 23:17:30
TX00222,CUST1031,299.0,success,unknown,0,low,Payment already successful,stop,0.99,No recovery is required.,BLOCK,Payment is already successful.,BLOCKED,not_attempted,0.0,Recovery action blocked by policy governance.,2026-09-04 23:17:30
TX00223,CUST1152,4999.0,success,unknown,15,low,Payment already successful,stop,0.99,No recovery is required.,BLOCK,Payment is already successful.,BLOCKED,not_attempted,0.0,Recovery action blocked by policy governance.,2026-09-04 23:17:30
TX00224,CUST1157,1999.0,success,unknown,0,low,Payment already successful,stop,0.99,No recovery is required.,BLOCK,Payment is already successful.,BLOCKED,not_attempted,0.0,Recovery action blocked by policy governance.,2026-09-04 23:17:30
TX00225,CUST1134,1999.0,success,unknown,5,low,Payment already successful,stop,0.99,No recovery is required.,BLOCK,Payment is already successful.,BLOCKED,not_attempted,0.0,Recovery action blocked by policy governance.,2026-09-04 23:17:30
TX00226,CUST1099,1999.0,success,unknown,10,low,Payment already successful,stop,0.99,No recovery is required.,BLOCK,Payment is already successful.,BLOCKED,not_attempted,0.0,Recovery action blocked by policy governance.,2026-09-04 23:17:30
TX00227,CUST1187,9999.0,failed,authentication_failed,30,low,Retry limit reached,stop,0.97,Maximum retry attempts have already been reached.,BLOCK,Action 'stop' is not executable by the recovery policy.,BLOCKED,not_attempted,0.0,Recovery action blocked by policy governance.,2026-09-04 23:17:30
TX00228,CUST1086,9999.0,success,unknown,15,low,Payment already successful,stop,0.99,No recovery is required.,BLOCK,Payment is already successful.,BLOCKED,not_attempted,0.0,Recovery action blocked by policy governance.,2026-09-04 23:17:30
TX00229,CUST1016,3499.0,success,unknown,0,low,Payment already successful,stop,0.99,No recovery is required.,BLOCK,Payment is already successful.,BLOCKED,not_attempted,0.0,Recovery action blocked by policy governance.,2026-09-04 23:17:30
TX00230,CUST1080,1299.0,success,unknown,0,low,Payment already successful,stop,0.99,No recovery is required.,BLOCK,Payment is already successful.,BLOCKED,not_attempted,0.0,Recovery action blocked by policy governance.,2026-09-04 23:17:30
TX00231,CUST1048,1299.0,success,unknown,10,low,Payment already successful,stop,0.99,No recovery is required.,BLOCK,Payment is already successful.,BLOCKED,not_attempted,0.0,Recovery action blocked by policy governance.,2026-09-04 23:17:30
TX00232,CUST1111,2499.0,failed,insufficient_funds,15,low,Insufficient funds,escalate,0.91,Immediate repeated retries could create unnecessary payment attempts.,BLOCK,Action 'escalate' is not executable by the recovery policy.,BLOCKED,not_attempted,0.0,Recovery action blocked by policy governance.,2026-09-04 23:17:30
TX00233,CUST1094,4999.0,success,unknown,20,low,Payment already successful,stop,0.99,No recovery is required.,BLOCK,Payment is already successful.,BLOCKED,not_attempted,0.0,Recovery action blocked by policy governance.,2026-09-04 23:17:30
TX00234,CUST1046,4999.0,success,unknown,0,low,Payment already successful,stop,0.99,No recovery is required.,BLOCK,Payment is already successful.,BLOCKED,not_attempted,0.0,Recovery action blocked by policy governance.,2026-09-04 23:17:30
TX00235,CUST1078,3499.0,failed,insufficient_funds,50,medium,Insufficient funds,escalate,0.91,Immediate repeated retries could create unnecessary payment attempts.,BLOCK,Action 'escalate' is not executable by the recovery policy.,BLOCKED,not_attempted,0.0,Recovery action blocked by policy governance.,2026-09-04 23:17:30
TX00236,CUST1186,1999.0,failed,insufficient_funds,5,low,Insufficient funds,escalate,0.91,Immediate repeated retries could create unnecessary payment attempts.,BLOCK,Action 'escalate' is not executable by the recovery policy.,BLOCKED,not_attempted,0.0,Recovery action blocked by policy governance.,2026-09-04 23:17:30
TX00237,CUST1103,1999.0,success,unknown,0,low,Payment already successful,stop,0.99,No recovery is required.,BLOCK,Payment is already successful.,BLOCKED,not_attempted,0.0,Recovery action blocked by policy governance.,2026-09-04 23:17:30
TX00238,CUST1173,3499.0,success,unknown,15,low,Payment already successful,stop,0.99,No recovery is required.,BLOCK,Payment is already successful.,BLOCKED,not_attempted,0.0,Recovery action blocked by policy governance.,2026-09-04 23:17:30
TX00239,CUST1098,7999.0,success,unknown,20,low,Payment already successful,stop,0.99,No recovery is required.,BLOCK,Payment is already successful.,BLOCKED,not_attempted,0.0,Recovery action blocked by policy governance.,2026-09-04 23:17:30
TX00240,CUST1195,499.0,failed,authentication_failed,10,low,Retry limit reached,stop,0.97,Maximum retry attempts have already been reached.,BLOCK,Action 'stop' is not executable by the recovery policy.,BLOCKED,not_attempted,0.0,Recovery action blocked by policy governance.,2026-09-04 23:17:30
TX00241,CUST1063,499.0,success,unknown,5,low,Payment already successful,stop,0.99,No recovery is required.,BLOCK,Payment is already successful.,BLOCKED,not_attempted,0.0,Recovery action blocked by policy governance.,2026-09-04 23:17:30
TX00242,CUST1030,1299.0,failed,upi_failure,45,medium,Retry limit reached,stop,0.97,Maximum retry attempts have already been reached.,BLOCK,Action 'stop' is not executable by the recovery policy.,BLOCKED,not_attempted,0.0,Recovery action blocked by policy governance.,2026-09-04 23:17:30
TX00243,CUST1125,999.0,success,unknown,0,low,Payment already successful,stop,0.99,No recovery is required.,BLOCK,Payment is already successful.,BLOCKED,not_attempted,0.0,Recovery action blocked by policy governance.,2026-09-04 23:17:30
TX00244,CUST1113,499.0,failed,bank_declined,30,low,Retry limit reached,stop,0.97,Maximum retry attempts have already been reached.,BLOCK,Action 'stop' is not executable by the recovery policy.,BLOCKED,not_attempted,0.0,Recovery action blocked by policy governance.,2026-09-04 23:17:30
TX00245,CUST1040,9999.0,success,unknown,20,low,Payment already successful,stop,0.99,No recovery is required.,BLOCK,Payment is already successful.,BLOCKED,not_attempted,0.0,Recovery action blocked by policy governance.,2026-09-04 23:17:30
TX00246,CUST1060,3499.0,success,unknown,15,low,Payment already successful,stop,0.99,No recovery is required.,BLOCK,Payment is already successful.,BLOCKED,not_attempted,0.0,Recovery action blocked by policy governance.,2026-09-04 23:17:30
TX00247,CUST1022,499.0,success,unknown,0,low,Payment already successful,stop,0.99,No recovery is required.,BLOCK,Payment is already successful.,BLOCKED,not_attempted,0.0,Recovery action blocked by policy governance.,2026-09-04 23:17:30
TX00248,CUST1018,799.0,abandoned,checkout_abandoned,25,low,Stale abandoned checkout,stop,0.82,The abandoned checkout is too old for an immediate recovery attempt.,BLOCK,Action 'stop' is not executable by the recovery policy.,BLOCKED,not_attempted,0.0,Recovery action blocked by policy governance.,2026-09-04 23:17:30
TX00249,CUST1132,1999.0,success,unknown,0,low,Payment already successful,stop,0.99,No recovery is required.,BLOCK,Payment is already successful.,BLOCKED,not_attempted,0.0,Recovery action blocked by policy governance.,2026-09-04 23:17:30
TX00250,CUST1031,4999.0,success,unknown,5,low,Payment already successful,stop,0.99,No recovery is required.,BLOCK,Payment is already successful.,BLOCKED,not_attempted,0.0,Recovery action blocked by policy governance.,2026-09-04 23:17:30
TX00251,CUST1057,1999.0,abandoned,checkout_abandoned,35,low,Stale abandoned checkout,stop,0.82,The abandoned checkout is too old for an immediate recovery attempt.,BLOCK,Action 'stop' is not executable by the recovery policy.,BLOCKED,not_attempted,0.0,Recovery action blocked by policy governance.,2026-09-04 23:17:30
TX00252,CUST1162,4999.0,success,unknown,0,low,Payment already successful,stop,0.99,No recovery is required.,BLOCK,Payment is already successful.,BLOCKED,not_attempted,0.0,Recovery action blocked by policy governance.,2026-09-04 23:17:30
TX00253,CUST1039,799.0,failed,upi_failure,45,medium,Retry limit reached,stop,0.97,Maximum retry attempts have already been reached.,BLOCK,Action 'stop' is not executable by the recovery policy.,BLOCKED,not_attempted,0.0,Recovery action blocked by policy governance.,2026-09-04 23:17:30
TX00254,CUST1020,299.0,abandoned,checkout_abandoned,30,low,Checkout abandonment,reminder,0.88,Recent abandoned checkout with potential purchase intent.,ALLOW,Transaction passed all recovery policy checks.,SIMULATED,FOLLOW_UP,0.0,Recovery reminder scheduled in Test Mode simulation.,2026-09-04 23:17:30
TX00255,CUST1106,7999.0,failed,insufficient_funds,15,low,Insufficient funds,escalate,0.91,Immediate repeated retries could create unnecessary payment attempts.,BLOCK,Action 'escalate' is not executable by the recovery policy.,BLOCKED,not_attempted,0.0,Recovery action blocked by policy governance.,2026-09-04 23:17:30
TX00256,CUST1123,999.0,failed,upi_failure,45,medium,Retry limit reached,stop,0.97,Maximum retry attempts have already been reached.,BLOCK,Action 'stop' is not executable by the recovery policy.,BLOCKED,not_attempted,0.0,Recovery action blocked by policy governance.,2026-09-04 23:17:30
TX00257,CUST1015,799.0,success,unknown,10,low,Payment already successful,stop,0.99,No recovery is required.,BLOCK,Payment is already successful.,BLOCKED,not_attempted,0.0,Recovery action blocked by policy governance.,2026-09-04 23:17:30
TX00258,CUST1036,1999.0,abandoned,checkout_abandoned,15,low,Stale abandoned checkout,stop,0.82,The abandoned checkout is too old for an immediate recovery attempt.,BLOCK,Action 'stop' is not executable by the recovery policy.,BLOCKED,not_attempted,0.0,Recovery action blocked by policy governance.,2026-09-04 23:17:30
TX00259,CUST1102,799.0,failed,authentication_failed,20,low,Retry limit reached,stop,0.97,Maximum retry attempts have already been reached.,BLOCK,Action 'stop' is not executable by the recovery policy.,BLOCKED,not_attempted,0.0,Recovery action blocked by policy governance.,2026-09-04 23:17:30
TX00260,CUST1031,1299.0,success,unknown,5,low,Payment already successful,stop,0.99,No recovery is required.,BLOCK,Payment is already successful.,BLOCKED,not_attempted,0.0,Recovery action blocked by policy governance.,2026-09-04 23:17:30
TX00261,CUST1157,2499.0,success,unknown,0,low,Payment already successful,stop,0.99,No recovery is required.,BLOCK,Payment is already successful.,BLOCKED,not_attempted,0.0,Recovery action blocked by policy governance.,2026-09-04 23:17:30
TX00262,CUST1048,799.0,success,unknown,0,low,Payment already successful,stop,0.99,No recovery is required.,BLOCK,Payment is already successful.,BLOCKED,not_attempted,0.0,Recovery action blocked by policy governance.,2026-09-04 23:17:30
TX00263,CUST1023,2499.0,success,unknown,15,low,Payment already successful,stop,0.99,No recovery is required.,BLOCK,Payment is already successful.,BLOCKED,not_attempted,0.0,Recovery action blocked by policy governance.,2026-09-04 23:17:30
TX00264,CUST1012,1299.0,success,unknown,5,low,Payment already successful,stop,0.99,No recovery is required.,BLOCK,Payment is already successful.,BLOCKED,not_attempted,0.0,Recovery action blocked by policy governance.,2026-09-04 23:17:30
TX00265,CUST1110,799.0,abandoned,checkout_abandoned,30,low,Stale abandoned checkout,stop,0.82,The abandoned checkout is too old for an immediate recovery attempt.,BLOCK,Action 'stop' is not executable by the recovery policy.,BLOCKED,not_attempted,0.0,Recovery action blocked by policy governance.,2026-09-04 23:17:30
TX00266,CUST1102,299.0,failed,network_error,50,medium,Retry limit reached,stop,0.97,Maximum retry attempts have already been reached.,BLOCK,Action 'stop' is not executable by the recovery policy.,BLOCKED,not_attempted,0.0,Recovery action blocked by policy governance.,2026-09-04 23:17:30
TX00267,CUST1115,4999.0,success,unknown,15,low,Payment already successful,stop,0.99,No recovery is required.,BLOCK,Payment is already successful.,BLOCKED,not_attempted,0.0,Recovery action blocked by policy governance.,2026-09-04 23:17:30
TX00268,CUST1086,4999.0,abandoned,checkout_abandoned,25,low,Stale abandoned checkout,stop,0.82,The abandoned checkout is too old for an immediate recovery attempt.,BLOCK,Action 'stop' is not executable by the recovery policy.,BLOCKED,not_attempted,0.0,Recovery action blocked by policy governance.,2026-09-04 23:17:30
TX00269,CUST1102,4999.0,success,unknown,10,low,Payment already successful,stop,0.99,No recovery is required.,BLOCK,Payment is already successful.,BLOCKED,not_attempted,0.0,Recovery action blocked by policy governance.,2026-09-04 23:17:30
TX00270,CUST1132,3499.0,success,unknown,15,low,Payment already successful,stop,0.99,No recovery is required.,BLOCK,Payment is already successful.,BLOCKED,not_attempted,0.0,Recovery action blocked by policy governance.,2026-09-04 23:17:30
TX00271,CUST1100,7999.0,failed,bank_declined,40,medium,Retry limit reached,stop,0.97,Maximum retry attempts have already been reached.,BLOCK,Action 'stop' is not executable by the recovery policy.,BLOCKED,not_attempted,0.0,Recovery action blocked by policy governance.,2026-09-04 23:17:30
TX00272,CUST1136,3499.0,failed,bank_declined,55,medium,Retry limit reached,stop,0.97,Maximum retry attempts have already been reached.,BLOCK,Action 'stop' is not executable by the recovery policy.,BLOCKED,not_attempted,0.0,Recovery action blocked by policy governance.,2026-09-04 23:17:30
TX00273,CUST1028,2499.0,failed,upi_failure,60,medium,Technical payment failure retry,retry,0.85,System technical glitch detected with potential recovery capability.,BLOCK,Transaction is outside the 7-day recovery window.,BLOCKED,not_attempted,0.0,Recovery action blocked by policy governance.,2026-09-04 23:17:30
TX00274,CUST1198,7999.0,failed,upi_failure,60,medium,Technical payment failure retry,retry,0.85,System technical glitch detected with potential recovery capability.,BLOCK,Transaction is outside the 7-day recovery window.,BLOCKED,not_attempted,0.0,Recovery action blocked by policy governance.,2026-09-04 23:17:30
TX00275,CUST1184,7999.0,failed,insufficient_funds,35,low,Insufficient funds,escalate,0.91,Immediate repeated retries could create unnecessary payment attempts.,BLOCK,Action 'escalate' is not executable by the recovery policy.,BLOCKED,not_attempted,0.0,Recovery action blocked by policy governance.,2026-09-04 23:17:30
TX00276,CUST1028,999.0,success,unknown,10,low,Payment already successful,stop,0.99,No recovery is required.,BLOCK,Payment is already successful.,BLOCKED,not_attempted,0.0,Recovery action blocked by policy governance.,2026-09-04 23:17:30
TX00277,CUST1052,2499.0,success,unknown,15,low,Payment already successful,stop,0.99,No recovery is required.,BLOCK,Payment is already successful.,BLOCKED,not_attempted,0.0,Recovery action blocked by policy governance.,2026-09-04 23:17:30
TX00278,CUST1053,4999.0,success,unknown,5,low,Payment already successful,stop,0.99,No recovery is required.,BLOCK,Payment is already successful.,BLOCKED,not_attempted,0.0,Recovery action blocked by policy governance.,2026-09-04 23:17:30
TX00279,CUST1117,4999.0,success,unknown,0,low,Payment already successful,stop,0.99,No recovery is required.,BLOCK,Payment is already successful.,BLOCKED,not_attempted,0.0,Recovery action blocked by policy governance.,2026-09-04 23:17:30
TX00280,CUST1063,1299.0,failed,network_error,45,medium,Retry limit reached,stop,0.97,Maximum retry attempts have already been reached.,BLOCK,Action 'stop' is not executable by the recovery policy.,BLOCKED,not_attempted,0.0,Recovery action blocked by policy governance.,2026-09-04 23:17:30
TX00281,CUST1180,3499.0,success,unknown,20,low,Payment already successful,stop,0.99,No recovery is required.,BLOCK,Payment is already successful.,BLOCKED,not_attempted,0.0,Recovery action blocked by policy governance.,2026-09-04 23:17:30
TX00282,CUST1173,4999.0,success,unknown,20,low,Payment already successful,stop,0.99,No recovery is required.,BLOCK,Payment is already successful.,BLOCKED,not_attempted,0.0,Recovery action blocked by policy governance.,2026-09-04 23:17:30
TX00283,CUST1073,499.0,success,unknown,0,low,Payment already successful,stop,0.99,No recovery is required.,BLOCK,Payment is already successful.,BLOCKED,not_attempted,0.0,Recovery action blocked by policy governance.,2026-09-04 23:17:30
TX00284,CUST1051,4999.0,success,unknown,0,low,Payment already successful,stop,0.99,No recovery is required.,BLOCK,Payment is already successful.,BLOCKED,not_attempted,0.0,Recovery action blocked by policy governance.,2026-09-04 23:17:30
TX00285,CUST1150,999.0,success,unknown,10,low,Payment already successful,stop,0.99,No recovery is required.,BLOCK,Payment is already successful.,BLOCKED,not_attempted,0.0,Recovery action blocked by policy governance.,2026-09-04 23:17:30
TX00286,CUST1084,3499.0,success,unknown,15,low,Payment already successful,stop,0.99,No recovery is required.,BLOCK,Payment is already successful.,BLOCKED,not_attempted,0.0,Recovery action blocked by policy governance.,2026-09-04 23:17:30
TX00287,CUST1121,3499.0,failed,bank_declined,55,medium,Retry limit reached,stop,0.97,Maximum retry attempts have already been reached.,BLOCK,Action 'stop' is not executable by the recovery policy.,BLOCKED,not_attempted,0.0,Recovery action blocked by policy governance.,2026-09-04 23:17:30
TX00288,CUST1166,7999.0,success,unknown,0,low,Payment already successful,stop,0.99,No recovery is required.,BLOCK,Payment is already successful.,BLOCKED,not_attempted,0.0,Recovery action blocked by policy governance.,2026-09-04 23:17:30
TX00289,CUST1009,2499.0,failed,network_error,55,medium,Retry limit reached,stop,0.97,Maximum retry attempts have already been reached.,BLOCK,Action 'stop' is not executable by the recovery policy.,BLOCKED,not_attempted,0.0,Recovery action blocked by policy governance.,2026-09-04 23:17:30
TX00290,CUST1154,499.0,abandoned,checkout_abandoned,35,low,Stale abandoned checkout,stop,0.82,The abandoned checkout is too old for an immediate recovery attempt.,BLOCK,Action 'stop' is not executable by the recovery policy.,BLOCKED,not_attempted,0.0,Recovery action blocked by policy governance.,2026-09-04 23:17:30
TX00291,CUST1139,4999.0,success,unknown,20,low,Payment already successful,stop,0.99,No recovery is required.,BLOCK,Payment is already successful.,BLOCKED,not_attempted,0.0,Recovery action blocked by policy governance.,2026-09-04 23:17:30
TX00292,CUST1084,799.0,failed,upi_failure,35,low,Retry limit reached,stop,0.97,Maximum retry attempts have already been reached.,BLOCK,Action 'stop' is not executable by the recovery policy.,BLOCKED,not_attempted,0.0,Recovery action blocked by policy governance.,2026-09-04 23:17:30
TX00293,CUST1075,7999.0,failed,network_error,55,medium,Technical payment failure retry,retry,0.85,System technical glitch detected with potential recovery capability.,BLOCK,Maximum retry attempts reached.,BLOCKED,not_attempted,0.0,Recovery action blocked by policy governance.,2026-09-04 23:17:30
TX00294,CUST1022,2499.0,failed,network_error,60,medium,Technical payment failure retry,retry,0.85,System technical glitch detected with potential recovery capability.,BLOCK,Maximum retry attempts reached.,BLOCKED,not_attempted,0.0,Recovery action blocked by policy governance.,2026-09-04 23:17:30
TX00295,CUST1001,1299.0,success,unknown,10,low,Payment already successful,stop,0.99,No recovery is required.,BLOCK,Payment is already successful.,BLOCKED,not_attempted,0.0,Recovery action blocked by policy governance.,2026-09-04 23:17:30
TX00296,CUST1185,7999.0,success,unknown,5,low,Payment already successful,stop,0.99,No recovery is required.,BLOCK,Payment is already successful.,BLOCKED,not_attempted,0.0,Recovery action blocked by policy governance.,2026-09-04 23:17:30
TX00297,CUST1119,1299.0,success,unknown,5,low,Payment already successful,stop,0.99,No recovery is required.,BLOCK,Payment is already successful.,BLOCKED,not_attempted,0.0,Recovery action blocked by policy governance.,2026-09-04 23:17:30
TX00298,CUST1056,999.0,abandoned,checkout_abandoned,35,low,Stale abandoned checkout,stop,0.82,The abandoned checkout is too old for an immediate recovery attempt.,BLOCK,Action 'stop' is not executable by the recovery policy.,BLOCKED,not_attempted,0.0,Recovery action blocked by policy governance.,2026-09-04 23:17:30
TX00299,CUST1155,1999.0,success,unknown,0,low,Payment already successful,stop,0.99,No recovery is required.,BLOCK,Payment is already successful.,BLOCKED,not_attempted,0.0,Recovery action blocked by policy governance.,2026-09-04 23:17:30
TX00300,CUST1020,4999.0,success,unknown,15,low,Payment already successful,stop,0.99,No recovery is required.,BLOCK,Payment is already successful.,BLOCKED,not_attempted,0.0,Recovery action blocked by policy governance.,2026-09-04 23:17:30
TX00301,CUST1129,999.0,failed,network_error,60,medium,Technical payment failure retry,retry,0.85,System technical glitch detected with potential recovery capability.,BLOCK,Maximum retry attempts reached.,BLOCKED,not_attempted,0.0,Recovery action blocked by policy governance.,2026-09-04 23:17:30
TX00302,CUST1174,999.0,failed,insufficient_funds,40,medium,Insufficient funds,escalate,0.91,Immediate repeated retries could create unnecessary payment attempts.,BLOCK,Action 'escalate' is not executable by the recovery policy.,BLOCKED,not_attempted,0.0,Recovery action blocked by policy governance.,2026-09-04 23:17:30
TX00303,CUST1131,2499.0,success,unknown,0,low,Payment already successful,stop,0.99,No recovery is required.,BLOCK,Payment is already successful.,BLOCKED,not_attempted,0.0,Recovery action blocked by policy governance.,2026-09-04 23:17:30
TX00304,CUST1185,299.0,success,unknown,5,low,Payment already successful,stop,0.99,No recovery is required.,BLOCK,Payment is already successful.,BLOCKED,not_attempted,0.0,Recovery action blocked by policy governance.,2026-09-04 23:17:30
TX00305,CUST1108,1999.0,failed,authentication_failed,30,low,Low recovery probability / Ineligible,stop,0.85,Payment failure reason 'authentication_failed' is not eligible for recovery.,BLOCK,Action 'stop' is not executable by the recovery policy.,BLOCKED,not_attempted,0.0,Recovery action blocked by policy governance.,2026-09-04 23:17:30
TX00306,CUST1104,799.0,failed,upi_failure,45,medium,Retry limit reached,stop,0.97,Maximum retry attempts have already been reached.,BLOCK,Action 'stop' is not executable by the recovery policy.,BLOCKED,not_attempted,0.0,Recovery action blocked by policy governance.,2026-09-04 23:17:30
TX00307,CUST1096,499.0,failed,upi_failure,25,low,Retry limit reached,stop,0.97,Maximum retry attempts have already been reached.,BLOCK,Action 'stop' is not executable by the recovery policy.,BLOCKED,not_attempted,0.0,Recovery action blocked by policy governance.,2026-09-04 23:17:30
TX00308,CUST1030,799.0,abandoned,checkout_abandoned,30,low,Checkout abandonment,reminder,0.88,Recent abandoned checkout with potential purchase intent.,ALLOW,Transaction passed all recovery policy checks.,SIMULATED,FOLLOW_UP,0.0,Recovery reminder scheduled in Test Mode simulation.,2026-09-04 23:17:30
TX00309,CUST1057,299.0,failed,bank_declined,45,medium,Retry limit reached,stop,0.97,Maximum retry attempts have already been reached.,BLOCK,Action 'stop' is not executable by the recovery policy.,BLOCKED,not_attempted,0.0,Recovery action blocked by policy governance.,2026-09-04 23:17:30
TX00310,CUST1063,3499.0,success,unknown,0,low,Payment already successful,stop,0.99,No recovery is required.,BLOCK,Payment is already successful.,BLOCKED,not_attempted,0.0,Recovery action blocked by policy governance.,2026-09-04 23:17:30
TX00311,CUST1008,9999.0,success,unknown,20,low,Payment already successful,stop,0.99,No recovery is required.,BLOCK,Payment is already successful.,BLOCKED,not_attempted,0.0,Recovery action blocked by policy governance.,2026-09-04 23:17:30
TX00312,CUST1152,299.0,success,unknown,5,low,Payment already successful,stop,0.99,No recovery is required.,BLOCK,Payment is already successful.,BLOCKED,not_attempted,0.0,Recovery action blocked by policy governance.,2026-09-04 23:17:30
TX00313,CUST1112,999.0,success,unknown,0,low,Payment already successful,stop,0.99,No recovery is required.,BLOCK,Payment is already successful.,BLOCKED,not_attempted,0.0,Recovery action blocked by policy governance.,2026-09-04 23:17:30
TX00314,CUST1187,7999.0,success,unknown,5,low,Payment already successful,stop,0.99,No recovery is required.,BLOCK,Payment is already successful.,BLOCKED,not_attempted,0.0,Recovery action blocked by policy governance.,2026-09-04 23:17:30
TX00315,CUST1169,4999.0,success,unknown,5,low,Payment already successful,stop,0.99,No recovery is required.,BLOCK,Payment is already successful.,BLOCKED,not_attempted,0.0,Recovery action blocked by policy governance.,2026-09-04 23:17:30
TX00316,CUST1188,799.0,failed,insufficient_funds,25,low,Insufficient funds,escalate,0.91,Immediate repeated retries could create unnecessary payment attempts.,BLOCK,Action 'escalate' is not executable by the recovery policy.,BLOCKED,not_attempted,0.0,Recovery action blocked by policy governance.,2026-09-04 23:17:30
TX00317,CUST1171,2499.0,failed,bank_declined,60,medium,Retry limit reached,stop,0.97,Maximum retry attempts have already been reached.,BLOCK,Action 'stop' is not executable by the recovery policy.,BLOCKED,not_attempted,0.0,Recovery action blocked by policy governance.,2026-09-04 23:17:30
TX00318,CUST1047,4999.0,success,unknown,15,low,Payment already successful,stop,0.99,No recovery is required.,BLOCK,Payment is already successful.,BLOCKED,not_attempted,0.0,Recovery action blocked by policy governance.,2026-09-04 23:17:30
TX00319,CUST1014,4999.0,success,unknown,10,low,Payment already successful,stop,0.99,No recovery is required.,BLOCK,Payment is already successful.,BLOCKED,not_attempted,0.0,Recovery action blocked by policy governance.,2026-09-04 23:17:30
TX00320,CUST1052,1999.0,failed,insufficient_funds,20,low,Insufficient funds,escalate,0.91,Immediate repeated retries could create unnecessary payment attempts.,BLOCK,Action 'escalate' is not executable by the recovery policy.,BLOCKED,not_attempted,0.0,Recovery action blocked by policy governance.,2026-09-04 23:17:30
TX00321,CUST1096,9999.0,failed,timeout,55,medium,Technical payment failure retry,retry,0.85,System technical glitch detected with potential recovery capability.,BLOCK,Transaction is outside the 7-day recovery window.,BLOCKED,not_attempted,0.0,Recovery action blocked by policy governance.,2026-09-04 23:17:30
TX00322,CUST1143,999.0,success,unknown,10,low,Payment already successful,stop,0.99,No recovery is required.,BLOCK,Payment is already successful.,BLOCKED,not_attempted,0.0,Recovery action blocked by policy governance.,2026-09-04 23:17:30
TX00323,CUST1189,499.0,failed,insufficient_funds,20,low,Insufficient funds,escalate,0.91,Immediate repeated retries could create unnecessary payment attempts.,BLOCK,Action 'escalate' is not executable by the recovery policy.,BLOCKED,not_attempted,0.0,Recovery action blocked by policy governance.,2026-09-04 23:17:30
TX00324,CUST1141,1999.0,failed,insufficient_funds,25,low,Insufficient funds,escalate,0.91,Immediate repeated retries could create unnecessary payment attempts.,BLOCK,Action 'escalate' is not executable by the recovery policy.,BLOCKED,not_attempted,0.0,Recovery action blocked by policy governance.,2026-09-04 23:17:30
TX00325,CUST1131,3499.0,success,unknown,20,low,Payment already successful,stop,0.99,No recovery is required.,BLOCK,Payment is already successful.,BLOCKED,not_attempted,0.0,Recovery action blocked by policy governance.,2026-09-04 23:17:30
TX00326,CUST1105,299.0,failed,network_error,45,medium,Technical payment failure retry,retry,0.85,System technical glitch detected with potential recovery capability.,BLOCK,Maximum retry attempts reached.,BLOCKED,not_attempted,0.0,Recovery action blocked by policy governance.,2026-09-04 23:17:30
TX00327,CUST1148,2499.0,success,unknown,20,low,Payment already successful,stop,0.99,No recovery is required.,BLOCK,Payment is already successful.,BLOCKED,not_attempted,0.0,Recovery action blocked by policy governance.,2026-09-04 23:17:30
TX00328,CUST1062,3499.0,failed,upi_failure,40,medium,Retry limit reached,stop,0.97,Maximum retry attempts have already been reached.,BLOCK,Action 'stop' is not executable by the recovery policy.,BLOCKED,not_attempted,0.0,Recovery action blocked by policy governance.,2026-09-04 23:17:30
TX00329,CUST1164,3499.0,success,unknown,5,low,Payment already successful,stop,0.99,No recovery is required.,BLOCK,Payment is already successful.,BLOCKED,not_attempted,0.0,Recovery action blocked by policy governance.,2026-09-04 23:17:30
TX00330,CUST1125,799.0,abandoned,checkout_abandoned,30,low,Checkout abandonment,reminder,0.88,Recent abandoned checkout with potential purchase intent.,ALLOW,Transaction passed all recovery policy checks.,SIMULATED,FOLLOW_UP,0.0,Recovery reminder scheduled in Test Mode simulation.,2026-09-04 23:17:30
TX00331,CUST1171,299.0,failed,insufficient_funds,25,low,Insufficient funds,escalate,0.91,Immediate repeated retries could create unnecessary payment attempts.,BLOCK,Action 'escalate' is not executable by the recovery policy.,BLOCKED,not_attempted,0.0,Recovery action blocked by policy governance.,2026-09-04 23:17:30
TX00332,CUST1002,999.0,success,unknown,0,low,Payment already successful,stop,0.99,No recovery is required.,BLOCK,Payment is already successful.,BLOCKED,not_attempted,0.0,Recovery action blocked by policy governance.,2026-09-04 23:17:30
TX00333,CUST1157,3499.0,failed,timeout,75,high,Temporary payment failure,retry,0.92,Failure appears temporary and the customer has not exceeded the retry limit.,ALLOW,Transaction passed all recovery policy checks.,SIMULATED,RECOVERED,3499.0,Payment retry succeeded in Test Mode simulation.,2026-09-04 23:17:30
TX00334,CUST1184,1299.0,success,unknown,0,low,Payment already successful,stop,0.99,No recovery is required.,BLOCK,Payment is already successful.,BLOCKED,not_attempted,0.0,Recovery action blocked by policy governance.,2026-09-04 23:17:30
TX00335,CUST1027,499.0,success,unknown,0,low,Payment already successful,stop,0.99,No recovery is required.,BLOCK,Payment is already successful.,BLOCKED,not_attempted,0.0,Recovery action blocked by policy governance.,2026-09-04 23:17:30
TX00336,CUST1090,1299.0,failed,timeout,30,low,Retry limit reached,stop,0.97,Maximum retry attempts have already been reached.,BLOCK,Action 'stop' is not executable by the recovery policy.,BLOCKED,not_attempted,0.0,Recovery action blocked by policy governance.,2026-09-04 23:17:30
TX00337,CUST1178,999.0,success,unknown,5,low,Payment already successful,stop,0.99,No recovery is required.,BLOCK,Payment is already successful.,BLOCKED,not_attempted,0.0,Recovery action blocked by policy governance.,2026-09-04 23:17:30
TX00338,CUST1096,4999.0,success,unknown,5,low,Payment already successful,stop,0.99,No recovery is required.,BLOCK,Payment is already successful.,BLOCKED,not_attempted,0.0,Recovery action blocked by policy governance.,2026-09-04 23:17:30
TX00339,CUST1165,1999.0,failed,timeout,45,medium,Retry limit reached,stop,0.97,Maximum retry attempts have already been reached.,BLOCK,Action 'stop' is not executable by the recovery policy.,BLOCKED,not_attempted,0.0,Recovery action blocked by policy governance.,2026-09-04 23:17:30
TX00340,CUST1145,3499.0,success,unknown,0,low,Payment already successful,stop,0.99,No recovery is required.,BLOCK,Payment is already successful.,BLOCKED,not_attempted,0.0,Recovery action blocked by policy governance.,2026-09-04 23:17:30
TX00341,CUST1008,799.0,abandoned,checkout_abandoned,20,low,Stale abandoned checkout,stop,0.82,The abandoned checkout is too old for an immediate recovery attempt.,BLOCK,Action 'stop' is not executable by the recovery policy.,BLOCKED,not_attempted,0.0,Recovery action blocked by policy governance.,2026-09-04 23:17:30
TX00342,CUST1150,799.0,failed,upi_failure,45,medium,Retry limit reached,stop,0.97,Maximum retry attempts have already been reached.,BLOCK,Action 'stop' is not executable by the recovery policy.,BLOCKED,not_attempted,0.0,Recovery action blocked by policy governance.,2026-09-04 23:17:30
TX00343,CUST1061,7999.0,failed,insufficient_funds,15,low,Insufficient funds,escalate,0.91,Immediate repeated retries could create unnecessary payment attempts.,BLOCK,Action 'escalate' is not executable by the recovery policy.,BLOCKED,not_attempted,0.0,Recovery action blocked by policy governance.,2026-09-04 23:17:30
TX00344,CUST1035,499.0,success,unknown,5,low,Payment already successful,stop,0.99,No recovery is required.,BLOCK,Payment is already successful.,BLOCKED,not_attempted,0.0,Recovery action blocked by policy governance.,2026-09-04 23:17:30
TX00345,CUST1019,1999.0,failed,authentication_failed,25,low,Retry limit reached,stop,0.97,Maximum retry attempts have already been reached.,BLOCK,Action 'stop' is not executable by the recovery policy.,BLOCKED,not_attempted,0.0,Recovery action blocked by policy governance.,2026-09-04 23:17:30
TX00346,CUST1069,3499.0,success,unknown,15,low,Payment already successful,stop,0.99,No recovery is required.,BLOCK,Payment is already successful.,BLOCKED,not_attempted,0.0,Recovery action blocked by policy governance.,2026-09-04 23:17:30
TX00347,CUST1149,9999.0,success,unknown,15,low,Payment already successful,stop,0.99,No recovery is required.,BLOCK,Payment is already successful.,BLOCKED,not_attempted,0.0,Recovery action blocked by policy governance.,2026-09-04 23:17:30
TX00348,CUST1068,799.0,success,unknown,10,low,Payment already successful,stop,0.99,No recovery is required.,BLOCK,Payment is already successful.,BLOCKED,not_attempted,0.0,Recovery action blocked by policy governance.,2026-09-04 23:17:30
TX00349,CUST1023,299.0,abandoned,checkout_abandoned,20,low,Stale abandoned checkout,stop,0.82,The abandoned checkout is too old for an immediate recovery attempt.,BLOCK,Action 'stop' is not executable by the recovery policy.,BLOCKED,not_attempted,0.0,Recovery action blocked by policy governance.,2026-09-04 23:17:30
TX00350,CUST1026,799.0,success,unknown,0,low,Payment already successful,stop,0.99,No recovery is required.,BLOCK,Payment is already successful.,BLOCKED,not_attempted,0.0,Recovery action blocked by policy governance.,2026-09-04 23:17:30
TX00351,CUST1104,499.0,success,unknown,0,low,Payment already successful,stop,0.99,No recovery is required.,BLOCK,Payment is already successful.,BLOCKED,not_attempted,0.0,Recovery action blocked by policy governance.,2026-09-04 23:17:30
TX00352,CUST1003,1299.0,success,unknown,0,low,Payment already successful,stop,0.99,No recovery is required.,BLOCK,Payment is already successful.,BLOCKED,not_attempted,0.0,Recovery action blocked by policy governance.,2026-09-04 23:17:30
TX00353,CUST1175,2499.0,success,unknown,5,low,Payment already successful,stop,0.99,No recovery is required.,BLOCK,Payment is already successful.,BLOCKED,not_attempted,0.0,Recovery action blocked by policy governance.,2026-09-04 23:17:30
TX00354,CUST1016,799.0,success,unknown,0,low,Payment already successful,stop,0.99,No recovery is required.,BLOCK,Payment is already successful.,BLOCKED,not_attempted,0.0,Recovery action blocked by policy governance.,2026-09-04 23:17:30
TX00355,CUST1092,1299.0,abandoned,checkout_abandoned,15,low,Stale abandoned checkout,stop,0.82,The abandoned checkout is too old for an immediate recovery attempt.,BLOCK,Action 'stop' is not executable by the recovery policy.,BLOCKED,not_attempted,0.0,Recovery action blocked by policy governance.,2026-09-04 23:17:30
TX00356,CUST1117,499.0,success,unknown,0,low,Payment already successful,stop,0.99,No recovery is required.,BLOCK,Payment is already successful.,BLOCKED,not_attempted,0.0,Recovery action blocked by policy governance.,2026-09-04 23:17:30
TX00357,CUST1097,1999.0,success,unknown,5,low,Payment already successful,stop,0.99,No recovery is required.,BLOCK,Payment is already successful.,BLOCKED,not_attempted,0.0,Recovery action blocked by policy governance.,2026-09-04 23:17:30
TX00358,CUST1177,999.0,success,unknown,10,low,Payment already successful,stop,0.99,No recovery is required.,BLOCK,Payment is already successful.,BLOCKED,not_attempted,0.0,Recovery action blocked by policy governance.,2026-09-04 23:17:30
TX00359,CUST1177,9999.0,success,unknown,15,low,Payment already successful,stop,0.99,No recovery is required.,BLOCK,Payment is already successful.,BLOCKED,not_attempted,0.0,Recovery action blocked by policy governance.,2026-09-04 23:17:30
TX00360,CUST1093,499.0,abandoned,checkout_abandoned,15,low,Stale abandoned checkout,stop,0.82,The abandoned checkout is too old for an immediate recovery attempt.,BLOCK,Action 'stop' is not executable by the recovery policy.,BLOCKED,not_attempted,0.0,Recovery action blocked by policy governance.,2026-09-04 23:17:30
TX00361,CUST1174,4999.0,success,unknown,0,low,Payment already successful,stop,0.99,No recovery is required.,BLOCK,Payment is already successful.,BLOCKED,not_attempted,0.0,Recovery action blocked by policy governance.,2026-09-04 23:17:30
TX00362,CUST1177,499.0,failed,insufficient_funds,15,low,Insufficient funds,escalate,0.91,Immediate repeated retries could create unnecessary payment attempts.,BLOCK,Action 'escalate' is not executable by the recovery policy.,BLOCKED,not_attempted,0.0,Recovery action blocked by policy governance.,2026-09-04 23:17:30
TX00363,CUST1064,9999.0,success,unknown,20,low,Payment already successful,stop,0.99,No recovery is required.,BLOCK,Payment is already successful.,BLOCKED,not_attempted,0.0,Recovery action blocked by policy governance.,2026-09-04 23:17:30
TX00364,CUST1122,7999.0,success,unknown,0,low,Payment already successful,stop,0.99,No recovery is required.,BLOCK,Payment is already successful.,BLOCKED,not_attempted,0.0,Recovery action blocked by policy governance.,2026-09-04 23:17:30
TX00365,CUST1152,9999.0,abandoned,checkout_abandoned,25,low,Stale abandoned checkout,stop,0.82,The abandoned checkout is too old for an immediate recovery attempt.,BLOCK,Action 'stop' is not executable by the recovery policy.,BLOCKED,not_attempted,0.0,Recovery action blocked by policy governance.,2026-09-04 23:17:30
TX00366,CUST1090,799.0,failed,timeout,35,low,Retry limit reached,stop,0.97,Maximum retry attempts have already been reached.,BLOCK,Action 'stop' is not executable by the recovery policy.,BLOCKED,not_attempted,0.0,Recovery action blocked by policy governance.,2026-09-04 23:17:30
TX00367,CUST1027,299.0,success,unknown,5,low,Payment already successful,stop,0.99,No recovery is required.,BLOCK,Payment is already successful.,BLOCKED,not_attempted,0.0,Recovery action blocked by policy governance.,2026-09-04 23:17:30
TX00368,CUST1118,9999.0,failed,authentication_failed,35,low,Stale recovery opportunity,stop,0.94,The transaction is outside the recovery window.,BLOCK,Action 'stop' is not executable by the recovery policy.,BLOCKED,not_attempted,0.0,Recovery action blocked by policy governance.,2026-09-04 23:17:30
TX00369,CUST1075,2499.0,abandoned,checkout_abandoned,25,low,Stale abandoned checkout,stop,0.82,The abandoned checkout is too old for an immediate recovery attempt.,BLOCK,Action 'stop' is not executable by the recovery policy.,BLOCKED,not_attempted,0.0,Recovery action blocked by policy governance.,2026-09-04 23:17:30
TX00370,CUST1036,1999.0,success,unknown,0,low,Payment already successful,stop,0.99,No recovery is required.,BLOCK,Payment is already successful.,BLOCKED,not_attempted,0.0,Recovery action blocked by policy governance.,2026-09-04 23:17:30
TX00371,CUST1121,499.0,success,unknown,10,low,Payment already successful,stop,0.99,No recovery is required.,BLOCK,Payment is already successful.,BLOCKED,not_attempted,0.0,Recovery action blocked by policy governance.,2026-09-04 23:17:30
TX00372,CUST1181,499.0,success,unknown,0,low,Payment already successful,stop,0.99,No recovery is required.,BLOCK,Payment is already successful.,BLOCKED,not_attempted,0.0,Recovery action blocked by policy governance.,2026-09-04 23:17:30
TX00373,CUST1062,4999.0,success,unknown,15,low,Payment already successful,stop,0.99,No recovery is required.,BLOCK,Payment is already successful.,BLOCKED,not_attempted,0.0,Recovery action blocked by policy governance.,2026-09-04 23:17:30
TX00374,CUST1059,2499.0,failed,network_error,45,medium,Retry limit reached,stop,0.97,Maximum retry attempts have already been reached.,BLOCK,Action 'stop' is not executable by the recovery policy.,BLOCKED,not_attempted,0.0,Recovery action blocked by policy governance.,2026-09-04 23:17:30
TX00375,CUST1050,3499.0,failed,insufficient_funds,50,medium,Insufficient funds,escalate,0.91,Immediate repeated retries could create unnecessary payment attempts.,BLOCK,Action 'escalate' is not executable by the recovery policy.,BLOCKED,not_attempted,0.0,Recovery action blocked by policy governance.,2026-09-04 23:17:30
TX00376,CUST1016,7999.0,success,unknown,20,low,Payment already successful,stop,0.99,No recovery is required.,BLOCK,Payment is already successful.,BLOCKED,not_attempted,0.0,Recovery action blocked by policy governance.,2026-09-04 23:17:30
TX00377,CUST1029,1299.0,failed,insufficient_funds,20,low,Insufficient funds,escalate,0.91,Immediate repeated retries could create unnecessary payment attempts.,BLOCK,Action 'escalate' is not executable by the recovery policy.,BLOCKED,not_attempted,0.0,Recovery action blocked by policy governance.,2026-09-04 23:17:30
TX00378,CUST1100,7999.0,success,unknown,15,low,Payment already successful,stop,0.99,No recovery is required.,BLOCK,Payment is already successful.,BLOCKED,not_attempted,0.0,Recovery action blocked by policy governance.,2026-09-04 23:17:30
TX00379,CUST1180,1299.0,abandoned,checkout_abandoned,30,low,Stale abandoned checkout,stop,0.82,The abandoned checkout is too old for an immediate recovery attempt.,BLOCK,Action 'stop' is not executable by the recovery policy.,BLOCKED,not_attempted,0.0,Recovery action blocked by policy governance.,2026-09-04 23:17:30
TX00380,CUST1061,1299.0,success,unknown,0,low,Payment already successful,stop,0.99,No recovery is required.,BLOCK,Payment is already successful.,BLOCKED,not_attempted,0.0,Recovery action blocked by policy governance.,2026-09-04 23:17:30
TX00381,CUST1152,799.0,failed,insufficient_funds,20,low,Insufficient funds,escalate,0.91,Immediate repeated retries could create unnecessary payment attempts.,BLOCK,Action 'escalate' is not executable by the recovery policy.,BLOCKED,not_attempted,0.0,Recovery action blocked by policy governance.,2026-09-04 23:17:30
TX00382,CUST1165,799.0,failed,insufficient_funds,20,low,Insufficient funds,escalate,0.91,Immediate repeated retries could create unnecessary payment attempts.,BLOCK,Action 'escalate' is not executable by the recovery policy.,BLOCKED,not_attempted,0.0,Recovery action blocked by policy governance.,2026-09-04 23:17:30
TX00383,CUST1158,299.0,abandoned,checkout_abandoned,30,low,Checkout abandonment,reminder,0.88,Recent abandoned checkout with potential purchase intent.,ALLOW,Transaction passed all recovery policy checks.,SIMULATED,FOLLOW_UP,0.0,Recovery reminder scheduled in Test Mode simulation.,2026-09-04 23:17:30
TX00384,CUST1098,4999.0,success,unknown,0,low,Payment already successful,stop,0.99,No recovery is required.,BLOCK,Payment is already successful.,BLOCKED,not_attempted,0.0,Recovery action blocked by policy governance.,2026-09-04 23:17:30
TX00385,CUST1181,3499.0,success,unknown,15,low,Payment already successful,stop,0.99,No recovery is required.,BLOCK,Payment is already successful.,BLOCKED,not_attempted,0.0,Recovery action blocked by policy governance.,2026-09-04 23:17:30
TX00386,CUST1070,999.0,success,unknown,0,low,Payment already successful,stop,0.99,No recovery is required.,BLOCK,Payment is already successful.,BLOCKED,not_attempted,0.0,Recovery action blocked by policy governance.,2026-09-04 23:17:30
TX00387,CUST1140,4999.0,success,unknown,0,low,Payment already successful,stop,0.99,No recovery is required.,BLOCK,Payment is already successful.,BLOCKED,not_attempted,0.0,Recovery action blocked by policy governance.,2026-09-04 23:17:30
TX00388,CUST1138,299.0,failed,insufficient_funds,20,low,Insufficient funds,escalate,0.91,Immediate repeated retries could create unnecessary payment attempts.,BLOCK,Action 'escalate' is not executable by the recovery policy.,BLOCKED,not_attempted,0.0,Recovery action blocked by policy governance.,2026-09-04 23:17:30
TX00389,CUST1167,999.0,success,unknown,10,low,Payment already successful,stop,0.99,No recovery is required.,BLOCK,Payment is already successful.,BLOCKED,not_attempted,0.0,Recovery action blocked by policy governance.,2026-09-04 23:17:30
TX00390,CUST1112,499.0,failed,network_error,45,medium,Technical payment failure retry,retry,0.85,System technical glitch detected with potential recovery capability.,BLOCK,Maximum retry attempts reached.,BLOCKED,not_attempted,0.0,Recovery action blocked by policy governance.,2026-09-04 23:17:30
TX00391,CUST1109,799.0,failed,network_error,60,medium,Technical payment failure retry,retry,0.85,System technical glitch detected with potential recovery capability.,BLOCK,Maximum retry attempts reached.,BLOCKED,not_attempted,0.0,Recovery action blocked by policy governance.,2026-09-04 23:17:30
TX00392,CUST1071,7999.0,success,unknown,5,low,Payment already successful,stop,0.99,No recovery is required.,BLOCK,Payment is already successful.,BLOCKED,not_attempted,0.0,Recovery action blocked by policy governance.,2026-09-04 23:17:30
TX00393,CUST1131,9999.0,failed,network_error,40,medium,Retry limit reached,stop,0.97,Maximum retry attempts have already been reached.,BLOCK,Action 'stop' is not executable by the recovery policy.,BLOCKED,not_attempted,0.0,Recovery action blocked by policy governance.,2026-09-04 23:17:30
TX00394,CUST1032,799.0,success,unknown,5,low,Payment already successful,stop,0.99,No recovery is required.,BLOCK,Payment is already successful.,BLOCKED,not_attempted,0.0,Recovery action blocked by policy governance.,2026-09-04 23:17:30
TX00395,CUST1036,7999.0,failed,upi_failure,55,medium,Retry limit reached,stop,0.97,Maximum retry attempts have already been reached.,BLOCK,Action 'stop' is not executable by the recovery policy.,BLOCKED,not_attempted,0.0,Recovery action blocked by policy governance.,2026-09-04 23:17:30
TX00396,CUST1196,499.0,success,unknown,0,low,Payment already successful,stop,0.99,No recovery is required.,BLOCK,Payment is already successful.,BLOCKED,not_attempted,0.0,Recovery action blocked by policy governance.,2026-09-04 23:17:30
TX00397,CUST1083,7999.0,success,unknown,0,low,Payment already successful,stop,0.99,No recovery is required.,BLOCK,Payment is already successful.,BLOCKED,not_attempted,0.0,Recovery action blocked by policy governance.,2026-09-04 23:17:30
TX00398,CUST1091,499.0,failed,insufficient_funds,25,low,Insufficient funds,escalate,0.91,Immediate repeated retries could create unnecessary payment attempts.,BLOCK,Action 'escalate' is not executable by the recovery policy.,BLOCKED,not_attempted,0.0,Recovery action blocked by policy governance.,2026-09-04 23:17:30
TX00399,CUST1082,1299.0,success,unknown,0,low,Payment already successful,stop,0.99,No recovery is required.,BLOCK,Payment is already successful.,BLOCKED,not_attempted,0.0,Recovery action blocked by policy governance.,2026-09-04 23:17:30
TX00400,CUST1195,299.0,success,unknown,0,low,Payment already successful,stop,0.99,No recovery is required.,BLOCK,Payment is already successful.,BLOCKED,not_attempted,0.0,Recovery action blocked by policy governance.,2026-09-04 23:17:30
TX00401,CUST1112,3499.0,success,unknown,0,low,Payment already successful,stop,0.99,No recovery is required.,BLOCK,Payment is already successful.,BLOCKED,not_attempted,0.0,Recovery action blocked by policy governance.,2026-09-04 23:17:30
TX00402,CUST1166,1299.0,success,unknown,5,low,Payment already successful,stop,0.99,No recovery is required.,BLOCK,Payment is already successful.,BLOCKED,not_attempted,0.0,Recovery action blocked by policy governance.,2026-09-04 23:17:30
TX00403,CUST1095,9999.0,abandoned,checkout_abandoned,45,medium,Stale abandoned checkout,stop,0.82,The abandoned checkout is too old for an immediate recovery attempt.,BLOCK,Action 'stop' is not executable by the recovery policy.,BLOCKED,not_attempted,0.0,Recovery action blocked by policy governance.,2026-09-04 23:17:30
TX00404,CUST1078,999.0,success,unknown,5,low,Payment already successful,stop,0.99,No recovery is required.,BLOCK,Payment is already successful.,BLOCKED,not_attempted,0.0,Recovery action blocked by policy governance.,2026-09-04 23:17:30
TX00405,CUST1019,799.0,failed,authentication_failed,5,low,Retry limit reached,stop,0.97,Maximum retry attempts have already been reached.,BLOCK,Action 'stop' is not executable by the recovery policy.,BLOCKED,not_attempted,0.0,Recovery action blocked by policy governance.,2026-09-04 23:17:30
TX00406,CUST1030,2499.0,failed,insufficient_funds,45,medium,Insufficient funds,escalate,0.91,Immediate repeated retries could create unnecessary payment attempts.,BLOCK,Action 'escalate' is not executable by the recovery policy.,BLOCKED,not_attempted,0.0,Recovery action blocked by policy governance.,2026-09-04 23:17:30
TX00407,CUST1026,499.0,success,unknown,0,low,Payment already successful,stop,0.99,No recovery is required.,BLOCK,Payment is already successful.,BLOCKED,not_attempted,0.0,Recovery action blocked by policy governance.,2026-09-04 23:17:30
TX00408,CUST1164,9999.0,success,unknown,15,low,Payment already successful,stop,0.99,No recovery is required.,BLOCK,Payment is already successful.,BLOCKED,not_attempted,0.0,Recovery action blocked by policy governance.,2026-09-04 23:17:30
TX00409,CUST1054,9999.0,failed,insufficient_funds,35,low,Insufficient funds,escalate,0.91,Immediate repeated retries could create unnecessary payment attempts.,BLOCK,Action 'escalate' is not executable by the recovery policy.,BLOCKED,not_attempted,0.0,Recovery action blocked by policy governance.,2026-09-04 23:17:30
TX00410,CUST1035,499.0,failed,insufficient_funds,10,low,Insufficient funds,escalate,0.91,Immediate repeated retries could create unnecessary payment attempts.,BLOCK,Action 'escalate' is not executable by the recovery policy.,BLOCKED,not_attempted,0.0,Recovery action blocked by policy governance.,2026-09-04 23:17:30
TX00411,CUST1063,1299.0,failed,network_error,45,medium,Retry limit reached,stop,0.97,Maximum retry attempts have already been reached.,BLOCK,Action 'stop' is not executable by the recovery policy.,BLOCKED,not_attempted,0.0,Recovery action blocked by policy governance.,2026-09-04 23:17:30
TX00412,CUST1077,999.0,success,unknown,0,low,Payment already successful,stop,0.99,No recovery is required.,BLOCK,Payment is already successful.,BLOCKED,not_attempted,0.0,Recovery action blocked by policy governance.,2026-09-04 23:17:30
TX00413,CUST1061,3499.0,success,unknown,0,low,Payment already successful,stop,0.99,No recovery is required.,BLOCK,Payment is already successful.,BLOCKED,not_attempted,0.0,Recovery action blocked by policy governance.,2026-09-04 23:17:30
TX00414,CUST1135,299.0,abandoned,checkout_abandoned,35,low,Stale abandoned checkout,stop,0.82,The abandoned checkout is too old for an immediate recovery attempt.,BLOCK,Action 'stop' is not executable by the recovery policy.,BLOCKED,not_attempted,0.0,Recovery action blocked by policy governance.,2026-09-04 23:17:30
TX00415,CUST1107,1999.0,success,unknown,10,low,Payment already successful,stop,0.99,No recovery is required.,BLOCK,Payment is already successful.,BLOCKED,not_attempted,0.0,Recovery action blocked by policy governance.,2026-09-04 23:17:30
TX00416,CUST1017,299.0,success,unknown,0,low,Payment already successful,stop,0.99,No recovery is required.,BLOCK,Payment is already successful.,BLOCKED,not_attempted,0.0,Recovery action blocked by policy governance.,2026-09-04 23:17:30
TX00417,CUST1160,4999.0,failed,insufficient_funds,30,low,Insufficient funds,escalate,0.91,Immediate repeated retries could create unnecessary payment attempts.,BLOCK,Action 'escalate' is not executable by the recovery policy.,BLOCKED,not_attempted,0.0,Recovery action blocked by policy governance.,2026-09-04 23:17:30
TX00418,CUST1079,499.0,success,unknown,0,low,Payment already successful,stop,0.99,No recovery is required.,BLOCK,Payment is already successful.,BLOCKED,not_attempted,0.0,Recovery action blocked by policy governance.,2026-09-04 23:17:30
TX00419,CUST1150,9999.0,failed,upi_failure,70,high,Technical payment failure retry,retry,0.85,System technical glitch detected with potential recovery capability.,BLOCK,Transaction is outside the 7-day recovery window.,BLOCKED,not_attempted,0.0,Recovery action blocked by policy governance.,2026-09-04 23:17:30
TX00420,CUST1061,299.0,success,unknown,0,low,Payment already successful,stop,0.99,No recovery is required.,BLOCK,Payment is already successful.,BLOCKED,not_attempted,0.0,Recovery action blocked by policy governance.,2026-09-04 23:17:30
TX00421,CUST1014,1299.0,failed,upi_failure,45,medium,Technical payment failure retry,retry,0.85,System technical glitch detected with potential recovery capability.,BLOCK,Maximum retry attempts reached.,BLOCKED,not_attempted,0.0,Recovery action blocked by policy governance.,2026-09-04 23:17:30
TX00422,CUST1179,299.0,success,unknown,10,low,Payment already successful,stop,0.99,No recovery is required.,BLOCK,Payment is already successful.,BLOCKED,not_attempted,0.0,Recovery action blocked by policy governance.,2026-09-04 23:17:30
TX00423,CUST1191,1299.0,failed,timeout,60,medium,Technical payment failure retry,retry,0.85,System technical glitch detected with potential recovery capability.,BLOCK,Transaction is outside the 7-day recovery window.,BLOCKED,not_attempted,0.0,Recovery action blocked by policy governance.,2026-09-04 23:17:30
TX00424,CUST1016,1299.0,failed,authentication_failed,20,low,Stale recovery opportunity,stop,0.94,The transaction is outside the recovery window.,BLOCK,Action 'stop' is not executable by the recovery policy.,BLOCKED,not_attempted,0.0,Recovery action blocked by policy governance.,2026-09-04 23:17:30
TX00425,CUST1014,3499.0,abandoned,checkout_abandoned,45,medium,Checkout abandonment,reminder,0.88,Recent abandoned checkout with potential purchase intent.,ALLOW,Transaction passed all recovery policy checks.,SIMULATED,FOLLOW_UP,0.0,Recovery reminder scheduled in Test Mode simulation.,2026-09-04 23:17:30
TX00426,CUST1197,499.0,abandoned,checkout_abandoned,15,low,Stale abandoned checkout,stop,0.82,The abandoned checkout is too old for an immediate recovery attempt.,BLOCK,Action 'stop' is not executable by the recovery policy.,BLOCKED,not_attempted,0.0,Recovery action blocked by policy governance.,2026-09-04 23:17:30
TX00427,CUST1000,299.0,abandoned,checkout_abandoned,30,low,Checkout abandonment,reminder,0.88,Recent abandoned checkout with potential purchase intent.,ALLOW,Transaction passed all recovery policy checks.,SIMULATED,FOLLOW_UP,0.0,Recovery reminder scheduled in Test Mode simulation.,2026-09-04 23:17:30
TX00428,CUST1093,2499.0,abandoned,checkout_abandoned,30,low,Stale abandoned checkout,stop,0.82,The abandoned checkout is too old for an immediate recovery attempt.,BLOCK,Action 'stop' is not executable by the recovery policy.,BLOCKED,not_attempted,0.0,Recovery action blocked by policy governance.,2026-09-04 23:17:30
TX00429,CUST1189,9999.0,success,unknown,0,low,Payment already successful,stop,0.99,No recovery is required.,BLOCK,Payment is already successful.,BLOCKED,not_attempted,0.0,Recovery action blocked by policy governance.,2026-09-04 23:17:30
TX00430,CUST1081,1299.0,failed,authentication_failed,0,low,Retry limit reached,stop,0.97,Maximum retry attempts have already been reached.,BLOCK,Action 'stop' is not executable by the recovery policy.,BLOCKED,not_attempted,0.0,Recovery action blocked by policy governance.,2026-09-04 23:17:30
TX00431,CUST1045,999.0,failed,timeout,25,low,Retry limit reached,stop,0.97,Maximum retry attempts have already been reached.,BLOCK,Action 'stop' is not executable by the recovery policy.,BLOCKED,not_attempted,0.0,Recovery action blocked by policy governance.,2026-09-04 23:17:30
TX00432,CUST1198,1299.0,success,unknown,5,low,Payment already successful,stop,0.99,No recovery is required.,BLOCK,Payment is already successful.,BLOCKED,not_attempted,0.0,Recovery action blocked by policy governance.,2026-09-04 23:17:30
TX00433,CUST1144,1299.0,failed,network_error,30,low,Retry limit reached,stop,0.97,Maximum retry attempts have already been reached.,BLOCK,Action 'stop' is not executable by the recovery policy.,BLOCKED,not_attempted,0.0,Recovery action blocked by policy governance.,2026-09-04 23:17:30
TX00434,CUST1187,4999.0,failed,network_error,70,high,Temporary payment failure,retry,0.92,Failure appears temporary and the customer has not exceeded the retry limit.,BLOCK,Maximum retry attempts reached.,BLOCKED,not_attempted,0.0,Recovery action blocked by policy governance.,2026-09-04 23:17:30
TX00435,CUST1138,1999.0,failed,upi_failure,50,medium,Technical payment failure retry,retry,0.85,System technical glitch detected with potential recovery capability.,BLOCK,Transaction is outside the 7-day recovery window.,BLOCKED,not_attempted,0.0,Recovery action blocked by policy governance.,2026-09-04 23:17:30
TX00436,CUST1096,1299.0,success,unknown,0,low,Payment already successful,stop,0.99,No recovery is required.,BLOCK,Payment is already successful.,BLOCKED,not_attempted,0.0,Recovery action blocked by policy governance.,2026-09-04 23:17:30
TX00437,CUST1036,1299.0,success,unknown,0,low,Payment already successful,stop,0.99,No recovery is required.,BLOCK,Payment is already successful.,BLOCKED,not_attempted,0.0,Recovery action blocked by policy governance.,2026-09-04 23:17:30
TX00438,CUST1117,499.0,failed,authentication_failed,25,low,Stale recovery opportunity,stop,0.94,The transaction is outside the recovery window.,BLOCK,Action 'stop' is not executable by the recovery policy.,BLOCKED,not_attempted,0.0,Recovery action blocked by policy governance.,2026-09-04 23:17:30
TX00439,CUST1015,2499.0,failed,network_error,60,medium,Technical payment failure retry,retry,0.85,System technical glitch detected with potential recovery capability.,BLOCK,Maximum retry attempts reached.,BLOCKED,not_attempted,0.0,Recovery action blocked by policy governance.,2026-09-04 23:17:30
TX00440,CUST1100,1999.0,success,unknown,0,low,Payment already successful,stop,0.99,No recovery is required.,BLOCK,Payment is already successful.,BLOCKED,not_attempted,0.0,Recovery action blocked by policy governance.,2026-09-04 23:17:30
TX00441,CUST1034,7999.0,success,unknown,15,low,Payment already successful,stop,0.99,No recovery is required.,BLOCK,Payment is already successful.,BLOCKED,not_attempted,0.0,Recovery action blocked by policy governance.,2026-09-04 23:17:30
TX00442,CUST1104,499.0,success,unknown,10,low,Payment already successful,stop,0.99,No recovery is required.,BLOCK,Payment is already successful.,BLOCKED,not_attempted,0.0,Recovery action blocked by policy governance.,2026-09-04 23:17:30
TX00443,CUST1030,499.0,success,unknown,0,low,Payment already successful,stop,0.99,No recovery is required.,BLOCK,Payment is already successful.,BLOCKED,not_attempted,0.0,Recovery action blocked by policy governance.,2026-09-04 23:17:30
TX00444,CUST1037,499.0,failed,bank_declined,45,medium,Retry limit reached,stop,0.97,Maximum retry attempts have already been reached.,BLOCK,Action 'stop' is not executable by the recovery policy.,BLOCKED,not_attempted,0.0,Recovery action blocked by policy governance.,2026-09-04 23:17:30
TX00445,CUST1044,299.0,abandoned,checkout_abandoned,15,low,Stale abandoned checkout,stop,0.82,The abandoned checkout is too old for an immediate recovery attempt.,BLOCK,Action 'stop' is not executable by the recovery policy.,BLOCKED,not_attempted,0.0,Recovery action blocked by policy governance.,2026-09-04 23:17:30
TX00446,CUST1063,499.0,success,unknown,5,low,Payment already successful,stop,0.99,No recovery is required.,BLOCK,Payment is already successful.,BLOCKED,not_attempted,0.0,Recovery action blocked by policy governance.,2026-09-04 23:17:30
TX00447,CUST1033,999.0,failed,bank_declined,65,medium,Recoverable bank decline,retry,0.79,Customer has a strong successful payment history.,ALLOW,Transaction passed all recovery policy checks.,SIMULATED,RECOVERED,999.0,Payment retry succeeded in Test Mode simulation.,2026-09-04 23:17:30
TX00448,CUST1050,9999.0,success,unknown,15,low,Payment already successful,stop,0.99,No recovery is required.,BLOCK,Payment is already successful.,BLOCKED,not_attempted,0.0,Recovery action blocked by policy governance.,2026-09-04 23:17:30
TX00449,CUST1118,299.0,success,unknown,5,low,Payment already successful,stop,0.99,No recovery is required.,BLOCK,Payment is already successful.,BLOCKED,not_attempted,0.0,Recovery action blocked by policy governance.,2026-09-04 23:17:30
TX00450,CUST1174,2499.0,success,unknown,20,low,Payment already successful,stop,0.99,No recovery is required.,BLOCK,Payment is already successful.,BLOCKED,not_attempted,0.0,Recovery action blocked by policy governance.,2026-09-04 23:17:30
TX00451,CUST1038,299.0,failed,authentication_failed,35,low,Low recovery probability / Ineligible,stop,0.85,Payment failure reason 'authentication_failed' is not eligible for recovery.,BLOCK,Action 'stop' is not executable by the recovery policy.,BLOCKED,not_attempted,0.0,Recovery action blocked by policy governance.,2026-09-04 23:17:30
TX00452,CUST1122,299.0,success,unknown,0,low,Payment already successful,stop,0.99,No recovery is required.,BLOCK,Payment is already successful.,BLOCKED,not_attempted,0.0,Recovery action blocked by policy governance.,2026-09-04 23:17:30
TX00453,CUST1134,999.0,failed,authentication_failed,35,low,Low recovery probability / Ineligible,stop,0.85,Payment failure reason 'authentication_failed' is not eligible for recovery.,BLOCK,Action 'stop' is not executable by the recovery policy.,BLOCKED,not_attempted,0.0,Recovery action blocked by policy governance.,2026-09-04 23:17:30
TX00454,CUST1139,3499.0,success,unknown,20,low,Payment already successful,stop,0.99,No recovery is required.,BLOCK,Payment is already successful.,BLOCKED,not_attempted,0.0,Recovery action blocked by policy governance.,2026-09-04 23:17:30
TX00455,CUST1081,7999.0,success,unknown,0,low,Payment already successful,stop,0.99,No recovery is required.,BLOCK,Payment is already successful.,BLOCKED,not_attempted,0.0,Recovery action blocked by policy governance.,2026-09-04 23:17:30
TX00456,CUST1196,7999.0,abandoned,checkout_abandoned,45,medium,Checkout abandonment,reminder,0.88,Recent abandoned checkout with potential purchase intent.,ALLOW,Transaction passed all recovery policy checks.,SIMULATED,FOLLOW_UP,0.0,Recovery reminder scheduled in Test Mode simulation.,2026-09-04 23:17:30
TX00457,CUST1061,1299.0,success,unknown,0,low,Payment already successful,stop,0.99,No recovery is required.,BLOCK,Payment is already successful.,BLOCKED,not_attempted,0.0,Recovery action blocked by policy governance.,2026-09-04 23:17:30
TX00458,CUST1090,799.0,success,unknown,5,low,Payment already successful,stop,0.99,No recovery is required.,BLOCK,Payment is already successful.,BLOCKED,not_attempted,0.0,Recovery action blocked by policy governance.,2026-09-04 23:17:30
TX00459,CUST1179,1999.0,abandoned,checkout_abandoned,10,low,Stale abandoned checkout,stop,0.82,The abandoned checkout is too old for an immediate recovery attempt.,BLOCK,Action 'stop' is not executable by the recovery policy.,BLOCKED,not_attempted,0.0,Recovery action blocked by policy governance.,2026-09-04 23:17:30
TX00460,CUST1126,4999.0,success,unknown,15,low,Payment already successful,stop,0.99,No recovery is required.,BLOCK,Payment is already successful.,BLOCKED,not_attempted,0.0,Recovery action blocked by policy governance.,2026-09-04 23:17:30
TX00461,CUST1154,999.0,success,unknown,0,low,Payment already successful,stop,0.99,No recovery is required.,BLOCK,Payment is already successful.,BLOCKED,not_attempted,0.0,Recovery action blocked by policy governance.,2026-09-04 23:17:30
TX00462,CUST1051,799.0,success,unknown,10,low,Payment already successful,stop,0.99,No recovery is required.,BLOCK,Payment is already successful.,BLOCKED,not_attempted,0.0,Recovery action blocked by policy governance.,2026-09-04 23:17:30
TX00463,CUST1150,799.0,failed,authentication_failed,5,low,Retry limit reached,stop,0.97,Maximum retry attempts have already been reached.,BLOCK,Action 'stop' is not executable by the recovery policy.,BLOCKED,not_attempted,0.0,Recovery action blocked by policy governance.,2026-09-04 23:17:30
TX00464,CUST1101,7999.0,success,unknown,20,low,Payment already successful,stop,0.99,No recovery is required.,BLOCK,Payment is already successful.,BLOCKED,not_attempted,0.0,Recovery action blocked by policy governance.,2026-09-04 23:17:30
TX00465,CUST1111,9999.0,abandoned,checkout_abandoned,30,low,Stale abandoned checkout,stop,0.82,The abandoned checkout is too old for an immediate recovery attempt.,BLOCK,Action 'stop' is not executable by the recovery policy.,BLOCKED,not_attempted,0.0,Recovery action blocked by policy governance.,2026-09-04 23:17:30
TX00466,CUST1177,7999.0,failed,network_error,55,medium,Retry limit reached,stop,0.97,Maximum retry attempts have already been reached.,BLOCK,Action 'stop' is not executable by the recovery policy.,BLOCKED,not_attempted,0.0,Recovery action blocked by policy governance.,2026-09-04 23:17:30
TX00467,CUST1176,1299.0,success,unknown,5,low,Payment already successful,stop,0.99,No recovery is required.,BLOCK,Payment is already successful.,BLOCKED,not_attempted,0.0,Recovery action blocked by policy governance.,2026-09-04 23:17:30
TX00468,CUST1154,1999.0,abandoned,checkout_abandoned,15,low,Stale abandoned checkout,stop,0.82,The abandoned checkout is too old for an immediate recovery attempt.,BLOCK,Action 'stop' is not executable by the recovery policy.,BLOCKED,not_attempted,0.0,Recovery action blocked by policy governance.,2026-09-04 23:17:30
TX00469,CUST1127,799.0,success,unknown,10,low,Payment already successful,stop,0.99,No recovery is required.,BLOCK,Payment is already successful.,BLOCKED,not_attempted,0.0,Recovery action blocked by policy governance.,2026-09-04 23:17:30
TX00470,CUST1162,499.0,failed,upi_failure,50,medium,Retry limit reached,stop,0.97,Maximum retry attempts have already been reached.,BLOCK,Action 'stop' is not executable by the recovery policy.,BLOCKED,not_attempted,0.0,Recovery action blocked by policy governance.,2026-09-04 23:17:30
TX00471,CUST1063,499.0,success,unknown,5,low,Payment already successful,stop,0.99,No recovery is required.,BLOCK,Payment is already successful.,BLOCKED,not_attempted,0.0,Recovery action blocked by policy governance.,2026-09-04 23:17:30
TX00472,CUST1187,2499.0,abandoned,checkout_abandoned,25,low,Stale abandoned checkout,stop,0.82,The abandoned checkout is too old for an immediate recovery attempt.,BLOCK,Action 'stop' is not executable by the recovery policy.,BLOCKED,not_attempted,0.0,Recovery action blocked by policy governance.,2026-09-04 23:17:30
TX00473,CUST1089,4999.0,success,unknown,20,low,Payment already successful,stop,0.99,No recovery is required.,BLOCK,Payment is already successful.,BLOCKED,not_attempted,0.0,Recovery action blocked by policy governance.,2026-09-04 23:17:30
TX00474,CUST1008,1299.0,success,unknown,5,low,Payment already successful,stop,0.99,No recovery is required.,BLOCK,Payment is already successful.,BLOCKED,not_attempted,0.0,Recovery action blocked by policy governance.,2026-09-04 23:17:30
TX00475,CUST1096,799.0,failed,authentication_failed,20,low,Stale recovery opportunity,stop,0.94,The transaction is outside the recovery window.,BLOCK,Action 'stop' is not executable by the recovery policy.,BLOCKED,not_attempted,0.0,Recovery action blocked by policy governance.,2026-09-04 23:17:30
TX00476,CUST1180,299.0,success,unknown,10,low,Payment already successful,stop,0.99,No recovery is required.,BLOCK,Payment is already successful.,BLOCKED,not_attempted,0.0,Recovery action blocked by policy governance.,2026-09-04 23:17:30
TX00477,CUST1084,999.0,abandoned,checkout_abandoned,15,low,Stale abandoned checkout,stop,0.82,The abandoned checkout is too old for an immediate recovery attempt.,BLOCK,Action 'stop' is not executable by the recovery policy.,BLOCKED,not_attempted,0.0,Recovery action blocked by policy governance.,2026-09-04 23:17:30
TX00478,CUST1186,4999.0,success,unknown,20,low,Payment already successful,stop,0.99,No recovery is required.,BLOCK,Payment is already successful.,BLOCKED,not_attempted,0.0,Recovery action blocked by policy governance.,2026-09-04 23:17:30
TX00479,CUST1100,7999.0,success,unknown,15,low,Payment already successful,stop,0.99,No recovery is required.,BLOCK,Payment is already successful.,BLOCKED,not_attempted,0.0,Recovery action blocked by policy governance.,2026-09-04 23:17:30
TX00480,CUST1109,499.0,success,unknown,10,low,Payment already successful,stop,0.99,No recovery is required.,BLOCK,Payment is already successful.,BLOCKED,not_attempted,0.0,Recovery action blocked by policy governance.,2026-09-04 23:17:30
TX00481,CUST1043,9999.0,success,unknown,20,low,Payment already successful,stop,0.99,No recovery is required.,BLOCK,Payment is already successful.,BLOCKED,not_attempted,0.0,Recovery action blocked by policy governance.,2026-09-04 23:17:30
TX00482,CUST1120,3499.0,abandoned,checkout_abandoned,30,low,Stale abandoned checkout,stop,0.82,The abandoned checkout is too old for an immediate recovery attempt.,BLOCK,Action 'stop' is not executable by the recovery policy.,BLOCKED,not_attempted,0.0,Recovery action blocked by policy governance.,2026-09-04 23:17:30
TX00483,CUST1099,799.0,success,unknown,10,low,Payment already successful,stop,0.99,No recovery is required.,BLOCK,Payment is already successful.,BLOCKED,not_attempted,0.0,Recovery action blocked by policy governance.,2026-09-04 23:17:30
TX00484,CUST1067,3499.0,success,unknown,15,low,Payment already successful,stop,0.99,No recovery is required.,BLOCK,Payment is already successful.,BLOCKED,not_attempted,0.0,Recovery action blocked by policy governance.,2026-09-04 23:17:30
TX00485,CUST1192,9999.0,success,unknown,15,low,Payment already successful,stop,0.99,No recovery is required.,BLOCK,Payment is already successful.,BLOCKED,not_attempted,0.0,Recovery action blocked by policy governance.,2026-09-04 23:17:30
TX00486,CUST1015,2499.0,failed,insufficient_funds,15,low,Insufficient funds,escalate,0.91,Immediate repeated retries could create unnecessary payment attempts.,BLOCK,Action 'escalate' is not executable by the recovery policy.,BLOCKED,not_attempted,0.0,Recovery action blocked by policy governance.,2026-09-04 23:17:30
TX00487,CUST1121,1299.0,success,unknown,0,low,Payment already successful,stop,0.99,No recovery is required.,BLOCK,Payment is already successful.,BLOCKED,not_attempted,0.0,Recovery action blocked by policy governance.,2026-09-04 23:17:30
TX00488,CUST1044,799.0,abandoned,checkout_abandoned,35,low,Checkout abandonment,reminder,0.88,Recent abandoned checkout with potential purchase intent.,ALLOW,Transaction passed all recovery policy checks.,SIMULATED,FOLLOW_UP,0.0,Recovery reminder scheduled in Test Mode simulation.,2026-09-04 23:17:30
TX00489,CUST1020,9999.0,success,unknown,5,low,Payment already successful,stop,0.99,No recovery is required.,BLOCK,Payment is already successful.,BLOCKED,not_attempted,0.0,Recovery action blocked by policy governance.,2026-09-04 23:17:30
TX00490,CUST1017,499.0,success,unknown,0,low,Payment already successful,stop,0.99,No recovery is required.,BLOCK,Payment is already successful.,BLOCKED,not_attempted,0.0,Recovery action blocked by policy governance.,2026-09-04 23:17:30
TX00491,CUST1003,7999.0,failed,insufficient_funds,50,medium,Insufficient funds,escalate,0.91,Immediate repeated retries could create unnecessary payment attempts.,BLOCK,Action 'escalate' is not executable by the recovery policy.,BLOCKED,not_attempted,0.0,Recovery action blocked by policy governance.,2026-09-04 23:17:30
TX00492,CUST1150,7999.0,failed,timeout,55,medium,Technical payment failure retry,retry,0.85,System technical glitch detected with potential recovery capability.,BLOCK,Transaction is outside the 7-day recovery window.,BLOCKED,not_attempted,0.0,Recovery action blocked by policy governance.,2026-09-04 23:17:30
TX00493,CUST1088,2499.0,success,unknown,20,low,Payment already successful,stop,0.99,No recovery is required.,BLOCK,Payment is already successful.,BLOCKED,not_attempted,0.0,Recovery action blocked by policy governance.,2026-09-04 23:17:30
TX00494,CUST1103,799.0,failed,upi_failure,30,low,Retry limit reached,stop,0.97,Maximum retry attempts have already been reached.,BLOCK,Action 'stop' is not executable by the recovery policy.,BLOCKED,not_attempted,0.0,Recovery action blocked by policy governance.,2026-09-04 23:17:30
TX00495,CUST1176,999.0,success,unknown,10,low,Payment already successful,stop,0.99,No recovery is required.,BLOCK,Payment is already successful.,BLOCKED,not_attempted,0.0,Recovery action blocked by policy governance.,2026-09-04 23:17:30
TX00496,CUST1077,1299.0,success,unknown,5,low,Payment already successful,stop,0.99,No recovery is required.,BLOCK,Payment is already successful.,BLOCKED,not_attempted,0.0,Recovery action blocked by policy governance.,2026-09-04 23:17:30
TX00497,CUST1190,3499.0,failed,bank_declined,40,medium,Retry limit reached,stop,0.97,Maximum retry attempts have already been reached.,BLOCK,Action 'stop' is not executable by the recovery policy.,BLOCKED,not_attempted,0.0,Recovery action blocked by policy governance.,2026-09-04 23:17:30
TX00498,CUST1048,3499.0,success,unknown,0,low,Payment already successful,stop,0.99,No recovery is required.,BLOCK,Payment is already successful.,BLOCKED,not_attempted,0.0,Recovery action blocked by policy governance.,2026-09-04 23:17:30
TX00499,CUST1014,4999.0,failed,timeout,45,medium,Retry limit reached,stop,0.97,Maximum retry attempts have already been reached.,BLOCK,Action 'stop' is not executable by the recovery policy.,BLOCKED,not_attempted,0.0,Recovery action blocked by policy governance.,2026-09-04 23:17:30
TX00500,CUST1145,299.0,success,unknown,5,low,Payment already successful,stop,0.99,No recovery is required.,BLOCK,Payment is already successful.,BLOCKED,not_attempted,0.0,Recovery action blocked by policy governance.,2026-09-04 23:17:30
TX_ONLY_A,C01,,1000.0,failed,timeout,40,medium,Temporary failure,retry,0.92,Customer history good,ALLOW,Passed checks,SIMULATED,RECOVERED,1000.0,Retry succeeded,0,2026-09-05 20:13:36
TX_A,C01,,1000.0,failed,timeout,40,medium,Temporary failure,retry,0.92,Customer history good,ALLOW,Passed checks,SIMULATED,RECOVERED,1000.0,Retry succeeded,0,2026-09-05 20:13:36
TX_B,C01,,1000.0,failed,timeout,40,medium,Temporary failure,retry,0.92,Customer history good,ALLOW,Passed checks,SIMULATED,RECOVERED,1000.0,Retry succeeded,0,2026-09-05 20:13:36
TX01,C01,PAYMENT_FAILURE,1000.0,failed,timeout,40,medium,Temporary failure,retry,0.92,Customer history good,ALLOW,Passed checks,SIMULATED,RECOVERED,1000.0,Retry succeeded,2,2026-09-05 20:13:36
TEST_001,cust_123,PAYMENT_FAILURE,100.0,failed,payment_failed,45,medium,[PAYMENT_FAILURE] [LLM-SIMULATED] Low recovery probability,stop,0.78,LLM Decision Agent evaluated prompt signals: Available evidence does not justify another recovery attempt.,BLOCK,"Action 'stop' is not permitted for PAYMENT_FAILURE. Allowed: ['reminder', 'retry'].",BLOCKED,not_attempted,0.0,"Execution blocked by policy governance: Action 'stop' is not permitted for PAYMENT_FAILURE. Allowed: ['reminder', 'retry'].",0,2026-09-05 20:16:30
TEST_001,cust_123,CHECKOUT_ABANDONMENT,100.0,failed,payment_failed,45,medium,[CHECKOUT_ABANDONMENT] [LLM-SIMULATED] Low recovery probability,reminder,0.78,LLM Decision Agent evaluated prompt signals: Available evidence does not justify another recovery attempt.,ALLOW,All policy checks passed for CHECKOUT_ABANDONMENT — action 'reminder' authorised.,SIMULATED,FOLLOW_UP,0.0,Multi-channel reminder dispatch completed.,0,2026-09-05 20:16:30
TEST_001,cust_123,FAILED_SUBSCRIPTION,100.0,failed,payment_failed,45,medium,[FAILED_SUBSCRIPTION] [LLM-SIMULATED] Low recovery probability,stop,0.78,LLM Decision Agent evaluated prompt signals: Available evidence does not justify another recovery attempt.,BLOCK,"Action 'stop' is not permitted for FAILED_SUBSCRIPTION. Allowed: ['reminder', 'retry'].",BLOCKED,not_attempted,0.0,"Execution blocked by policy governance: Action 'stop' is not permitted for FAILED_SUBSCRIPTION. Allowed: ['reminder', 'retry'].",0,2026-09-05 20:16:30
TEST_001,cust_123,B2B_RECEIVABLE,100.0,failed,payment_failed,45,medium,[B2B_RECEIVABLE] [LLM-SIMULATED] Low recovery probability,reminder,0.78,LLM Decision Agent evaluated prompt signals: Available evidence does not justify another recovery attempt.,ALLOW,All policy checks passed for B2B_RECEIVABLE — action 'reminder' authorised.,SIMULATED,FOLLOW_UP,0.0,Multi-channel reminder dispatch completed.,0,2026-09-05 20:16:30
TEST_001,cust_123,MANDATE_FAILURE,100.0,failed,payment_failed,45,medium,[MANDATE_FAILURE] [LLM-SIMULATED] Low recovery probability,schedule_mandate,0.78,LLM Decision Agent evaluated prompt signals: Available evidence does not justify another recovery attempt.,ALLOW,All policy checks passed for MANDATE_FAILURE — action 'schedule_mandate' authorised.,SIMULATED,RECOVERED,100.0,Payment recovery successful via Razorpay Test Mode sandbox.,0,2026-09-05 20:16:30
TEST_001,cust_123,PROMISE_TO_PAY,100.0,failed,payment_failed,45,medium,[PROMISE_TO_PAY] [LLM-SIMULATED] Low recovery probability,collect_promise,0.78,LLM Decision Agent evaluated prompt signals: Available evidence does not justify another recovery attempt.,ALLOW,All policy checks passed for PROMISE_TO_PAY — action 'collect_promise' authorised.,SIMULATED,RECOVERED,100.0,Payment recovery successful via Razorpay Test Mode sandbox.,0,2026-09-05 20:16:30
TX_TEST_API,CUST101,,1999.0,failed,timeout,60,medium,Temporary payment failure,retry,0.92,Failure appears temporary and the customer has not exceeded the retry limit.,ALLOW,Transaction passed all recovery policy checks.,SIMULATED,RECOVERED,1999.0,Payment retry succeeded in Test Mode simulation.,0,2026-09-05 20:23:21
TX_EXEC_API,CUST104,PAYMENT_FAILURE,1999.0,failed,timeout,55,medium,[LLM-SIMULATED] Temporary payment failure,retry,0.94,LLM Decision Agent evaluated prompt signals: Failure appears temporary and the customer has not exceeded the retry limit.,ALLOW,Transaction passed all recovery policy checks.,SIMULATED,RECOVERED,1999.0,Razorpay Sandbox Simulation Success,2,2026-09-05 20:23:21
TX_ONLY_A,C01,,1000.0,failed,timeout,40,medium,Temporary failure,retry,0.92,Customer history good,ALLOW,Passed checks,SIMULATED,RECOVERED,1000.0,Retry succeeded,0,2026-09-05 20:23:21
TX_A,C01,,1000.0,failed,timeout,40,medium,Temporary failure,retry,0.92,Customer history good,ALLOW,Passed checks,SIMULATED,RECOVERED,1000.0,Retry succeeded,0,2026-09-05 20:23:21
TX_B,C01,,1000.0,failed,timeout,40,medium,Temporary failure,retry,0.92,Customer history good,ALLOW,Passed checks,SIMULATED,RECOVERED,1000.0,Retry succeeded,0,2026-09-05 20:23:21
TX01,C01,PAYMENT_FAILURE,1000.0,failed,timeout,40,medium,Temporary failure,retry,0.92,Customer history good,ALLOW,Passed checks,SIMULATED,RECOVERED,1000.0,Retry succeeded,2,2026-09-05 20:23:21
TEST_001,cust_123,PAYMENT_FAILURE,100.0,failed,payment_failed,45,medium,[PAYMENT_FAILURE] [LLM-SIMULATED] Low recovery probability,stop,0.78,LLM Decision Agent evaluated prompt signals: Available evidence does not justify another recovery attempt.,BLOCK,"Action 'stop' is not permitted for PAYMENT_FAILURE. Allowed: ['reminder', 'retry'].",BLOCKED,not_attempted,0.0,"Execution blocked by policy governance: Action 'stop' is not permitted for PAYMENT_FAILURE. Allowed: ['reminder', 'retry'].",0,2026-09-05 20:23:21
TEST_001,cust_123,FAILED_SUBSCRIPTION,100.0,failed,payment_failed,45,medium,[FAILED_SUBSCRIPTION] [LLM-SIMULATED] Low recovery probability,stop,0.78,LLM Decision Agent evaluated prompt signals: Available evidence does not justify another recovery attempt.,BLOCK,"Action 'stop' is not permitted for FAILED_SUBSCRIPTION. Allowed: ['reminder', 'retry'].",BLOCKED,not_attempted,0.0,"Execution blocked by policy governance: Action 'stop' is not permitted for FAILED_SUBSCRIPTION. Allowed: ['reminder', 'retry'].",0,2026-09-05 20:23:21
TX_ORCH_01,C01,PAYMENT_FAILURE,1999.0,failed,timeout,55,medium,[LLM-SIMULATED] Temporary payment failure,retry,0.94,LLM Decision Agent evaluated prompt signals: Failure appears temporary and the customer has not exceeded the retry limit.,ALLOW,Transaction passed all recovery policy checks.,SIMULATED,RECOVERED,1999.0,Razorpay Sandbox Simulation Success,2,2026-09-05 20:23:22
TX_ORCH_02,C02,PAYMENT_FAILURE,50000.0,failed,timeout,70,high,[LLM-SIMULATED] Temporary payment failure,retry,0.94,LLM Decision Agent evaluated prompt signals: Failure appears temporary and the customer has not exceeded the retry limit.,BLOCK,"Amount ₹50,000.00 exceeds the ₹10,000.00 recovery limit.",BLOCKED,not_attempted,0.0,"Recovery blocked by policy governance: Amount ₹50,000.00 exceeds the ₹10,000.00 recovery limit.",0,2026-09-05 20:23:22
TX_SUCCESS,C01,,1000.0,success,unknown,5,low,Payment already successful,stop,0.99,No recovery is required.,BLOCK,Payment is already successful.,BLOCKED,not_attempted,0.0,Recovery action blocked by policy governance.,0,2026-09-05 20:23:22
TX_TIMEOUT,C02,,1999.0,failed,timeout,60,medium,Temporary payment failure,retry,0.92,Failure appears temporary and the customer has not exceeded the retry limit.,ALLOW,Transaction passed all recovery policy checks.,SIMULATED,RECOVERED,1999.0,Payment retry succeeded in Test Mode simulation.,0,2026-09-05 20:23:22
TX_BANK,C03,,1999.0,failed,bank_declined,65,medium,Recoverable bank decline,retry,0.79,Customer has a strong successful payment history.,ALLOW,Transaction passed all recovery policy checks.,SIMULATED,RECOVERED,1999.0,Payment retry succeeded in Test Mode simulation.,0,2026-09-05 20:23:22
TX_FUNDS,C04,,1999.0,failed,insufficient_funds,35,low,Insufficient funds,escalate,0.91,Immediate repeated retries could create unnecessary payment attempts.,BLOCK,Action 'escalate' is not executable by the recovery policy.,BLOCKED,not_attempted,0.0,Recovery action blocked by policy governance.,0,2026-09-05 20:23:22
TX_MAX_RETRY,C05,,1999.0,failed,timeout,45,medium,Retry limit reached,stop,0.97,Maximum retry attempts have already been reached.,BLOCK,Action 'stop' is not executable by the recovery policy.,BLOCKED,not_attempted,0.0,Recovery action blocked by policy governance.,0,2026-09-05 20:23:22
TX_HIGH_AMT,C06,,50000.0,failed,timeout,70,high,Temporary payment failure,retry,0.92,Failure appears temporary and the customer has not exceeded the retry limit.,BLOCK,"Amount ₹50,000.00 exceeds the ₹10,000.00 recovery limit.",BLOCKED,not_attempted,0.0,Recovery action blocked by policy governance.,0,2026-09-05 20:23:22
TX_ABANDONED,C07,,499.0,abandoned,unknown,30,low,Checkout abandonment,reminder,0.88,Recent abandoned checkout with potential purchase intent.,ALLOW,Transaction passed all recovery policy checks.,SIMULATED,FOLLOW_UP,0.0,Recovery reminder scheduled in Test Mode simulation.,0,2026-09-05 20:23:22
UNKNOWN,UNKNOWN,,0.0,failed,unknown,35,low,Low recovery probability / Ineligible,stop,0.85,Payment failure reason 'unknown' is not eligible for recovery.,BLOCK,Action 'stop' is not executable by the recovery policy.,BLOCKED,not_attempted,0.0,Recovery action blocked by policy governance.,0,2026-09-05 20:23:22
TX_TEST_API,CUST101,,1999.0,failed,timeout,60,medium,Temporary payment failure,retry,0.92,Failure appears temporary and the customer has not exceeded the retry limit.,ALLOW,Transaction passed all recovery policy checks.,SIMULATED,FAILED,0.0,Payment retry attempted but failed in Test Mode simulation.,0,2026-09-05 20:25:45
TX_EXEC_API,CUST104,PAYMENT_FAILURE,1999.0,failed,timeout,55,medium,[LLM-SIMULATED] Temporary payment failure,retry,0.94,LLM Decision Agent evaluated prompt signals: Failure appears temporary and the customer has not exceeded the retry limit.,ALLOW,Transaction passed all recovery policy checks.,SIMULATED,FAILED,0.0,Razorpay Sandbox Bank Decline,2,2026-09-05 20:25:45
TX_ONLY_A,C01,,1000.0,failed,timeout,40,medium,Temporary failure,retry,0.92,Customer history good,ALLOW,Passed checks,SIMULATED,RECOVERED,1000.0,Retry succeeded,0,2026-09-05 20:25:45
TX_A,C01,,1000.0,failed,timeout,40,medium,Temporary failure,retry,0.92,Customer history good,ALLOW,Passed checks,SIMULATED,RECOVERED,1000.0,Retry succeeded,0,2026-09-05 20:25:45
TX_B,C01,,1000.0,failed,timeout,40,medium,Temporary failure,retry,0.92,Customer history good,ALLOW,Passed checks,SIMULATED,RECOVERED,1000.0,Retry succeeded,0,2026-09-05 20:25:45
TX01,C01,PAYMENT_FAILURE,1000.0,failed,timeout,40,medium,Temporary failure,retry,0.92,Customer history good,ALLOW,Passed checks,SIMULATED,RECOVERED,1000.0,Retry succeeded,2,2026-09-05 20:25:45
TEST_001,cust_123,PAYMENT_FAILURE,100.0,failed,payment_failed,45,medium,[PAYMENT_FAILURE] [LLM-SIMULATED] Low recovery probability,stop,0.78,LLM Decision Agent evaluated prompt signals: Available evidence does not justify another recovery attempt.,BLOCK,"Action 'stop' is not permitted for PAYMENT_FAILURE. Allowed: ['reminder', 'retry'].",BLOCKED,not_attempted,0.0,"Execution blocked by policy governance: Action 'stop' is not permitted for PAYMENT_FAILURE. Allowed: ['reminder', 'retry'].",0,2026-09-05 20:25:45
TEST_001,cust_123,FAILED_SUBSCRIPTION,100.0,failed,payment_failed,45,medium,[FAILED_SUBSCRIPTION] [LLM-SIMULATED] Low recovery probability,stop,0.78,LLM Decision Agent evaluated prompt signals: Available evidence does not justify another recovery attempt.,BLOCK,"Action 'stop' is not permitted for FAILED_SUBSCRIPTION. Allowed: ['reminder', 'retry'].",BLOCKED,not_attempted,0.0,"Execution blocked by policy governance: Action 'stop' is not permitted for FAILED_SUBSCRIPTION. Allowed: ['reminder', 'retry'].",0,2026-09-05 20:25:45
TX_ORCH_01,C01,PAYMENT_FAILURE,1999.0,failed,timeout,55,medium,[LLM-SIMULATED] Temporary payment failure,retry,0.94,LLM Decision Agent evaluated prompt signals: Failure appears temporary and the customer has not exceeded the retry limit.,ALLOW,Transaction passed all recovery policy checks.,SIMULATED,RECOVERED,1999.0,Razorpay Sandbox Simulation Success,2,2026-09-05 20:25:45
TX_ORCH_02,C02,PAYMENT_FAILURE,50000.0,failed,timeout,70,high,[LLM-SIMULATED] Temporary payment failure,retry,0.94,LLM Decision Agent evaluated prompt signals: Failure appears temporary and the customer has not exceeded the retry limit.,BLOCK,"Amount ₹50,000.00 exceeds the ₹10,000.00 recovery limit.",BLOCKED,not_attempted,0.0,"Recovery blocked by policy governance: Amount ₹50,000.00 exceeds the ₹10,000.00 recovery limit.",0,2026-09-05 20:25:45
TX_SUCCESS,C01,,1000.0,success,unknown,5,low,Payment already successful,stop,0.99,No recovery is required.,BLOCK,Payment is already successful.,BLOCKED,not_attempted,0.0,Recovery action blocked by policy governance.,0,2026-09-05 20:25:45
TX_TIMEOUT,C02,,1999.0,failed,timeout,60,medium,Temporary payment failure,retry,0.92,Failure appears temporary and the customer has not exceeded the retry limit.,ALLOW,Transaction passed all recovery policy checks.,SIMULATED,RECOVERED,1999.0,Payment retry succeeded in Test Mode simulation.,0,2026-09-05 20:25:45
TX_BANK,C03,,1999.0,failed,bank_declined,65,medium,Recoverable bank decline,retry,0.79,Customer has a strong successful payment history.,ALLOW,Transaction passed all recovery policy checks.,SIMULATED,RECOVERED,1999.0,Payment retry succeeded in Test Mode simulation.,0,2026-09-05 20:25:45
TX_FUNDS,C04,,1999.0,failed,insufficient_funds,35,low,Insufficient funds,escalate,0.91,Immediate repeated retries could create unnecessary payment attempts.,BLOCK,Action 'escalate' is not executable by the recovery policy.,BLOCKED,not_attempted,0.0,Recovery action blocked by policy governance.,0,2026-09-05 20:25:45
TX_MAX_RETRY,C05,,1999.0,failed,timeout,45,medium,Retry limit reached,stop,0.97,Maximum retry attempts have already been reached.,BLOCK,Action 'stop' is not executable by the recovery policy.,BLOCKED,not_attempted,0.0,Recovery action blocked by policy governance.,0,2026-09-05 20:25:45
TX_HIGH_AMT,C06,,50000.0,failed,timeout,70,high,Temporary payment failure,retry,0.92,Failure appears temporary and the customer has not exceeded the retry limit.,BLOCK,"Amount ₹50,000.00 exceeds the ₹10,000.00 recovery limit.",BLOCKED,not_attempted,0.0,Recovery action blocked by policy governance.,0,2026-09-05 20:25:45
TX_ABANDONED,C07,,499.0,abandoned,unknown,30,low,Checkout abandonment,reminder,0.88,Recent abandoned checkout with potential purchase intent.,ALLOW,Transaction passed all recovery policy checks.,SIMULATED,FOLLOW_UP,0.0,Recovery reminder scheduled in Test Mode simulation.,0,2026-09-05 20:25:45
UNKNOWN,UNKNOWN,,0.0,failed,unknown,35,low,Low recovery probability / Ineligible,stop,0.85,Payment failure reason 'unknown' is not eligible for recovery.,BLOCK,Action 'stop' is not executable by the recovery policy.,BLOCKED,not_attempted,0.0,Recovery action blocked by policy governance.,0,2026-09-05 20:25:45
TX_TEST_API,CUST101,,1999.0,failed,timeout,60,medium,Temporary payment failure,retry,0.92,Failure appears temporary and the customer has not exceeded the retry limit.,ALLOW,Transaction passed all recovery policy checks.,SIMULATED,FAILED,0.0,Payment retry attempted but failed in Test Mode simulation.,0,2026-09-05 20:26:30
TX_EXEC_API,CUST104,PAYMENT_FAILURE,1999.0,failed,timeout,55,medium,[LLM-SIMULATED] Temporary payment failure,retry,0.94,LLM Decision Agent evaluated prompt signals: Failure appears temporary and the customer has not exceeded the retry limit.,ALLOW,Transaction passed all recovery policy checks.,SIMULATED,RECOVERED,1999.0,Razorpay Sandbox Simulation Success,2,2026-09-05 20:26:30
TX_ONLY_A,C01,,1000.0,failed,timeout,40,medium,Temporary failure,retry,0.92,Customer history good,ALLOW,Passed checks,SIMULATED,RECOVERED,1000.0,Retry succeeded,0,2026-09-05 20:26:30
TX_A,C01,,1000.0,failed,timeout,40,medium,Temporary failure,retry,0.92,Customer history good,ALLOW,Passed checks,SIMULATED,RECOVERED,1000.0,Retry succeeded,0,2026-09-05 20:26:30
TX_B,C01,,1000.0,failed,timeout,40,medium,Temporary failure,retry,0.92,Customer history good,ALLOW,Passed checks,SIMULATED,RECOVERED,1000.0,Retry succeeded,0,2026-09-05 20:26:30
TX01,C01,PAYMENT_FAILURE,1000.0,failed,timeout,40,medium,Temporary failure,retry,0.92,Customer history good,ALLOW,Passed checks,SIMULATED,RECOVERED,1000.0,Retry succeeded,2,2026-09-05 20:26:30
TEST_001,cust_123,PAYMENT_FAILURE,100.0,failed,payment_failed,45,medium,[PAYMENT_FAILURE] [LLM-SIMULATED] Low recovery probability,stop,0.78,LLM Decision Agent evaluated prompt signals: Available evidence does not justify another recovery attempt.,BLOCK,"Action 'stop' is not permitted for PAYMENT_FAILURE. Allowed: ['reminder', 'retry'].",BLOCKED,not_attempted,0.0,"Execution blocked by policy governance: Action 'stop' is not permitted for PAYMENT_FAILURE. Allowed: ['reminder', 'retry'].",0,2026-09-05 20:26:30
TEST_001,cust_123,FAILED_SUBSCRIPTION,100.0,failed,payment_failed,45,medium,[FAILED_SUBSCRIPTION] [LLM-SIMULATED] Low recovery probability,stop,0.78,LLM Decision Agent evaluated prompt signals: Available evidence does not justify another recovery attempt.,BLOCK,"Action 'stop' is not permitted for FAILED_SUBSCRIPTION. Allowed: ['reminder', 'retry'].",BLOCKED,not_attempted,0.0,"Execution blocked by policy governance: Action 'stop' is not permitted for FAILED_SUBSCRIPTION. Allowed: ['reminder', 'retry'].",0,2026-09-05 20:26:30
TX_ORCH_01,C01,PAYMENT_FAILURE,1999.0,failed,timeout,55,medium,[LLM-SIMULATED] Temporary payment failure,retry,0.94,LLM Decision Agent evaluated prompt signals: Failure appears temporary and the customer has not exceeded the retry limit.,ALLOW,Transaction passed all recovery policy checks.,SIMULATED,RECOVERED,1999.0,Razorpay Sandbox Simulation Success,2,2026-09-05 20:26:30
TX_ORCH_02,C02,PAYMENT_FAILURE,50000.0,failed,timeout,70,high,[LLM-SIMULATED] Temporary payment failure,retry,0.94,LLM Decision Agent evaluated prompt signals: Failure appears temporary and the customer has not exceeded the retry limit.,BLOCK,"Amount ₹50,000.00 exceeds the ₹10,000.00 recovery limit.",BLOCKED,not_attempted,0.0,"Recovery blocked by policy governance: Amount ₹50,000.00 exceeds the ₹10,000.00 recovery limit.",0,2026-09-05 20:26:30
TX_SUCCESS,C01,,1000.0,success,unknown,5,low,Payment already successful,stop,0.99,No recovery is required.,BLOCK,Payment is already successful.,BLOCKED,not_attempted,0.0,Recovery action blocked by policy governance.,0,2026-09-05 20:26:30
TX_TIMEOUT,C02,,1999.0,failed,timeout,60,medium,Temporary payment failure,retry,0.92,Failure appears temporary and the customer has not exceeded the retry limit.,ALLOW,Transaction passed all recovery policy checks.,SIMULATED,RECOVERED,1999.0,Payment retry succeeded in Test Mode simulation.,0,2026-09-05 20:26:30
TX_BANK,C03,,1999.0,failed,bank_declined,65,medium,Recoverable bank decline,retry,0.79,Customer has a strong successful payment history.,ALLOW,Transaction passed all recovery policy checks.,SIMULATED,FAILED,0.0,Payment retry attempted but failed in Test Mode simulation.,0,2026-09-05 20:26:30
TX_FUNDS,C04,,1999.0,failed,insufficient_funds,35,low,Insufficient funds,escalate,0.91,Immediate repeated retries could create unnecessary payment attempts.,BLOCK,Action 'escalate' is not executable by the recovery policy.,BLOCKED,not_attempted,0.0,Recovery action blocked by policy governance.,0,2026-09-05 20:26:30
TX_MAX_RETRY,C05,,1999.0,failed,timeout,45,medium,Retry limit reached,stop,0.97,Maximum retry attempts have already been reached.,BLOCK,Action 'stop' is not executable by the recovery policy.,BLOCKED,not_attempted,0.0,Recovery action blocked by policy governance.,0,2026-09-05 20:26:30
TX_HIGH_AMT,C06,,50000.0,failed,timeout,70,high,Temporary payment failure,retry,0.92,Failure appears temporary and the customer has not exceeded the retry limit.,BLOCK,"Amount ₹50,000.00 exceeds the ₹10,000.00 recovery limit.",BLOCKED,not_attempted,0.0,Recovery action blocked by policy governance.,0,2026-09-05 20:26:30
TX_ABANDONED,C07,,499.0,abandoned,unknown,30,low,Checkout abandonment,reminder,0.88,Recent abandoned checkout with potential purchase intent.,ALLOW,Transaction passed all recovery policy checks.,SIMULATED,FOLLOW_UP,0.0,Recovery reminder scheduled in Test Mode simulation.,0,2026-09-05 20:26:30
UNKNOWN,UNKNOWN,,0.0,failed,unknown,35,low,Low recovery probability / Ineligible,stop,0.85,Payment failure reason 'unknown' is not eligible for recovery.,BLOCK,Action 'stop' is not executable by the recovery policy.,BLOCKED,not_attempted,0.0,Recovery action blocked by policy governance.,0,2026-09-05 20:26:30
TX_ONLY_A,C01,,1000.0,failed,timeout,40,medium,Temporary failure,retry,0.92,Customer history good,ALLOW,Passed checks,SIMULATED,RECOVERED,1000.0,Retry succeeded,0,2026-09-05 20:27:36
TX_A,C01,,1000.0,failed,timeout,40,medium,Temporary failure,retry,0.92,Customer history good,ALLOW,Passed checks,SIMULATED,RECOVERED,1000.0,Retry succeeded,0,2026-09-05 20:27:36
TX_B,C01,,1000.0,failed,timeout,40,medium,Temporary failure,retry,0.92,Customer history good,ALLOW,Passed checks,SIMULATED,RECOVERED,1000.0,Retry succeeded,0,2026-09-05 20:27:36
TX01,C01,PAYMENT_FAILURE,1000.0,failed,timeout,40,medium,Temporary failure,retry,0.92,Customer history good,ALLOW,Passed checks,SIMULATED,RECOVERED,1000.0,Retry succeeded,2,2026-09-05 20:27:36
TX_TEST_API,CUST101,,1999.0,failed,timeout,60,medium,Temporary payment failure,retry,0.92,Failure appears temporary and the customer has not exceeded the retry limit.,ALLOW,Transaction passed all recovery policy checks.,SIMULATED,RECOVERED,1999.0,Payment retry succeeded in Test Mode simulation.,0,2026-09-05 20:28:06
TX_EXEC_API,CUST104,PAYMENT_FAILURE,1999.0,failed,timeout,55,medium,[LLM-SIMULATED] Temporary payment failure,retry,0.94,LLM Decision Agent evaluated prompt signals: Failure appears temporary and the customer has not exceeded the retry limit.,ALLOW,Transaction passed all recovery policy checks.,SIMULATED,RECOVERED,1999.0,Razorpay Sandbox Simulation Success,2,2026-09-05 20:28:06
TX_ONLY_A,C01,,1000.0,failed,timeout,40,medium,Temporary failure,retry,0.92,Customer history good,ALLOW,Passed checks,SIMULATED,RECOVERED,1000.0,Retry succeeded,0,2026-09-05 20:28:06
TX_A,C01,,1000.0,failed,timeout,40,medium,Temporary failure,retry,0.92,Customer history good,ALLOW,Passed checks,SIMULATED,RECOVERED,1000.0,Retry succeeded,0,2026-09-05 20:28:06
TX_B,C01,,1000.0,failed,timeout,40,medium,Temporary failure,retry,0.92,Customer history good,ALLOW,Passed checks,SIMULATED,RECOVERED,1000.0,Retry succeeded,0,2026-09-05 20:28:06
TX01,C01,PAYMENT_FAILURE,1000.0,failed,timeout,40,medium,Temporary failure,retry,0.92,Customer history good,ALLOW,Passed checks,SIMULATED,RECOVERED,1000.0,Retry succeeded,2,2026-09-05 20:28:06
TEST_001,cust_123,PAYMENT_FAILURE,100.0,failed,payment_failed,45,medium,[PAYMENT_FAILURE] [LLM-SIMULATED] Low recovery probability,stop,0.78,LLM Decision Agent evaluated prompt signals: Available evidence does not justify another recovery attempt.,BLOCK,"Action 'stop' is not permitted for PAYMENT_FAILURE. Allowed: ['reminder', 'retry'].",BLOCKED,not_attempted,0.0,"Execution blocked by policy governance: Action 'stop' is not permitted for PAYMENT_FAILURE. Allowed: ['reminder', 'retry'].",0,2026-09-05 20:28:06
TEST_001,cust_123,FAILED_SUBSCRIPTION,100.0,failed,payment_failed,45,medium,[FAILED_SUBSCRIPTION] [LLM-SIMULATED] Low recovery probability,stop,0.78,LLM Decision Agent evaluated prompt signals: Available evidence does not justify another recovery attempt.,BLOCK,"Action 'stop' is not permitted for FAILED_SUBSCRIPTION. Allowed: ['reminder', 'retry'].",BLOCKED,not_attempted,0.0,"Execution blocked by policy governance: Action 'stop' is not permitted for FAILED_SUBSCRIPTION. Allowed: ['reminder', 'retry'].",0,2026-09-05 20:28:06
TX_ORCH_01,C01,PAYMENT_FAILURE,1999.0,failed,timeout,55,medium,[LLM-SIMULATED] Temporary payment failure,retry,0.94,LLM Decision Agent evaluated prompt signals: Failure appears temporary and the customer has not exceeded the retry limit.,ALLOW,Transaction passed all recovery policy checks.,SIMULATED,RECOVERED,1999.0,Razorpay Sandbox Simulation Success,2,2026-09-05 20:28:06
TX_ORCH_02,C02,PAYMENT_FAILURE,50000.0,failed,timeout,70,high,[LLM-SIMULATED] Temporary payment failure,retry,0.94,LLM Decision Agent evaluated prompt signals: Failure appears temporary and the customer has not exceeded the retry limit.,BLOCK,"Amount ₹50,000.00 exceeds the ₹10,000.00 recovery limit.",BLOCKED,not_attempted,0.0,"Recovery blocked by policy governance: Amount ₹50,000.00 exceeds the ₹10,000.00 recovery limit.",0,2026-09-05 20:28:06
TX_SUCCESS,C01,,1000.0,success,unknown,5,low,Payment already successful,stop,0.99,No recovery is required.,BLOCK,Payment is already successful.,BLOCKED,not_attempted,0.0,Recovery action blocked by policy governance.,0,2026-09-05 20:28:06
TX_TIMEOUT,C02,,1999.0,failed,timeout,60,medium,Temporary payment failure,retry,0.92,Failure appears temporary and the customer has not exceeded the retry limit.,ALLOW,Transaction passed all recovery policy checks.,SIMULATED,RECOVERED,1999.0,Payment retry succeeded in Test Mode simulation.,0,2026-09-05 20:28:06
TX_BANK,C03,,1999.0,failed,bank_declined,65,medium,Recoverable bank decline,retry,0.79,Customer has a strong successful payment history.,ALLOW,Transaction passed all recovery policy checks.,SIMULATED,RECOVERED,1999.0,Payment retry succeeded in Test Mode simulation.,0,2026-09-05 20:28:06
TX_FUNDS,C04,,1999.0,failed,insufficient_funds,35,low,Insufficient funds,escalate,0.91,Immediate repeated retries could create unnecessary payment attempts.,BLOCK,Action 'escalate' is not executable by the recovery policy.,BLOCKED,not_attempted,0.0,Recovery action blocked by policy governance.,0,2026-09-05 20:28:06
TX_MAX_RETRY,C05,,1999.0,failed,timeout,45,medium,Retry limit reached,stop,0.97,Maximum retry attempts have already been reached.,BLOCK,Action 'stop' is not executable by the recovery policy.,BLOCKED,not_attempted,0.0,Recovery action blocked by policy governance.,0,2026-09-05 20:28:06
TX_HIGH_AMT,C06,,50000.0,failed,timeout,70,high,Temporary payment failure,retry,0.92,Failure appears temporary and the customer has not exceeded the retry limit.,BLOCK,"Amount ₹50,000.00 exceeds the ₹10,000.00 recovery limit.",BLOCKED,not_attempted,0.0,Recovery action blocked by policy governance.,0,2026-09-05 20:28:06
TX_ABANDONED,C07,,499.0,abandoned,unknown,30,low,Checkout abandonment,reminder,0.88,Recent abandoned checkout with potential purchase intent.,ALLOW,Transaction passed all recovery policy checks.,SIMULATED,FOLLOW_UP,0.0,Recovery reminder scheduled in Test Mode simulation.,0,2026-09-05 20:28:06
UNKNOWN,UNKNOWN,,0.0,failed,unknown,35,low,Low recovery probability / Ineligible,stop,0.85,Payment failure reason 'unknown' is not eligible for recovery.,BLOCK,Action 'stop' is not executable by the recovery policy.,BLOCKED,not_attempted,0.0,Recovery action blocked by policy governance.,0,2026-09-05 20:28:06
TEST_001,cust_123,PAYMENT_FAILURE,100.0,failed,payment_failed,45,medium,[PAYMENT_FAILURE] [LLM-SIMULATED] Low recovery probability,stop,0.78,LLM Decision Agent evaluated prompt signals: Available evidence does not justify another recovery attempt.,BLOCK,"Action 'stop' is not permitted for PAYMENT_FAILURE. Allowed: ['reminder', 'retry'].",BLOCKED,not_attempted,0.0,"Execution blocked by policy governance: Action 'stop' is not permitted for PAYMENT_FAILURE. Allowed: ['reminder', 'retry'].",0,2026-09-05 20:29:29
TEST_001,cust_123,CHECKOUT_ABANDONMENT,100.0,failed,payment_failed,45,medium,[CHECKOUT_ABANDONMENT] [LLM-SIMULATED] Low recovery probability,reminder,0.78,LLM Decision Agent evaluated prompt signals: Available evidence does not justify another recovery attempt.,ALLOW,All policy checks passed for CHECKOUT_ABANDONMENT — action 'reminder' authorised.,FOLLOW_UP,FOLLOW_UP,0.0,Recovery reminder dispatched. Conversion tracked on callback.,0,2026-09-05 20:29:29
TEST_001,cust_123,FAILED_SUBSCRIPTION,100.0,failed,payment_failed,45,medium,[FAILED_SUBSCRIPTION] [LLM-SIMULATED] Low recovery probability,stop,0.78,LLM Decision Agent evaluated prompt signals: Available evidence does not justify another recovery attempt.,BLOCK,"Action 'stop' is not permitted for FAILED_SUBSCRIPTION. Allowed: ['reminder', 'retry'].",BLOCKED,not_attempted,0.0,"Execution blocked by policy governance: Action 'stop' is not permitted for FAILED_SUBSCRIPTION. Allowed: ['reminder', 'retry'].",0,2026-09-05 20:29:29
TEST_001,cust_123,B2B_RECEIVABLE,100.0,failed,payment_failed,45,medium,[B2B_RECEIVABLE] [LLM-SIMULATED] Low recovery probability,reminder,0.78,LLM Decision Agent evaluated prompt signals: Available evidence does not justify another recovery attempt.,ALLOW,All policy checks passed for B2B_RECEIVABLE — action 'reminder' authorised.,FOLLOW_UP,FOLLOW_UP,0.0,B2B collection outreach dispatched. Invoice overdue 0 days.,0,2026-09-05 20:29:29
TEST_001,cust_123,MANDATE_FAILURE,100.0,failed,payment_failed,45,medium,[MANDATE_FAILURE] [LLM-SIMULATED] Low recovery probability,schedule_mandate,0.78,LLM Decision Agent evaluated prompt signals: Available evidence does not justify another recovery attempt.,ALLOW,All policy checks passed for MANDATE_FAILURE — action 'schedule_mandate' authorised.,MANDATE_RETRY,FAILED,0.0,Mandate re-presentment attempt 1. Razorpay Sandbox Bank Decline,0,2026-09-05 20:29:29
TEST_001,cust_123,PROMISE_TO_PAY,100.0,failed,payment_failed,45,medium,[PROMISE_TO_PAY] [LLM-SIMULATED] Low recovery probability,collect_promise,0.78,LLM Decision Agent evaluated prompt signals: Available evidence does not justify another recovery attempt.,ALLOW,All policy checks passed for PROMISE_TO_PAY — action 'collect_promise' authorised.,FAILED,FAILED,0.0,Promise payment collection attempt. Razorpay Sandbox Bank Decline,0,2026-09-05 20:29:29
TX_TEST_API,CUST101,,1999.0,failed,timeout,60,medium,Temporary payment failure,retry,0.92,Failure appears temporary and the customer has not exceeded the retry limit.,ALLOW,Transaction passed all recovery policy checks.,SIMULATED,RECOVERED,1999.0,Payment retry succeeded in Test Mode simulation.,0,2026-09-05 20:37:00
TX_EXEC_API,CUST104,PAYMENT_FAILURE,1999.0,failed,timeout,55,medium,[LLM-SIMULATED] Temporary payment failure,retry,0.94,LLM Decision Agent evaluated prompt signals: Failure appears temporary and the customer has not exceeded the retry limit.,ALLOW,Transaction passed all recovery policy checks.,SIMULATED,RECOVERED,1999.0,Razorpay Sandbox Simulation Success,2,2026-09-05 20:37:00
TX_ONLY_A,C01,,1000.0,failed,timeout,40,medium,Temporary failure,retry,0.92,Customer history good,ALLOW,Passed checks,SIMULATED,RECOVERED,1000.0,Retry succeeded,0,2026-09-05 20:37:00
TX_A,C01,,1000.0,failed,timeout,40,medium,Temporary failure,retry,0.92,Customer history good,ALLOW,Passed checks,SIMULATED,RECOVERED,1000.0,Retry succeeded,0,2026-09-05 20:37:00
TX_B,C01,,1000.0,failed,timeout,40,medium,Temporary failure,retry,0.92,Customer history good,ALLOW,Passed checks,SIMULATED,RECOVERED,1000.0,Retry succeeded,0,2026-09-05 20:37:00
TX01,C01,PAYMENT_FAILURE,1000.0,failed,timeout,40,medium,Temporary failure,retry,0.92,Customer history good,ALLOW,Passed checks,SIMULATED,RECOVERED,1000.0,Retry succeeded,2,2026-09-05 20:37:00
TX_ORCH_01,C01,PAYMENT_FAILURE,1999.0,failed,timeout,55,medium,[LLM-SIMULATED] Temporary payment failure,retry,0.94,LLM Decision Agent evaluated prompt signals: Failure appears temporary and the customer has not exceeded the retry limit.,ALLOW,Transaction passed all recovery policy checks.,SIMULATED,RECOVERED,1999.0,Razorpay Sandbox Simulation Success,2,2026-09-05 20:37:01
TX_ORCH_02,C02,PAYMENT_FAILURE,50000.0,failed,timeout,70,high,[LLM-SIMULATED] Temporary payment failure,retry,0.94,LLM Decision Agent evaluated prompt signals: Failure appears temporary and the customer has not exceeded the retry limit.,BLOCK,"Amount ₹50,000.00 exceeds the ₹10,000.00 recovery limit.",BLOCKED,not_attempted,0.0,"Recovery blocked by policy governance: Amount ₹50,000.00 exceeds the ₹10,000.00 recovery limit.",0,2026-09-05 20:37:01
TX_SUCCESS,C01,,1000.0,success,unknown,5,low,Payment already successful,stop,0.99,No recovery is required.,BLOCK,Payment is already successful.,BLOCKED,not_attempted,0.0,Recovery action blocked by policy governance.,0,2026-09-05 20:37:01
TX_TIMEOUT,C02,,1999.0,failed,timeout,60,medium,Temporary payment failure,retry,0.92,Failure appears temporary and the customer has not exceeded the retry limit.,ALLOW,Transaction passed all recovery policy checks.,SIMULATED,RECOVERED,1999.0,Payment retry succeeded in Test Mode simulation.,0,2026-09-05 20:37:01
TX_BANK,C03,,1999.0,failed,bank_declined,65,medium,Recoverable bank decline,retry,0.79,Customer has a strong successful payment history.,ALLOW,Transaction passed all recovery policy checks.,SIMULATED,RECOVERED,1999.0,Payment retry succeeded in Test Mode simulation.,0,2026-09-05 20:37:01
TX_FUNDS,C04,,1999.0,failed,insufficient_funds,35,low,Insufficient funds,escalate,0.91,Immediate repeated retries could create unnecessary payment attempts.,BLOCK,Action 'escalate' is not executable by the recovery policy.,BLOCKED,not_attempted,0.0,Recovery action blocked by policy governance.,0,2026-09-05 20:37:01
TX_MAX_RETRY,C05,,1999.0,failed,timeout,45,medium,Retry limit reached,stop,0.97,Maximum retry attempts have already been reached.,BLOCK,Action 'stop' is not executable by the recovery policy.,BLOCKED,not_attempted,0.0,Recovery action blocked by policy governance.,0,2026-09-05 20:37:01
TX_HIGH_AMT,C06,,50000.0,failed,timeout,70,high,Temporary payment failure,retry,0.92,Failure appears temporary and the customer has not exceeded the retry limit.,BLOCK,"Amount ₹50,000.00 exceeds the ₹10,000.00 recovery limit.",BLOCKED,not_attempted,0.0,Recovery action blocked by policy governance.,0,2026-09-05 20:37:01
TX_ABANDONED,C07,,499.0,abandoned,unknown,30,low,Checkout abandonment,reminder,0.88,Recent abandoned checkout with potential purchase intent.,ALLOW,Transaction passed all recovery policy checks.,SIMULATED,FOLLOW_UP,0.0,Recovery reminder scheduled in Test Mode simulation.,0,2026-09-05 20:37:01
UNKNOWN,UNKNOWN,,0.0,failed,unknown,35,low,Low recovery probability / Ineligible,stop,0.85,Payment failure reason 'unknown' is not eligible for recovery.,BLOCK,Action 'stop' is not executable by the recovery policy.,BLOCKED,not_attempted,0.0,Recovery action blocked by policy governance.,0,2026-09-05 20:37:01
TEST_FLOW_001,CUST_TEST,PAYMENT_FAILURE,2500.0,failed,timeout,80,high,[PAYMENT_FAILURE] [LLM-SIMULATED] Temporary payment failure,retry,0.94,LLM Decision Agent evaluated prompt signals: Failure appears temporary and the customer has not exceeded the retry limit.,ALLOW,All policy checks passed for PAYMENT_FAILURE — action 'retry' authorised.,RECOVERED,RECOVERED,2500.0,Razorpay Sandbox Simulation Success,2,2026-09-05 20:37:01
TEST_FLOW_001,CUST_TEST,PAYMENT_FAILURE,5000.0,failed,timeout,80,high,[PAYMENT_FAILURE] [LLM-SIMULATED] Temporary payment failure,retry,0.94,LLM Decision Agent evaluated prompt signals: Failure appears temporary and the customer has not exceeded the retry limit.,ALLOW,All policy checks passed for PAYMENT_FAILURE — action 'retry' authorised.,RECOVERED,RECOVERED,5000.0,Razorpay Sandbox Simulation Success,2,2026-09-05 20:37:01
TEST_FLOW_001,CUST_TEST,PAYMENT_FAILURE,2500.0,failed,timeout,80,high,[PAYMENT_FAILURE] [LLM-SIMULATED] Temporary payment failure,retry,0.94,LLM Decision Agent evaluated prompt signals: Failure appears temporary and the customer has not exceeded the retry limit.,ALLOW,All policy checks passed for PAYMENT_FAILURE — action 'retry' authorised.,RECOVERED,RECOVERED,2500.0,Razorpay Sandbox Simulation Success,2,2026-09-05 20:37:01
TEST_FLOW_001,CUST_TEST,PAYMENT_FAILURE,2500.0,failed,timeout,80,high,[PAYMENT_FAILURE] [LLM-SIMULATED] Temporary payment failure,retry,0.94,LLM Decision Agent evaluated prompt signals: Failure appears temporary and the customer has not exceeded the retry limit.,ALLOW,All policy checks passed for PAYMENT_FAILURE — action 'retry' authorised.,RECOVERED,RECOVERED,2500.0,Razorpay Sandbox Simulation Success,2,2026-09-05 20:37:01
TEST_FLOW_001,CUST_TEST,PAYMENT_FAILURE,2500.0,failed,timeout,80,high,[PAYMENT_FAILURE] [LLM-SIMULATED] Temporary payment failure,retry,0.94,LLM Decision Agent evaluated prompt signals: Failure appears temporary and the customer has not exceeded the retry limit.,ALLOW,All policy checks passed for PAYMENT_FAILURE — action 'retry' authorised.,RECOVERED,RECOVERED,2500.0,Razorpay Sandbox Simulation Success,2,2026-09-05 20:37:01
TEST_FLOW_001,CUST_TEST,PAYMENT_FAILURE,2500.0,failed,timeout,80,high,[PAYMENT_FAILURE] [LLM-SIMULATED] Temporary payment failure,retry,0.94,LLM Decision Agent evaluated prompt signals: Failure appears temporary and the customer has not exceeded the retry limit.,ALLOW,All policy checks passed for PAYMENT_FAILURE — action 'retry' authorised.,RECOVERED,RECOVERED,2500.0,Razorpay Sandbox Simulation Success,2,2026-09-05 20:37:01
TEST_FLOW_001,CUST_TEST,PAYMENT_FAILURE,2500.0,failed,timeout,80,high,[PAYMENT_FAILURE] [LLM-SIMULATED] Temporary payment failure,retry,0.94,LLM Decision Agent evaluated prompt signals: Failure appears temporary and the customer has not exceeded the retry limit.,ALLOW,All policy checks passed for PAYMENT_FAILURE — action 'retry' authorised.,RECOVERED,RECOVERED,2500.0,Razorpay Sandbox Simulation Success,2,2026-09-05 20:37:01
TEST_FLOW_001,CUST_TEST,PAYMENT_FAILURE,2500.0,failed,timeout,80,high,[PAYMENT_FAILURE] [LLM-SIMULATED] Temporary payment failure,retry,0.94,LLM Decision Agent evaluated prompt signals: Failure appears temporary and the customer has not exceeded the retry limit.,ALLOW,All policy checks passed for PAYMENT_FAILURE — action 'retry' authorised.,RECOVERED,RECOVERED,2500.0,Razorpay Sandbox Simulation Success,2,2026-09-05 20:37:01
TEST_FLOW_001,CUST_TEST,CHECKOUT_ABANDONMENT,2500.0,failed,timeout,80,high,[CHECKOUT_ABANDONMENT] [LLM-SIMULATED] Temporary payment failure,reminder,0.94,LLM Decision Agent evaluated prompt signals: Failure appears temporary and the customer has not exceeded the retry limit.,ALLOW,All policy checks passed for CHECKOUT_ABANDONMENT — action 'reminder' authorised.,FOLLOW_UP,FOLLOW_UP,0.0,Recovery reminder dispatched. Conversion tracked on callback.,2,2026-09-05 20:37:01
TEST_FLOW_001,CUST_TEST,CHECKOUT_ABANDONMENT,2500.0,failed,timeout,80,high,[CHECKOUT_ABANDONMENT] [LLM-SIMULATED] Temporary payment failure,reminder,0.94,LLM Decision Agent evaluated prompt signals: Failure appears temporary and the customer has not exceeded the retry limit.,ALLOW,All policy checks passed for CHECKOUT_ABANDONMENT — action 'reminder' authorised.,FOLLOW_UP,FOLLOW_UP,0.0,Recovery reminder dispatched. Conversion tracked on callback.,2,2026-09-05 20:37:01
TEST_FLOW_001,CUST_TEST,FAILED_SUBSCRIPTION,2500.0,failed,timeout,80,high,[FAILED_SUBSCRIPTION] [LLM-SIMULATED] Temporary payment failure,retry,0.94,LLM Decision Agent evaluated prompt signals: Failure appears temporary and the customer has not exceeded the retry limit.,ALLOW,All policy checks passed for FAILED_SUBSCRIPTION — action 'retry' authorised.,RECOVERED,RECOVERED,2500.0,Subscription dunning attempt 1. Razorpay Sandbox Simulation Success,2,2026-09-05 20:37:01
TEST_FLOW_001,CUST_TEST,FAILED_SUBSCRIPTION,2500.0,failed,timeout,80,high,[FAILED_SUBSCRIPTION] [LLM-SIMULATED] Low recovery probability / Ineligible,escalate,0.87,LLM Decision Agent evaluated prompt signals: Subscription already canceled.,BLOCK,"Action 'escalate' is not permitted for FAILED_SUBSCRIPTION. Allowed: ['reminder', 'retry'].",BLOCKED,not_attempted,0.0,"Execution blocked by policy governance: Action 'escalate' is not permitted for FAILED_SUBSCRIPTION. Allowed: ['reminder', 'retry'].",0,2026-09-05 20:37:01
TEST_FLOW_001,CUST_TEST,B2B_RECEIVABLE,2500.0,failed,timeout,80,high,[B2B_RECEIVABLE] [LLM-SIMULATED] Temporary payment failure,reminder,0.94,LLM Decision Agent evaluated prompt signals: Failure appears temporary and the customer has not exceeded the retry limit.,ALLOW,All policy checks passed for B2B_RECEIVABLE — action 'reminder' authorised.,FOLLOW_UP,FOLLOW_UP,0.0,B2B collection outreach dispatched. Invoice overdue 0 days.,2,2026-09-05 20:37:01
TEST_FLOW_001,CUST_TEST,B2B_RECEIVABLE,2500.0,failed,legal_dispute,60,medium,[B2B_RECEIVABLE] [LLM-SIMULATED] Low recovery probability / Ineligible,stop,0.87,LLM Decision Agent evaluated prompt signals: Account under legal dispute. Automated outreach suspended.,BLOCK,"Action 'stop' is not permitted for B2B_RECEIVABLE. Allowed: ['escalate', 'reminder', 'voice_call'].",BLOCKED,not_attempted,0.0,"Execution blocked by policy governance: Action 'stop' is not permitted for B2B_RECEIVABLE. Allowed: ['escalate', 'reminder', 'voice_call'].",0,2026-09-05 20:37:01
TEST_FLOW_001,CUST_TEST,MANDATE_FAILURE,2500.0,failed,timeout,80,high,[MANDATE_FAILURE] [LLM-SIMULATED] Temporary payment failure,schedule_mandate,0.94,LLM Decision Agent evaluated prompt signals: Failure appears temporary and the customer has not exceeded the retry limit.,ALLOW,All policy checks passed for MANDATE_FAILURE — action 'schedule_mandate' authorised.,RECOVERED,RECOVERED,2500.0,Mandate re-presentment attempt 1. Razorpay Sandbox Simulation Success,2,2026-09-05 20:37:01
TEST_FLOW_001,CUST_TEST,PROMISE_TO_PAY,2500.0,failed,timeout,80,high,[PROMISE_TO_PAY] [LLM-SIMULATED] Temporary payment failure,collect_promise,0.94,LLM Decision Agent evaluated prompt signals: Failure appears temporary and the customer has not exceeded the retry limit.,ALLOW,All policy checks passed for PROMISE_TO_PAY — action 'collect_promise' authorised.,RECOVERED,RECOVERED,2500.0,Promise payment collection attempt. Razorpay Sandbox Simulation Success,2,2026-09-05 20:37:02
TEST_FLOW_001,CUST_TEST,PAYMENT_FAILURE,2500.0,failed,timeout,65,medium,[PAYMENT_FAILURE] [LLM-SIMULATED] Retry limit reached,stop,0.95,LLM Decision Agent evaluated prompt signals: Maximum retry attempts have already been reached.,BLOCK,"Action 'stop' is not permitted for PAYMENT_FAILURE. Allowed: ['reminder', 'retry'].",BLOCKED,not_attempted,0.0,"Execution blocked by policy governance: Action 'stop' is not permitted for PAYMENT_FAILURE. Allowed: ['reminder', 'retry'].",0,2026-09-05 20:37:02
TEST_FLOW_001,CUST_TEST,PAYMENT_FAILURE,2500.0,failed,timeout,80,high,[PAYMENT_FAILURE] [LLM-SIMULATED] Temporary payment failure,retry,0.94,LLM Decision Agent evaluated prompt signals: Failure appears temporary and the customer has not exceeded the retry limit.,ALLOW,All policy checks passed for PAYMENT_FAILURE — action 'retry' authorised.,RECOVERED,RECOVERED,2500.0,Razorpay Sandbox Simulation Success,2,2026-09-05 20:37:02
TEST_FLOW_001,CUST_TEST,CHECKOUT_ABANDONMENT,2500.0,failed,timeout,80,high,[CHECKOUT_ABANDONMENT] [LLM-SIMULATED] Temporary payment failure,reminder,0.94,LLM Decision Agent evaluated prompt signals: Failure appears temporary and the customer has not exceeded the retry limit.,ALLOW,All policy checks passed for CHECKOUT_ABANDONMENT — action 'reminder' authorised.,FOLLOW_UP,FOLLOW_UP,0.0,Recovery reminder dispatched. Conversion tracked on callback.,2,2026-09-05 20:37:02
TEST_FLOW_001,CUST_TEST,FAILED_SUBSCRIPTION,2500.0,failed,timeout,80,high,[FAILED_SUBSCRIPTION] [LLM-SIMULATED] Temporary payment failure,retry,0.94,LLM Decision Agent evaluated prompt signals: Failure appears temporary and the customer has not exceeded the retry limit.,ALLOW,All policy checks passed for FAILED_SUBSCRIPTION — action 'retry' authorised.,RECOVERED,RECOVERED,2500.0,Subscription dunning attempt 1. Razorpay Sandbox Simulation Success,2,2026-09-05 20:37:02
TEST_FLOW_001,CUST_TEST,B2B_RECEIVABLE,2500.0,failed,timeout,80,high,[B2B_RECEIVABLE] [LLM-SIMULATED] Temporary payment failure,reminder,0.94,LLM Decision Agent evaluated prompt signals: Failure appears temporary and the customer has not exceeded the retry limit.,ALLOW,All policy checks passed for B2B_RECEIVABLE — action 'reminder' authorised.,FOLLOW_UP,FOLLOW_UP,0.0,B2B collection outreach dispatched. Invoice overdue 0 days.,2,2026-09-05 20:37:02
TEST_FLOW_001,CUST_TEST,MANDATE_FAILURE,2500.0,failed,timeout,80,high,[MANDATE_FAILURE] [LLM-SIMULATED] Temporary payment failure,schedule_mandate,0.94,LLM Decision Agent evaluated prompt signals: Failure appears temporary and the customer has not exceeded the retry limit.,ALLOW,All policy checks passed for MANDATE_FAILURE — action 'schedule_mandate' authorised.,RECOVERED,RECOVERED,2500.0,Mandate re-presentment attempt 1. Razorpay Sandbox Simulation Success,2,2026-09-05 20:37:02
TEST_FLOW_001,CUST_TEST,PROMISE_TO_PAY,2500.0,failed,timeout,80,high,[PROMISE_TO_PAY] [LLM-SIMULATED] Temporary payment failure,collect_promise,0.94,LLM Decision Agent evaluated prompt signals: Failure appears temporary and the customer has not exceeded the retry limit.,ALLOW,All policy checks passed for PROMISE_TO_PAY — action 'collect_promise' authorised.,RECOVERED,RECOVERED,2500.0,Promise payment collection attempt. Razorpay Sandbox Simulation Success,2,2026-09-05 20:37:02
TEST_FLOW_001,CUST_TEST,PAYMENT_FAILURE,2500.0,failed,timeout,80,high,[PAYMENT_FAILURE] [LLM-SIMULATED] Temporary payment failure,retry,0.94,LLM Decision Agent evaluated prompt signals: Failure appears temporary and the customer has not exceeded the retry limit.,ALLOW,All policy checks passed for PAYMENT_FAILURE — action 'retry' authorised.,RECOVERED,RECOVERED,2500.0,Razorpay Sandbox Simulation Success,2,2026-09-05 20:37:02
TEST_FLOW_001,CUST_TEST,PAYMENT_FAILURE,2500.0,failed,timeout,80,high,[PAYMENT_FAILURE] [LLM-SIMULATED] Temporary payment failure,retry,0.94,LLM Decision Agent evaluated prompt signals: Failure appears temporary and the customer has not exceeded the retry limit.,ALLOW,All policy checks passed for PAYMENT_FAILURE — action 'retry' authorised.,RECOVERED,RECOVERED,2500.0,Razorpay Sandbox Simulation Success,2,2026-09-05 20:37:02
TEST_FLOW_001,CUST_TEST,PAYMENT_FAILURE,6000.0,failed,timeout,80,high,[PAYMENT_FAILURE] [LLM-SIMULATED] Temporary payment failure,retry,0.94,LLM Decision Agent evaluated prompt signals: Failure appears temporary and the customer has not exceeded the retry limit.,ALLOW,All policy checks passed for PAYMENT_FAILURE — action 'retry' authorised.,RECOVERED,RECOVERED,6000.0,Razorpay Sandbox Simulation Success,2,2026-09-05 20:37:02
TX_TEST_API,CUST101,,1999.0,failed,timeout,60,medium,Temporary payment failure,retry,0.92,Failure appears temporary and the customer has not exceeded the retry limit.,ALLOW,Transaction passed all recovery policy checks.,SIMULATED,RECOVERED,1999.0,Payment retry succeeded in Test Mode simulation.,0,2026-09-05 20:37:49
TX_EXEC_API,CUST104,PAYMENT_FAILURE,1999.0,failed,timeout,55,medium,[LLM-SIMULATED] Temporary payment failure,retry,0.94,LLM Decision Agent evaluated prompt signals: Failure appears temporary and the customer has not exceeded the retry limit.,ALLOW,Transaction passed all recovery policy checks.,SIMULATED,RECOVERED,1999.0,Razorpay Sandbox Simulation Success,2,2026-09-05 20:37:49
TX_ONLY_A,C01,,1000.0,failed,timeout,40,medium,Temporary failure,retry,0.92,Customer history good,ALLOW,Passed checks,SIMULATED,RECOVERED,1000.0,Retry succeeded,0,2026-09-05 20:37:49
TX_A,C01,,1000.0,failed,timeout,40,medium,Temporary failure,retry,0.92,Customer history good,ALLOW,Passed checks,SIMULATED,RECOVERED,1000.0,Retry succeeded,0,2026-09-05 20:37:49
TX_B,C01,,1000.0,failed,timeout,40,medium,Temporary failure,retry,0.92,Customer history good,ALLOW,Passed checks,SIMULATED,RECOVERED,1000.0,Retry succeeded,0,2026-09-05 20:37:49
TX01,C01,PAYMENT_FAILURE,1000.0,failed,timeout,40,medium,Temporary failure,retry,0.92,Customer history good,ALLOW,Passed checks,SIMULATED,RECOVERED,1000.0,Retry succeeded,2,2026-09-05 20:37:49
TEST_001,cust_123,PAYMENT_FAILURE,100.0,failed,payment_failed,45,medium,[PAYMENT_FAILURE] [LLM-SIMULATED] Low recovery probability,stop,0.78,LLM Decision Agent evaluated prompt signals: Available evidence does not justify another recovery attempt.,BLOCK,"Action 'stop' is not permitted for PAYMENT_FAILURE. Allowed: ['reminder', 'retry'].",BLOCKED,not_attempted,0.0,"Execution blocked by policy governance: Action 'stop' is not permitted for PAYMENT_FAILURE. Allowed: ['reminder', 'retry'].",0,2026-09-05 20:37:49
TEST_001,cust_123,CHECKOUT_ABANDONMENT,100.0,failed,payment_failed,45,medium,[CHECKOUT_ABANDONMENT] [LLM-SIMULATED] Low recovery probability,reminder,0.78,LLM Decision Agent evaluated prompt signals: Available evidence does not justify another recovery attempt.,ALLOW,All policy checks passed for CHECKOUT_ABANDONMENT — action 'reminder' authorised.,FOLLOW_UP,FOLLOW_UP,0.0,Recovery reminder dispatched. Conversion tracked on callback.,0,2026-09-05 20:37:49
TEST_001,cust_123,FAILED_SUBSCRIPTION,100.0,failed,payment_failed,45,medium,[FAILED_SUBSCRIPTION] [LLM-SIMULATED] Low recovery probability,stop,0.78,LLM Decision Agent evaluated prompt signals: Available evidence does not justify another recovery attempt.,BLOCK,"Action 'stop' is not permitted for FAILED_SUBSCRIPTION. Allowed: ['reminder', 'retry'].",BLOCKED,not_attempted,0.0,"Execution blocked by policy governance: Action 'stop' is not permitted for FAILED_SUBSCRIPTION. Allowed: ['reminder', 'retry'].",0,2026-09-05 20:37:49
TEST_001,cust_123,B2B_RECEIVABLE,100.0,failed,payment_failed,45,medium,[B2B_RECEIVABLE] [LLM-SIMULATED] Low recovery probability,reminder,0.78,LLM Decision Agent evaluated prompt signals: Available evidence does not justify another recovery attempt.,ALLOW,All policy checks passed for B2B_RECEIVABLE — action 'reminder' authorised.,FOLLOW_UP,FOLLOW_UP,0.0,B2B collection outreach dispatched. Invoice overdue 0 days.,0,2026-09-05 20:37:49
TEST_001,cust_123,MANDATE_FAILURE,100.0,failed,payment_failed,45,medium,[MANDATE_FAILURE] [LLM-SIMULATED] Low recovery probability,schedule_mandate,0.78,LLM Decision Agent evaluated prompt signals: Available evidence does not justify another recovery attempt.,ALLOW,All policy checks passed for MANDATE_FAILURE — action 'schedule_mandate' authorised.,RECOVERED,RECOVERED,100.0,Mandate re-presentment attempt 1. Razorpay Sandbox Simulation Success,0,2026-09-05 20:37:49
TEST_001,cust_123,PROMISE_TO_PAY,100.0,failed,payment_failed,45,medium,[PROMISE_TO_PAY] [LLM-SIMULATED] Low recovery probability,collect_promise,0.78,LLM Decision Agent evaluated prompt signals: Available evidence does not justify another recovery attempt.,ALLOW,All policy checks passed for PROMISE_TO_PAY — action 'collect_promise' authorised.,RECOVERED,RECOVERED,100.0,Promise payment collection attempt. Razorpay Sandbox Simulation Success,0,2026-09-05 20:37:49
TX_ORCH_01,C01,PAYMENT_FAILURE,1999.0,failed,timeout,55,medium,[LLM-SIMULATED] Temporary payment failure,retry,0.94,LLM Decision Agent evaluated prompt signals: Failure appears temporary and the customer has not exceeded the retry limit.,ALLOW,Transaction passed all recovery policy checks.,SIMULATED,RECOVERED,1999.0,Razorpay Sandbox Simulation Success,2,2026-09-05 20:37:49
TX_ORCH_02,C02,PAYMENT_FAILURE,50000.0,failed,timeout,70,high,[LLM-SIMULATED] Temporary payment failure,retry,0.94,LLM Decision Agent evaluated prompt signals: Failure appears temporary and the customer has not exceeded the retry limit.,BLOCK,"Amount ₹50,000.00 exceeds the ₹10,000.00 recovery limit.",BLOCKED,not_attempted,0.0,"Recovery blocked by policy governance: Amount ₹50,000.00 exceeds the ₹10,000.00 recovery limit.",0,2026-09-05 20:37:49
TX_SUCCESS,C01,,1000.0,success,unknown,5,low,Payment already successful,stop,0.99,No recovery is required.,BLOCK,Payment is already successful.,BLOCKED,not_attempted,0.0,Recovery action blocked by policy governance.,0,2026-09-05 20:37:49
TX_TIMEOUT,C02,,1999.0,failed,timeout,60,medium,Temporary payment failure,retry,0.92,Failure appears temporary and the customer has not exceeded the retry limit.,ALLOW,Transaction passed all recovery policy checks.,SIMULATED,RECOVERED,1999.0,Payment retry succeeded in Test Mode simulation.,0,2026-09-05 20:37:49
TX_BANK,C03,,1999.0,failed,bank_declined,65,medium,Recoverable bank decline,retry,0.79,Customer has a strong successful payment history.,ALLOW,Transaction passed all recovery policy checks.,SIMULATED,FAILED,0.0,Payment retry attempted but failed in Test Mode simulation.,0,2026-09-05 20:37:49
TX_FUNDS,C04,,1999.0,failed,insufficient_funds,35,low,Insufficient funds,escalate,0.91,Immediate repeated retries could create unnecessary payment attempts.,BLOCK,Action 'escalate' is not executable by the recovery policy.,BLOCKED,not_attempted,0.0,Recovery action blocked by policy governance.,0,2026-09-05 20:37:49
TX_MAX_RETRY,C05,,1999.0,failed,timeout,45,medium,Retry limit reached,stop,0.97,Maximum retry attempts have already been reached.,BLOCK,Action 'stop' is not executable by the recovery policy.,BLOCKED,not_attempted,0.0,Recovery action blocked by policy governance.,0,2026-09-05 20:37:49
TX_HIGH_AMT,C06,,50000.0,failed,timeout,70,high,Temporary payment failure,retry,0.92,Failure appears temporary and the customer has not exceeded the retry limit.,BLOCK,"Amount ₹50,000.00 exceeds the ₹10,000.00 recovery limit.",BLOCKED,not_attempted,0.0,Recovery action blocked by policy governance.,0,2026-09-05 20:37:49
TX_ABANDONED,C07,,499.0,abandoned,unknown,30,low,Checkout abandonment,reminder,0.88,Recent abandoned checkout with potential purchase intent.,ALLOW,Transaction passed all recovery policy checks.,SIMULATED,FOLLOW_UP,0.0,Recovery reminder scheduled in Test Mode simulation.,0,2026-09-05 20:37:49
UNKNOWN,UNKNOWN,,0.0,failed,unknown,35,low,Low recovery probability / Ineligible,stop,0.85,Payment failure reason 'unknown' is not eligible for recovery.,BLOCK,Action 'stop' is not executable by the recovery policy.,BLOCKED,not_attempted,0.0,Recovery action blocked by policy governance.,0,2026-09-05 20:37:49
TEST_FLOW_001,CUST_TEST,PAYMENT_FAILURE,2500.0,failed,timeout,80,high,[PAYMENT_FAILURE] [LLM-SIMULATED] Temporary payment failure,retry,0.94,LLM Decision Agent evaluated prompt signals: Failure appears temporary and the customer has not exceeded the retry limit.,ALLOW,All policy checks passed for PAYMENT_FAILURE — action 'retry' authorised.,FAILED,FAILED,0.0,Razorpay Sandbox Bank Decline,2,2026-09-05 20:37:49
TEST_FLOW_001,CUST_TEST,PAYMENT_FAILURE,5000.0,failed,timeout,80,high,[PAYMENT_FAILURE] [LLM-SIMULATED] Temporary payment failure,retry,0.94,LLM Decision Agent evaluated prompt signals: Failure appears temporary and the customer has not exceeded the retry limit.,ALLOW,All policy checks passed for PAYMENT_FAILURE — action 'retry' authorised.,FAILED,FAILED,0.0,Razorpay Sandbox Bank Decline,2,2026-09-05 20:37:49
TEST_FLOW_001,CUST_TEST,PAYMENT_FAILURE,2500.0,failed,timeout,80,high,[PAYMENT_FAILURE] [LLM-SIMULATED] Temporary payment failure,retry,0.94,LLM Decision Agent evaluated prompt signals: Failure appears temporary and the customer has not exceeded the retry limit.,ALLOW,All policy checks passed for PAYMENT_FAILURE — action 'retry' authorised.,FAILED,FAILED,0.0,Razorpay Sandbox Bank Decline,2,2026-09-05 20:37:49
TEST_FLOW_001,CUST_TEST,PAYMENT_FAILURE,2500.0,failed,timeout,80,high,[PAYMENT_FAILURE] [LLM-SIMULATED] Temporary payment failure,retry,0.94,LLM Decision Agent evaluated prompt signals: Failure appears temporary and the customer has not exceeded the retry limit.,ALLOW,All policy checks passed for PAYMENT_FAILURE — action 'retry' authorised.,FAILED,FAILED,0.0,Razorpay Sandbox Bank Decline,2,2026-09-05 20:37:49
TEST_FLOW_001,CUST_TEST,PAYMENT_FAILURE,2500.0,failed,timeout,80,high,[PAYMENT_FAILURE] [LLM-SIMULATED] Temporary payment failure,retry,0.94,LLM Decision Agent evaluated prompt signals: Failure appears temporary and the customer has not exceeded the retry limit.,ALLOW,All policy checks passed for PAYMENT_FAILURE — action 'retry' authorised.,FAILED,FAILED,0.0,Razorpay Sandbox Bank Decline,2,2026-09-05 20:37:49
TEST_FLOW_001,CUST_TEST,PAYMENT_FAILURE,2500.0,failed,timeout,80,high,[PAYMENT_FAILURE] [LLM-SIMULATED] Temporary payment failure,retry,0.94,LLM Decision Agent evaluated prompt signals: Failure appears temporary and the customer has not exceeded the retry limit.,ALLOW,All policy checks passed for PAYMENT_FAILURE — action 'retry' authorised.,FAILED,FAILED,0.0,Razorpay Sandbox Bank Decline,2,2026-09-05 20:37:49
TEST_FLOW_001,CUST_TEST,PAYMENT_FAILURE,2500.0,failed,timeout,80,high,[PAYMENT_FAILURE] [LLM-SIMULATED] Temporary payment failure,retry,0.94,LLM Decision Agent evaluated prompt signals: Failure appears temporary and the customer has not exceeded the retry limit.,ALLOW,All policy checks passed for PAYMENT_FAILURE — action 'retry' authorised.,FAILED,FAILED,0.0,Razorpay Sandbox Bank Decline,2,2026-09-05 20:37:49
TEST_FLOW_001,CUST_TEST,PAYMENT_FAILURE,2500.0,failed,timeout,80,high,[PAYMENT_FAILURE] [LLM-SIMULATED] Temporary payment failure,retry,0.94,LLM Decision Agent evaluated prompt signals: Failure appears temporary and the customer has not exceeded the retry limit.,ALLOW,All policy checks passed for PAYMENT_FAILURE — action 'retry' authorised.,FAILED,FAILED,0.0,Razorpay Sandbox Bank Decline,2,2026-09-05 20:37:49
TEST_FLOW_001,CUST_TEST,CHECKOUT_ABANDONMENT,2500.0,failed,timeout,80,high,[CHECKOUT_ABANDONMENT] [LLM-SIMULATED] Temporary payment failure,reminder,0.94,LLM Decision Agent evaluated prompt signals: Failure appears temporary and the customer has not exceeded the retry limit.,ALLOW,All policy checks passed for CHECKOUT_ABANDONMENT — action 'reminder' authorised.,FOLLOW_UP,FOLLOW_UP,0.0,Recovery reminder dispatched. Conversion tracked on callback.,2,2026-09-05 20:37:49
TEST_FLOW_001,CUST_TEST,CHECKOUT_ABANDONMENT,2500.0,failed,timeout,80,high,[CHECKOUT_ABANDONMENT] [LLM-SIMULATED] Temporary payment failure,reminder,0.94,LLM Decision Agent evaluated prompt signals: Failure appears temporary and the customer has not exceeded the retry limit.,ALLOW,All policy checks passed for CHECKOUT_ABANDONMENT — action 'reminder' authorised.,FOLLOW_UP,FOLLOW_UP,0.0,Recovery reminder dispatched. Conversion tracked on callback.,2,2026-09-05 20:37:49
TEST_FLOW_001,CUST_TEST,FAILED_SUBSCRIPTION,2500.0,failed,timeout,80,high,[FAILED_SUBSCRIPTION] [LLM-SIMULATED] Temporary payment failure,retry,0.94,LLM Decision Agent evaluated prompt signals: Failure appears temporary and the customer has not exceeded the retry limit.,ALLOW,All policy checks passed for FAILED_SUBSCRIPTION — action 'retry' authorised.,DUNNING_RETRY,FAILED,0.0,Subscription dunning attempt 1. Razorpay Sandbox Bank Decline,2,2026-09-05 20:37:49
TEST_FLOW_001,CUST_TEST,FAILED_SUBSCRIPTION,2500.0,failed,timeout,80,high,[FAILED_SUBSCRIPTION] [LLM-SIMULATED] Low recovery probability / Ineligible,escalate,0.87,LLM Decision Agent evaluated prompt signals: Subscription already canceled.,BLOCK,"Action 'escalate' is not permitted for FAILED_SUBSCRIPTION. Allowed: ['reminder', 'retry'].",BLOCKED,not_attempted,0.0,"Execution blocked by policy governance: Action 'escalate' is not permitted for FAILED_SUBSCRIPTION. Allowed: ['reminder', 'retry'].",0,2026-09-05 20:37:49
TEST_FLOW_001,CUST_TEST,B2B_RECEIVABLE,2500.0,failed,timeout,80,high,[B2B_RECEIVABLE] [LLM-SIMULATED] Temporary payment failure,reminder,0.94,LLM Decision Agent evaluated prompt signals: Failure appears temporary and the customer has not exceeded the retry limit.,ALLOW,All policy checks passed for B2B_RECEIVABLE — action 'reminder' authorised.,FOLLOW_UP,FOLLOW_UP,0.0,B2B collection outreach dispatched. Invoice overdue 0 days.,2,2026-09-05 20:37:49
TEST_FLOW_001,CUST_TEST,B2B_RECEIVABLE,2500.0,failed,legal_dispute,60,medium,[B2B_RECEIVABLE] [LLM-SIMULATED] Low recovery probability / Ineligible,stop,0.87,LLM Decision Agent evaluated prompt signals: Account under legal dispute. Automated outreach suspended.,BLOCK,"Action 'stop' is not permitted for B2B_RECEIVABLE. Allowed: ['escalate', 'reminder', 'voice_call'].",BLOCKED,not_attempted,0.0,"Execution blocked by policy governance: Action 'stop' is not permitted for B2B_RECEIVABLE. Allowed: ['escalate', 'reminder', 'voice_call'].",0,2026-09-05 20:37:49
TEST_FLOW_001,CUST_TEST,MANDATE_FAILURE,2500.0,failed,timeout,80,high,[MANDATE_FAILURE] [LLM-SIMULATED] Temporary payment failure,schedule_mandate,0.94,LLM Decision Agent evaluated prompt signals: Failure appears temporary and the customer has not exceeded the retry limit.,ALLOW,All policy checks passed for MANDATE_FAILURE — action 'schedule_mandate' authorised.,MANDATE_RETRY,FAILED,0.0,Mandate re-presentment attempt 1. Razorpay Sandbox Bank Decline,2,2026-09-05 20:37:49
TEST_FLOW_001,CUST_TEST,PROMISE_TO_PAY,2500.0,failed,timeout,80,high,[PROMISE_TO_PAY] [LLM-SIMULATED] Temporary payment failure,collect_promise,0.94,LLM Decision Agent evaluated prompt signals: Failure appears temporary and the customer has not exceeded the retry limit.,ALLOW,All policy checks passed for PROMISE_TO_PAY — action 'collect_promise' authorised.,FAILED,FAILED,0.0,Promise payment collection attempt. Razorpay Sandbox Bank Decline,2,2026-09-05 20:37:49
TEST_FLOW_001,CUST_TEST,PAYMENT_FAILURE,2500.0,failed,timeout,65,medium,[PAYMENT_FAILURE] [LLM-SIMULATED] Retry limit reached,stop,0.95,LLM Decision Agent evaluated prompt signals: Maximum retry attempts have already been reached.,BLOCK,"Action 'stop' is not permitted for PAYMENT_FAILURE. Allowed: ['reminder', 'retry'].",BLOCKED,not_attempted,0.0,"Execution blocked by policy governance: Action 'stop' is not permitted for PAYMENT_FAILURE. Allowed: ['reminder', 'retry'].",0,2026-09-05 20:37:49
TEST_FLOW_001,CUST_TEST,PAYMENT_FAILURE,2500.0,failed,timeout,80,high,[PAYMENT_FAILURE] [LLM-SIMULATED] Temporary payment failure,retry,0.94,LLM Decision Agent evaluated prompt signals: Failure appears temporary and the customer has not exceeded the retry limit.,ALLOW,All policy checks passed for PAYMENT_FAILURE — action 'retry' authorised.,FAILED,FAILED,0.0,Razorpay Sandbox Bank Decline,2,2026-09-05 20:37:49
TEST_FLOW_001,CUST_TEST,CHECKOUT_ABANDONMENT,2500.0,failed,timeout,80,high,[CHECKOUT_ABANDONMENT] [LLM-SIMULATED] Temporary payment failure,reminder,0.94,LLM Decision Agent evaluated prompt signals: Failure appears temporary and the customer has not exceeded the retry limit.,ALLOW,All policy checks passed for CHECKOUT_ABANDONMENT — action 'reminder' authorised.,FOLLOW_UP,FOLLOW_UP,0.0,Recovery reminder dispatched. Conversion tracked on callback.,2,2026-09-05 20:37:49
TEST_FLOW_001,CUST_TEST,FAILED_SUBSCRIPTION,2500.0,failed,timeout,80,high,[FAILED_SUBSCRIPTION] [LLM-SIMULATED] Temporary payment failure,retry,0.94,LLM Decision Agent evaluated prompt signals: Failure appears temporary and the customer has not exceeded the retry limit.,ALLOW,All policy checks passed for FAILED_SUBSCRIPTION — action 'retry' authorised.,DUNNING_RETRY,FAILED,0.0,Subscription dunning attempt 1. Razorpay Sandbox Bank Decline,2,2026-09-05 20:37:49
TEST_FLOW_001,CUST_TEST,B2B_RECEIVABLE,2500.0,failed,timeout,80,high,[B2B_RECEIVABLE] [LLM-SIMULATED] Temporary payment failure,reminder,0.94,LLM Decision Agent evaluated prompt signals: Failure appears temporary and the customer has not exceeded the retry limit.,ALLOW,All policy checks passed for B2B_RECEIVABLE — action 'reminder' authorised.,FOLLOW_UP,FOLLOW_UP,0.0,B2B collection outreach dispatched. Invoice overdue 0 days.,2,2026-09-05 20:37:49
TEST_FLOW_001,CUST_TEST,MANDATE_FAILURE,2500.0,failed,timeout,80,high,[MANDATE_FAILURE] [LLM-SIMULATED] Temporary payment failure,schedule_mandate,0.94,LLM Decision Agent evaluated prompt signals: Failure appears temporary and the customer has not exceeded the retry limit.,ALLOW,All policy checks passed for MANDATE_FAILURE — action 'schedule_mandate' authorised.,MANDATE_RETRY,FAILED,0.0,Mandate re-presentment attempt 1. Razorpay Sandbox Bank Decline,2,2026-09-05 20:37:49
TEST_FLOW_001,CUST_TEST,PROMISE_TO_PAY,2500.0,failed,timeout,80,high,[PROMISE_TO_PAY] [LLM-SIMULATED] Temporary payment failure,collect_promise,0.94,LLM Decision Agent evaluated prompt signals: Failure appears temporary and the customer has not exceeded the retry limit.,ALLOW,All policy checks passed for PROMISE_TO_PAY — action 'collect_promise' authorised.,FAILED,FAILED,0.0,Promise payment collection attempt. Razorpay Sandbox Bank Decline,2,2026-09-05 20:37:49
TEST_FLOW_001,CUST_TEST,PAYMENT_FAILURE,2500.0,failed,timeout,80,high,[PAYMENT_FAILURE] [LLM-SIMULATED] Temporary payment failure,retry,0.94,LLM Decision Agent evaluated prompt signals: Failure appears temporary and the customer has not exceeded the retry limit.,ALLOW,All policy checks passed for PAYMENT_FAILURE — action 'retry' authorised.,FAILED,FAILED,0.0,Razorpay Sandbox Bank Decline,2,2026-09-05 20:37:49
TEST_FLOW_001,CUST_TEST,PAYMENT_FAILURE,2500.0,failed,timeout,80,high,[PAYMENT_FAILURE] [LLM-SIMULATED] Temporary payment failure,retry,0.94,LLM Decision Agent evaluated prompt signals: Failure appears temporary and the customer has not exceeded the retry limit.,ALLOW,All policy checks passed for PAYMENT_FAILURE — action 'retry' authorised.,FAILED,FAILED,0.0,Razorpay Sandbox Bank Decline,2,2026-09-05 20:37:49
TEST_FLOW_001,CUST_TEST,PAYMENT_FAILURE,6000.0,failed,timeout,80,high,[PAYMENT_FAILURE] [LLM-SIMULATED] Temporary payment failure,retry,0.94,LLM Decision Agent evaluated prompt signals: Failure appears temporary and the customer has not exceeded the retry limit.,ALLOW,All policy checks passed for PAYMENT_FAILURE — action 'retry' authorised.,FAILED,FAILED,0.0,Razorpay Sandbox Bank Decline,2,2026-09-05 20:37:49
TX_TEST_API,CUST101,,1999.0,failed,timeout,60,medium,Temporary payment failure,retry,0.92,Failure appears temporary and the customer has not exceeded the retry limit.,ALLOW,Transaction passed all recovery policy checks.,SIMULATED,RECOVERED,1999.0,Payment retry succeeded in Test Mode simulation.,0,2026-09-05 20:38:34
TX_EXEC_API,CUST104,PAYMENT_FAILURE,1999.0,failed,timeout,55,medium,[LLM-SIMULATED] Temporary payment failure,retry,0.94,LLM Decision Agent evaluated prompt signals: Failure appears temporary and the customer has not exceeded the retry limit.,ALLOW,Transaction passed all recovery policy checks.,SIMULATED,RECOVERED,1999.0,Razorpay Sandbox Simulation Success,2,2026-09-05 20:38:34
TX_ONLY_A,C01,,1000.0,failed,timeout,40,medium,Temporary failure,retry,0.92,Customer history good,ALLOW,Passed checks,SIMULATED,RECOVERED,1000.0,Retry succeeded,0,2026-09-05 20:38:34
TX_A,C01,,1000.0,failed,timeout,40,medium,Temporary failure,retry,0.92,Customer history good,ALLOW,Passed checks,SIMULATED,RECOVERED,1000.0,Retry succeeded,0,2026-09-05 20:38:34
TX_B,C01,,1000.0,failed,timeout,40,medium,Temporary failure,retry,0.92,Customer history good,ALLOW,Passed checks,SIMULATED,RECOVERED,1000.0,Retry succeeded,0,2026-09-05 20:38:34
TX01,C01,PAYMENT_FAILURE,1000.0,failed,timeout,40,medium,Temporary failure,retry,0.92,Customer history good,ALLOW,Passed checks,SIMULATED,RECOVERED,1000.0,Retry succeeded,2,2026-09-05 20:38:34
TEST_001,cust_123,PAYMENT_FAILURE,100.0,failed,payment_failed,45,medium,[PAYMENT_FAILURE] [LLM-SIMULATED] Low recovery probability,stop,0.78,LLM Decision Agent evaluated prompt signals: Available evidence does not justify another recovery attempt.,BLOCK,"Action 'stop' is not permitted for PAYMENT_FAILURE. Allowed: ['reminder', 'retry'].",BLOCKED,not_attempted,0.0,"Execution blocked by policy governance: Action 'stop' is not permitted for PAYMENT_FAILURE. Allowed: ['reminder', 'retry'].",0,2026-09-05 20:38:34
TEST_001,cust_123,CHECKOUT_ABANDONMENT,100.0,failed,payment_failed,45,medium,[CHECKOUT_ABANDONMENT] [LLM-SIMULATED] Low recovery probability,reminder,0.78,LLM Decision Agent evaluated prompt signals: Available evidence does not justify another recovery attempt.,ALLOW,All policy checks passed for CHECKOUT_ABANDONMENT — action 'reminder' authorised.,FOLLOW_UP,FOLLOW_UP,0.0,Recovery reminder dispatched. Conversion tracked on callback.,0,2026-09-05 20:38:34
TEST_001,cust_123,FAILED_SUBSCRIPTION,100.0,failed,payment_failed,45,medium,[FAILED_SUBSCRIPTION] [LLM-SIMULATED] Low recovery probability,stop,0.78,LLM Decision Agent evaluated prompt signals: Available evidence does not justify another recovery attempt.,BLOCK,"Action 'stop' is not permitted for FAILED_SUBSCRIPTION. Allowed: ['reminder', 'retry'].",BLOCKED,not_attempted,0.0,"Execution blocked by policy governance: Action 'stop' is not permitted for FAILED_SUBSCRIPTION. Allowed: ['reminder', 'retry'].",0,2026-09-05 20:38:34
TEST_001,cust_123,B2B_RECEIVABLE,100.0,failed,payment_failed,45,medium,[B2B_RECEIVABLE] [LLM-SIMULATED] Low recovery probability,reminder,0.78,LLM Decision Agent evaluated prompt signals: Available evidence does not justify another recovery attempt.,ALLOW,All policy checks passed for B2B_RECEIVABLE — action 'reminder' authorised.,FOLLOW_UP,FOLLOW_UP,0.0,B2B collection outreach dispatched. Invoice overdue 0 days.,0,2026-09-05 20:38:34
TEST_001,cust_123,MANDATE_FAILURE,100.0,failed,payment_failed,45,medium,[MANDATE_FAILURE] [LLM-SIMULATED] Low recovery probability,schedule_mandate,0.78,LLM Decision Agent evaluated prompt signals: Available evidence does not justify another recovery attempt.,ALLOW,All policy checks passed for MANDATE_FAILURE — action 'schedule_mandate' authorised.,RECOVERED,RECOVERED,100.0,Mandate re-presentment attempt 1. Razorpay Sandbox Simulation Success,0,2026-09-05 20:38:34
TEST_001,cust_123,PROMISE_TO_PAY,100.0,failed,payment_failed,45,medium,[PROMISE_TO_PAY] [LLM-SIMULATED] Low recovery probability,collect_promise,0.78,LLM Decision Agent evaluated prompt signals: Available evidence does not justify another recovery attempt.,ALLOW,All policy checks passed for PROMISE_TO_PAY — action 'collect_promise' authorised.,RECOVERED,RECOVERED,100.0,Promise payment collection attempt. Razorpay Sandbox Simulation Success,0,2026-09-05 20:38:34
TX_ORCH_01,C01,PAYMENT_FAILURE,1999.0,failed,timeout,55,medium,[LLM-SIMULATED] Temporary payment failure,retry,0.94,LLM Decision Agent evaluated prompt signals: Failure appears temporary and the customer has not exceeded the retry limit.,ALLOW,Transaction passed all recovery policy checks.,SIMULATED,RECOVERED,1999.0,Razorpay Sandbox Simulation Success,2,2026-09-05 20:38:34
TX_ORCH_02,C02,PAYMENT_FAILURE,50000.0,failed,timeout,70,high,[LLM-SIMULATED] Temporary payment failure,retry,0.94,LLM Decision Agent evaluated prompt signals: Failure appears temporary and the customer has not exceeded the retry limit.,BLOCK,"Amount ₹50,000.00 exceeds the ₹10,000.00 recovery limit.",BLOCKED,not_attempted,0.0,"Recovery blocked by policy governance: Amount ₹50,000.00 exceeds the ₹10,000.00 recovery limit.",0,2026-09-05 20:38:34
TX_SUCCESS,C01,,1000.0,success,unknown,5,low,Payment already successful,stop,0.99,No recovery is required.,BLOCK,Payment is already successful.,BLOCKED,not_attempted,0.0,Recovery action blocked by policy governance.,0,2026-09-05 20:38:34
TX_TIMEOUT,C02,,1999.0,failed,timeout,60,medium,Temporary payment failure,retry,0.92,Failure appears temporary and the customer has not exceeded the retry limit.,ALLOW,Transaction passed all recovery policy checks.,SIMULATED,FAILED,0.0,Payment retry attempted but failed in Test Mode simulation.,0,2026-09-05 20:38:34
TX_BANK,C03,,1999.0,failed,bank_declined,65,medium,Recoverable bank decline,retry,0.79,Customer has a strong successful payment history.,ALLOW,Transaction passed all recovery policy checks.,SIMULATED,RECOVERED,1999.0,Payment retry succeeded in Test Mode simulation.,0,2026-09-05 20:38:34
TX_FUNDS,C04,,1999.0,failed,insufficient_funds,35,low,Insufficient funds,escalate,0.91,Immediate repeated retries could create unnecessary payment attempts.,BLOCK,Action 'escalate' is not executable by the recovery policy.,BLOCKED,not_attempted,0.0,Recovery action blocked by policy governance.,0,2026-09-05 20:38:34
TX_MAX_RETRY,C05,,1999.0,failed,timeout,45,medium,Retry limit reached,stop,0.97,Maximum retry attempts have already been reached.,BLOCK,Action 'stop' is not executable by the recovery policy.,BLOCKED,not_attempted,0.0,Recovery action blocked by policy governance.,0,2026-09-05 20:38:34
TX_HIGH_AMT,C06,,50000.0,failed,timeout,70,high,Temporary payment failure,retry,0.92,Failure appears temporary and the customer has not exceeded the retry limit.,BLOCK,"Amount ₹50,000.00 exceeds the ₹10,000.00 recovery limit.",BLOCKED,not_attempted,0.0,Recovery action blocked by policy governance.,0,2026-09-05 20:38:34
TX_ABANDONED,C07,,499.0,abandoned,unknown,30,low,Checkout abandonment,reminder,0.88,Recent abandoned checkout with potential purchase intent.,ALLOW,Transaction passed all recovery policy checks.,SIMULATED,FOLLOW_UP,0.0,Recovery reminder scheduled in Test Mode simulation.,0,2026-09-05 20:38:34
UNKNOWN,UNKNOWN,,0.0,failed,unknown,35,low,Low recovery probability / Ineligible,stop,0.85,Payment failure reason 'unknown' is not eligible for recovery.,BLOCK,Action 'stop' is not executable by the recovery policy.,BLOCKED,not_attempted,0.0,Recovery action blocked by policy governance.,0,2026-09-05 20:38:34
TEST_FLOW_001,CUST_TEST,PAYMENT_FAILURE,2500.0,failed,timeout,80,high,[PAYMENT_FAILURE] [LLM-SIMULATED] Temporary payment failure,retry,0.94,LLM Decision Agent evaluated prompt signals: Failure appears temporary and the customer has not exceeded the retry limit.,ALLOW,All policy checks passed for PAYMENT_FAILURE — action 'retry' authorised.,FAILED,FAILED,0.0,Razorpay Sandbox Bank Decline,2,2026-09-05 20:38:34
TEST_FLOW_001,CUST_TEST,PAYMENT_FAILURE,5000.0,failed,timeout,80,high,[PAYMENT_FAILURE] [LLM-SIMULATED] Temporary payment failure,retry,0.94,LLM Decision Agent evaluated prompt signals: Failure appears temporary and the customer has not exceeded the retry limit.,ALLOW,All policy checks passed for PAYMENT_FAILURE — action 'retry' authorised.,FAILED,FAILED,0.0,Razorpay Sandbox Bank Decline,2,2026-09-05 20:38:34
TEST_FLOW_001,CUST_TEST,PAYMENT_FAILURE,2500.0,failed,timeout,80,high,[PAYMENT_FAILURE] [LLM-SIMULATED] Temporary payment failure,retry,0.94,LLM Decision Agent evaluated prompt signals: Failure appears temporary and the customer has not exceeded the retry limit.,ALLOW,All policy checks passed for PAYMENT_FAILURE — action 'retry' authorised.,FAILED,FAILED,0.0,Razorpay Sandbox Bank Decline,2,2026-09-05 20:38:34
TEST_FLOW_001,CUST_TEST,PAYMENT_FAILURE,2500.0,failed,timeout,80,high,[PAYMENT_FAILURE] [LLM-SIMULATED] Temporary payment failure,retry,0.94,LLM Decision Agent evaluated prompt signals: Failure appears temporary and the customer has not exceeded the retry limit.,ALLOW,All policy checks passed for PAYMENT_FAILURE — action 'retry' authorised.,FAILED,FAILED,0.0,Razorpay Sandbox Bank Decline,2,2026-09-05 20:38:34
TEST_FLOW_001,CUST_TEST,PAYMENT_FAILURE,2500.0,failed,timeout,80,high,[PAYMENT_FAILURE] [LLM-SIMULATED] Temporary payment failure,retry,0.94,LLM Decision Agent evaluated prompt signals: Failure appears temporary and the customer has not exceeded the retry limit.,ALLOW,All policy checks passed for PAYMENT_FAILURE — action 'retry' authorised.,FAILED,FAILED,0.0,Razorpay Sandbox Bank Decline,2,2026-09-05 20:38:34
TEST_FLOW_001,CUST_TEST,PAYMENT_FAILURE,2500.0,failed,timeout,80,high,[PAYMENT_FAILURE] [LLM-SIMULATED] Temporary payment failure,retry,0.94,LLM Decision Agent evaluated prompt signals: Failure appears temporary and the customer has not exceeded the retry limit.,ALLOW,All policy checks passed for PAYMENT_FAILURE — action 'retry' authorised.,FAILED,FAILED,0.0,Razorpay Sandbox Bank Decline,2,2026-09-05 20:38:34
TEST_FLOW_001,CUST_TEST,PAYMENT_FAILURE,2500.0,failed,timeout,80,high,[PAYMENT_FAILURE] [LLM-SIMULATED] Temporary payment failure,retry,0.94,LLM Decision Agent evaluated prompt signals: Failure appears temporary and the customer has not exceeded the retry limit.,ALLOW,All policy checks passed for PAYMENT_FAILURE — action 'retry' authorised.,FAILED,FAILED,0.0,Razorpay Sandbox Bank Decline,2,2026-09-05 20:38:34
TEST_FLOW_001,CUST_TEST,PAYMENT_FAILURE,2500.0,failed,timeout,80,high,[PAYMENT_FAILURE] [LLM-SIMULATED] Temporary payment failure,retry,0.94,LLM Decision Agent evaluated prompt signals: Failure appears temporary and the customer has not exceeded the retry limit.,ALLOW,All policy checks passed for PAYMENT_FAILURE — action 'retry' authorised.,FAILED,FAILED,0.0,Razorpay Sandbox Bank Decline,2,2026-09-05 20:38:34
TEST_FLOW_001,CUST_TEST,CHECKOUT_ABANDONMENT,2500.0,failed,timeout,80,high,[CHECKOUT_ABANDONMENT] [LLM-SIMULATED] Temporary payment failure,reminder,0.94,LLM Decision Agent evaluated prompt signals: Failure appears temporary and the customer has not exceeded the retry limit.,ALLOW,All policy checks passed for CHECKOUT_ABANDONMENT — action 'reminder' authorised.,FOLLOW_UP,FOLLOW_UP,0.0,Recovery reminder dispatched. Conversion tracked on callback.,2,2026-09-05 20:38:34
TEST_FLOW_001,CUST_TEST,CHECKOUT_ABANDONMENT,2500.0,failed,timeout,80,high,[CHECKOUT_ABANDONMENT] [LLM-SIMULATED] Temporary payment failure,reminder,0.94,LLM Decision Agent evaluated prompt signals: Failure appears temporary and the customer has not exceeded the retry limit.,ALLOW,All policy checks passed for CHECKOUT_ABANDONMENT — action 'reminder' authorised.,FOLLOW_UP,FOLLOW_UP,0.0,Recovery reminder dispatched. Conversion tracked on callback.,2,2026-09-05 20:38:34
TEST_FLOW_001,CUST_TEST,FAILED_SUBSCRIPTION,2500.0,failed,timeout,80,high,[FAILED_SUBSCRIPTION] [LLM-SIMULATED] Temporary payment failure,retry,0.94,LLM Decision Agent evaluated prompt signals: Failure appears temporary and the customer has not exceeded the retry limit.,ALLOW,All policy checks passed for FAILED_SUBSCRIPTION — action 'retry' authorised.,DUNNING_RETRY,FAILED,0.0,Subscription dunning attempt 1. Razorpay Sandbox Bank Decline,2,2026-09-05 20:38:34
TEST_FLOW_001,CUST_TEST,FAILED_SUBSCRIPTION,2500.0,failed,timeout,80,high,[FAILED_SUBSCRIPTION] [LLM-SIMULATED] Low recovery probability / Ineligible,escalate,0.87,LLM Decision Agent evaluated prompt signals: Subscription already canceled.,BLOCK,"Action 'escalate' is not permitted for FAILED_SUBSCRIPTION. Allowed: ['reminder', 'retry'].",BLOCKED,not_attempted,0.0,"Execution blocked by policy governance: Action 'escalate' is not permitted for FAILED_SUBSCRIPTION. Allowed: ['reminder', 'retry'].",0,2026-09-05 20:38:34
TEST_FLOW_001,CUST_TEST,B2B_RECEIVABLE,2500.0,failed,timeout,80,high,[B2B_RECEIVABLE] [LLM-SIMULATED] Temporary payment failure,reminder,0.94,LLM Decision Agent evaluated prompt signals: Failure appears temporary and the customer has not exceeded the retry limit.,ALLOW,All policy checks passed for B2B_RECEIVABLE — action 'reminder' authorised.,FOLLOW_UP,FOLLOW_UP,0.0,B2B collection outreach dispatched. Invoice overdue 0 days.,2,2026-09-05 20:38:34
TEST_FLOW_001,CUST_TEST,B2B_RECEIVABLE,2500.0,failed,legal_dispute,60,medium,[B2B_RECEIVABLE] [LLM-SIMULATED] Low recovery probability / Ineligible,stop,0.87,LLM Decision Agent evaluated prompt signals: Account under legal dispute. Automated outreach suspended.,BLOCK,"Action 'stop' is not permitted for B2B_RECEIVABLE. Allowed: ['escalate', 'reminder', 'voice_call'].",BLOCKED,not_attempted,0.0,"Execution blocked by policy governance: Action 'stop' is not permitted for B2B_RECEIVABLE. Allowed: ['escalate', 'reminder', 'voice_call'].",0,2026-09-05 20:38:34
TEST_FLOW_001,CUST_TEST,MANDATE_FAILURE,2500.0,failed,timeout,80,high,[MANDATE_FAILURE] [LLM-SIMULATED] Temporary payment failure,schedule_mandate,0.94,LLM Decision Agent evaluated prompt signals: Failure appears temporary and the customer has not exceeded the retry limit.,ALLOW,All policy checks passed for MANDATE_FAILURE — action 'schedule_mandate' authorised.,MANDATE_RETRY,FAILED,0.0,Mandate re-presentment attempt 1. Razorpay Sandbox Bank Decline,2,2026-09-05 20:38:34
TEST_FLOW_001,CUST_TEST,PROMISE_TO_PAY,2500.0,failed,timeout,80,high,[PROMISE_TO_PAY] [LLM-SIMULATED] Temporary payment failure,collect_promise,0.94,LLM Decision Agent evaluated prompt signals: Failure appears temporary and the customer has not exceeded the retry limit.,ALLOW,All policy checks passed for PROMISE_TO_PAY — action 'collect_promise' authorised.,FAILED,FAILED,0.0,Promise payment collection attempt. Razorpay Sandbox Bank Decline,2,2026-09-05 20:38:34
TEST_FLOW_001,CUST_TEST,PAYMENT_FAILURE,2500.0,failed,timeout,65,medium,[PAYMENT_FAILURE] [LLM-SIMULATED] Retry limit reached,stop,0.95,LLM Decision Agent evaluated prompt signals: Maximum retry attempts have already been reached.,BLOCK,"Action 'stop' is not permitted for PAYMENT_FAILURE. Allowed: ['reminder', 'retry'].",BLOCKED,not_attempted,0.0,"Execution blocked by policy governance: Action 'stop' is not permitted for PAYMENT_FAILURE. Allowed: ['reminder', 'retry'].",0,2026-09-05 20:38:34
TEST_FLOW_001,CUST_TEST,PAYMENT_FAILURE,2500.0,failed,timeout,80,high,[PAYMENT_FAILURE] [LLM-SIMULATED] Temporary payment failure,retry,0.94,LLM Decision Agent evaluated prompt signals: Failure appears temporary and the customer has not exceeded the retry limit.,ALLOW,All policy checks passed for PAYMENT_FAILURE — action 'retry' authorised.,FAILED,FAILED,0.0,Razorpay Sandbox Bank Decline,2,2026-09-05 20:38:34
TEST_FLOW_001,CUST_TEST,CHECKOUT_ABANDONMENT,2500.0,failed,timeout,80,high,[CHECKOUT_ABANDONMENT] [LLM-SIMULATED] Temporary payment failure,reminder,0.94,LLM Decision Agent evaluated prompt signals: Failure appears temporary and the customer has not exceeded the retry limit.,ALLOW,All policy checks passed for CHECKOUT_ABANDONMENT — action 'reminder' authorised.,FOLLOW_UP,FOLLOW_UP,0.0,Recovery reminder dispatched. Conversion tracked on callback.,2,2026-09-05 20:38:34
TEST_FLOW_001,CUST_TEST,FAILED_SUBSCRIPTION,2500.0,failed,timeout,80,high,[FAILED_SUBSCRIPTION] [LLM-SIMULATED] Temporary payment failure,retry,0.94,LLM Decision Agent evaluated prompt signals: Failure appears temporary and the customer has not exceeded the retry limit.,ALLOW,All policy checks passed for FAILED_SUBSCRIPTION — action 'retry' authorised.,DUNNING_RETRY,FAILED,0.0,Subscription dunning attempt 1. Razorpay Sandbox Bank Decline,2,2026-09-05 20:38:34
TEST_FLOW_001,CUST_TEST,B2B_RECEIVABLE,2500.0,failed,timeout,80,high,[B2B_RECEIVABLE] [LLM-SIMULATED] Temporary payment failure,reminder,0.94,LLM Decision Agent evaluated prompt signals: Failure appears temporary and the customer has not exceeded the retry limit.,ALLOW,All policy checks passed for B2B_RECEIVABLE — action 'reminder' authorised.,FOLLOW_UP,FOLLOW_UP,0.0,B2B collection outreach dispatched. Invoice overdue 0 days.,2,2026-09-05 20:38:34
TEST_FLOW_001,CUST_TEST,MANDATE_FAILURE,2500.0,failed,timeout,80,high,[MANDATE_FAILURE] [LLM-SIMULATED] Temporary payment failure,schedule_mandate,0.94,LLM Decision Agent evaluated prompt signals: Failure appears temporary and the customer has not exceeded the retry limit.,ALLOW,All policy checks passed for MANDATE_FAILURE — action 'schedule_mandate' authorised.,MANDATE_RETRY,FAILED,0.0,Mandate re-presentment attempt 1. Razorpay Sandbox Bank Decline,2,2026-09-05 20:38:34
TEST_FLOW_001,CUST_TEST,PROMISE_TO_PAY,2500.0,failed,timeout,80,high,[PROMISE_TO_PAY] [LLM-SIMULATED] Temporary payment failure,collect_promise,0.94,LLM Decision Agent evaluated prompt signals: Failure appears temporary and the customer has not exceeded the retry limit.,ALLOW,All policy checks passed for PROMISE_TO_PAY — action 'collect_promise' authorised.,FAILED,FAILED,0.0,Promise payment collection attempt. Razorpay Sandbox Bank Decline,2,2026-09-05 20:38:34
TEST_FLOW_001,CUST_TEST,PAYMENT_FAILURE,2500.0,failed,timeout,80,high,[PAYMENT_FAILURE] [LLM-SIMULATED] Temporary payment failure,retry,0.94,LLM Decision Agent evaluated prompt signals: Failure appears temporary and the customer has not exceeded the retry limit.,ALLOW,All policy checks passed for PAYMENT_FAILURE — action 'retry' authorised.,FAILED,FAILED,0.0,Razorpay Sandbox Bank Decline,2,2026-09-05 20:38:34
TEST_FLOW_001,CUST_TEST,PAYMENT_FAILURE,2500.0,failed,timeout,80,high,[PAYMENT_FAILURE] [LLM-SIMULATED] Temporary payment failure,retry,0.94,LLM Decision Agent evaluated prompt signals: Failure appears temporary and the customer has not exceeded the retry limit.,ALLOW,All policy checks passed for PAYMENT_FAILURE — action 'retry' authorised.,FAILED,FAILED,0.0,Razorpay Sandbox Bank Decline,2,2026-09-05 20:38:34
TEST_FLOW_001,CUST_TEST,PAYMENT_FAILURE,6000.0,failed,timeout,80,high,[PAYMENT_FAILURE] [LLM-SIMULATED] Temporary payment failure,retry,0.94,LLM Decision Agent evaluated prompt signals: Failure appears temporary and the customer has not exceeded the retry limit.,ALLOW,All policy checks passed for PAYMENT_FAILURE — action 'retry' authorised.,FAILED,FAILED,0.0,Razorpay Sandbox Bank Decline,2,2026-09-05 20:38:34
TX_TEST_API,CUST101,,1999.0,failed,timeout,60,medium,Temporary payment failure,retry,0.92,Failure appears temporary and the customer has not exceeded the retry limit.,ALLOW,Transaction passed all recovery policy checks.,SIMULATED,RECOVERED,1999.0,Payment retry succeeded in Test Mode simulation.,0,2026-09-05 20:43:00
TX_EXEC_API,CUST104,PAYMENT_FAILURE,1999.0,failed,timeout,55,medium,[LLM-SIMULATED] Temporary payment failure,retry,0.94,LLM Decision Agent evaluated prompt signals: Failure appears temporary and the customer has not exceeded the retry limit.,ALLOW,Transaction passed all recovery policy checks.,SIMULATED,RECOVERED,1999.0,Razorpay Sandbox Simulation Success,2,2026-09-05 20:43:00
TX_ONLY_A,C01,,1000.0,failed,timeout,40,medium,Temporary failure,retry,0.92,Customer history good,ALLOW,Passed checks,SIMULATED,RECOVERED,1000.0,Retry succeeded,0,2026-09-05 20:43:00
TX_A,C01,,1000.0,failed,timeout,40,medium,Temporary failure,retry,0.92,Customer history good,ALLOW,Passed checks,SIMULATED,RECOVERED,1000.0,Retry succeeded,0,2026-09-05 20:43:00
TX_B,C01,,1000.0,failed,timeout,40,medium,Temporary failure,retry,0.92,Customer history good,ALLOW,Passed checks,SIMULATED,RECOVERED,1000.0,Retry succeeded,0,2026-09-05 20:43:00
TX01,C01,PAYMENT_FAILURE,1000.0,failed,timeout,40,medium,Temporary failure,retry,0.92,Customer history good,ALLOW,Passed checks,SIMULATED,RECOVERED,1000.0,Retry succeeded,2,2026-09-05 20:43:00
TEST_001,cust_123,PAYMENT_FAILURE,100.0,failed,payment_failed,45,medium,[PAYMENT_FAILURE] [LLM-SIMULATED] Low recovery probability,stop,0.78,LLM Decision Agent evaluated prompt signals: Available evidence does not justify another recovery attempt.,BLOCK,"Action 'stop' is not permitted for PAYMENT_FAILURE. Allowed: ['reminder', 'retry'].",BLOCKED,not_attempted,0.0,"Execution blocked by policy governance: Action 'stop' is not permitted for PAYMENT_FAILURE. Allowed: ['reminder', 'retry'].",0,2026-09-05 20:43:00
TEST_001,cust_123,CHECKOUT_ABANDONMENT,100.0,failed,payment_failed,45,medium,[CHECKOUT_ABANDONMENT] [LLM-SIMULATED] Low recovery probability,reminder,0.78,LLM Decision Agent evaluated prompt signals: Available evidence does not justify another recovery attempt.,ALLOW,All policy checks passed for CHECKOUT_ABANDONMENT — action 'reminder' authorised.,FOLLOW_UP,FOLLOW_UP,0.0,Recovery reminder dispatched. Conversion tracked on callback.,0,2026-09-05 20:43:00
TEST_001,cust_123,FAILED_SUBSCRIPTION,100.0,failed,payment_failed,45,medium,[FAILED_SUBSCRIPTION] [LLM-SIMULATED] Low recovery probability,stop,0.78,LLM Decision Agent evaluated prompt signals: Available evidence does not justify another recovery attempt.,BLOCK,"Action 'stop' is not permitted for FAILED_SUBSCRIPTION. Allowed: ['reminder', 'retry'].",BLOCKED,not_attempted,0.0,"Execution blocked by policy governance: Action 'stop' is not permitted for FAILED_SUBSCRIPTION. Allowed: ['reminder', 'retry'].",0,2026-09-05 20:43:00
TEST_001,cust_123,B2B_RECEIVABLE,100.0,failed,payment_failed,45,medium,[B2B_RECEIVABLE] [LLM-SIMULATED] Low recovery probability,reminder,0.78,LLM Decision Agent evaluated prompt signals: Available evidence does not justify another recovery attempt.,ALLOW,All policy checks passed for B2B_RECEIVABLE — action 'reminder' authorised.,FOLLOW_UP,FOLLOW_UP,0.0,B2B collection outreach dispatched. Invoice overdue 0 days.,0,2026-09-05 20:43:00
TEST_001,cust_123,MANDATE_FAILURE,100.0,failed,payment_failed,45,medium,[MANDATE_FAILURE] [LLM-SIMULATED] Low recovery probability,schedule_mandate,0.78,LLM Decision Agent evaluated prompt signals: Available evidence does not justify another recovery attempt.,ALLOW,All policy checks passed for MANDATE_FAILURE — action 'schedule_mandate' authorised.,RECOVERED,RECOVERED,100.0,Mandate re-presentment attempt 1. Razorpay Sandbox Simulation Success,0,2026-09-05 20:43:00
TEST_001,cust_123,PROMISE_TO_PAY,100.0,failed,payment_failed,45,medium,[PROMISE_TO_PAY] [LLM-SIMULATED] Low recovery probability,collect_promise,0.78,LLM Decision Agent evaluated prompt signals: Available evidence does not justify another recovery attempt.,ALLOW,All policy checks passed for PROMISE_TO_PAY — action 'collect_promise' authorised.,RECOVERED,RECOVERED,100.0,Promise payment collection attempt. Razorpay Sandbox Simulation Success,0,2026-09-05 20:43:00
TX_ORCH_01,C01,PAYMENT_FAILURE,1999.0,failed,timeout,55,medium,[LLM-SIMULATED] Temporary payment failure,retry,0.94,LLM Decision Agent evaluated prompt signals: Failure appears temporary and the customer has not exceeded the retry limit.,ALLOW,Transaction passed all recovery policy checks.,SIMULATED,RECOVERED,1999.0,Razorpay Sandbox Simulation Success,2,2026-09-05 20:43:00
TX_ORCH_02,C02,PAYMENT_FAILURE,50000.0,failed,timeout,70,high,[LLM-SIMULATED] Temporary payment failure,retry,0.94,LLM Decision Agent evaluated prompt signals: Failure appears temporary and the customer has not exceeded the retry limit.,BLOCK,"Amount ₹50,000.00 exceeds the ₹10,000.00 recovery limit.",BLOCKED,not_attempted,0.0,"Recovery blocked by policy governance: Amount ₹50,000.00 exceeds the ₹10,000.00 recovery limit.",0,2026-09-05 20:43:00
TX_SUCCESS,C01,,1000.0,success,unknown,5,low,Payment already successful,stop,0.99,No recovery is required.,BLOCK,Payment is already successful.,BLOCKED,not_attempted,0.0,Recovery action blocked by policy governance.,0,2026-09-05 20:43:00
TX_TIMEOUT,C02,,1999.0,failed,timeout,60,medium,Temporary payment failure,retry,0.92,Failure appears temporary and the customer has not exceeded the retry limit.,ALLOW,Transaction passed all recovery policy checks.,SIMULATED,RECOVERED,1999.0,Payment retry succeeded in Test Mode simulation.,0,2026-09-05 20:43:00
TX_BANK,C03,,1999.0,failed,bank_declined,65,medium,Recoverable bank decline,retry,0.79,Customer has a strong successful payment history.,ALLOW,Transaction passed all recovery policy checks.,SIMULATED,RECOVERED,1999.0,Payment retry succeeded in Test Mode simulation.,0,2026-09-05 20:43:00
TX_FUNDS,C04,,1999.0,failed,insufficient_funds,35,low,Insufficient funds,escalate,0.91,Immediate repeated retries could create unnecessary payment attempts.,BLOCK,Action 'escalate' is not executable by the recovery policy.,BLOCKED,not_attempted,0.0,Recovery action blocked by policy governance.,0,2026-09-05 20:43:00
TX_MAX_RETRY,C05,,1999.0,failed,timeout,45,medium,Retry limit reached,stop,0.97,Maximum retry attempts have already been reached.,BLOCK,Action 'stop' is not executable by the recovery policy.,BLOCKED,not_attempted,0.0,Recovery action blocked by policy governance.,0,2026-09-05 20:43:00
TX_HIGH_AMT,C06,,50000.0,failed,timeout,70,high,Temporary payment failure,retry,0.92,Failure appears temporary and the customer has not exceeded the retry limit.,BLOCK,"Amount ₹50,000.00 exceeds the ₹10,000.00 recovery limit.",BLOCKED,not_attempted,0.0,Recovery action blocked by policy governance.,0,2026-09-05 20:43:00
TX_ABANDONED,C07,,499.0,abandoned,unknown,30,low,Checkout abandonment,reminder,0.88,Recent abandoned checkout with potential purchase intent.,ALLOW,Transaction passed all recovery policy checks.,SIMULATED,FOLLOW_UP,0.0,Recovery reminder scheduled in Test Mode simulation.,0,2026-09-05 20:43:00
UNKNOWN,UNKNOWN,,0.0,failed,unknown,35,low,Low recovery probability / Ineligible,stop,0.85,Payment failure reason 'unknown' is not eligible for recovery.,BLOCK,Action 'stop' is not executable by the recovery policy.,BLOCKED,not_attempted,0.0,Recovery action blocked by policy governance.,0,2026-09-05 20:43:00
TEST_FLOW_001,CUST_TEST,PAYMENT_FAILURE,2500.0,failed,timeout,80,high,[PAYMENT_FAILURE] [LLM-SIMULATED] Temporary payment failure,retry,0.94,LLM Decision Agent evaluated prompt signals: Failure appears temporary and the customer has not exceeded the retry limit.,ALLOW,All policy checks passed for PAYMENT_FAILURE — action 'retry' authorised.,FAILED,FAILED,0.0,Razorpay Sandbox Bank Decline,2,2026-09-05 20:43:00
TEST_FLOW_001,CUST_TEST,PAYMENT_FAILURE,5000.0,failed,timeout,80,high,[PAYMENT_FAILURE] [LLM-SIMULATED] Temporary payment failure,retry,0.94,LLM Decision Agent evaluated prompt signals: Failure appears temporary and the customer has not exceeded the retry limit.,ALLOW,All policy checks passed for PAYMENT_FAILURE — action 'retry' authorised.,FAILED,FAILED,0.0,Razorpay Sandbox Bank Decline,2,2026-09-05 20:43:00
TEST_FLOW_001,CUST_TEST,PAYMENT_FAILURE,2500.0,failed,timeout,80,high,[PAYMENT_FAILURE] [LLM-SIMULATED] Temporary payment failure,retry,0.94,LLM Decision Agent evaluated prompt signals: Failure appears temporary and the customer has not exceeded the retry limit.,ALLOW,All policy checks passed for PAYMENT_FAILURE — action 'retry' authorised.,FAILED,FAILED,0.0,Razorpay Sandbox Bank Decline,2,2026-09-05 20:43:00
TEST_FLOW_001,CUST_TEST,PAYMENT_FAILURE,2500.0,failed,timeout,80,high,[PAYMENT_FAILURE] [LLM-SIMULATED] Temporary payment failure,retry,0.94,LLM Decision Agent evaluated prompt signals: Failure appears temporary and the customer has not exceeded the retry limit.,ALLOW,All policy checks passed for PAYMENT_FAILURE — action 'retry' authorised.,FAILED,FAILED,0.0,Razorpay Sandbox Bank Decline,2,2026-09-05 20:43:00
TEST_FLOW_001,CUST_TEST,PAYMENT_FAILURE,2500.0,failed,timeout,80,high,[PAYMENT_FAILURE] [LLM-SIMULATED] Temporary payment failure,retry,0.94,LLM Decision Agent evaluated prompt signals: Failure appears temporary and the customer has not exceeded the retry limit.,ALLOW,All policy checks passed for PAYMENT_FAILURE — action 'retry' authorised.,FAILED,FAILED,0.0,Razorpay Sandbox Bank Decline,2,2026-09-05 20:43:00
TEST_FLOW_001,CUST_TEST,PAYMENT_FAILURE,2500.0,failed,timeout,80,high,[PAYMENT_FAILURE] [LLM-SIMULATED] Temporary payment failure,retry,0.94,LLM Decision Agent evaluated prompt signals: Failure appears temporary and the customer has not exceeded the retry limit.,ALLOW,All policy checks passed for PAYMENT_FAILURE — action 'retry' authorised.,FAILED,FAILED,0.0,Razorpay Sandbox Bank Decline,2,2026-09-05 20:43:00
TEST_FLOW_001,CUST_TEST,PAYMENT_FAILURE,2500.0,failed,timeout,80,high,[PAYMENT_FAILURE] [LLM-SIMULATED] Temporary payment failure,retry,0.94,LLM Decision Agent evaluated prompt signals: Failure appears temporary and the customer has not exceeded the retry limit.,ALLOW,All policy checks passed for PAYMENT_FAILURE — action 'retry' authorised.,FAILED,FAILED,0.0,Razorpay Sandbox Bank Decline,2,2026-09-05 20:43:00
TEST_FLOW_001,CUST_TEST,PAYMENT_FAILURE,2500.0,failed,timeout,80,high,[PAYMENT_FAILURE] [LLM-SIMULATED] Temporary payment failure,retry,0.94,LLM Decision Agent evaluated prompt signals: Failure appears temporary and the customer has not exceeded the retry limit.,ALLOW,All policy checks passed for PAYMENT_FAILURE — action 'retry' authorised.,FAILED,FAILED,0.0,Razorpay Sandbox Bank Decline,2,2026-09-05 20:43:00
TEST_FLOW_001,CUST_TEST,CHECKOUT_ABANDONMENT,2500.0,failed,timeout,80,high,[CHECKOUT_ABANDONMENT] [LLM-SIMULATED] Temporary payment failure,reminder,0.94,LLM Decision Agent evaluated prompt signals: Failure appears temporary and the customer has not exceeded the retry limit.,ALLOW,All policy checks passed for CHECKOUT_ABANDONMENT — action 'reminder' authorised.,FOLLOW_UP,FOLLOW_UP,0.0,Recovery reminder dispatched. Conversion tracked on callback.,2,2026-09-05 20:43:00
TEST_FLOW_001,CUST_TEST,CHECKOUT_ABANDONMENT,2500.0,failed,timeout,80,high,[CHECKOUT_ABANDONMENT] [LLM-SIMULATED] Temporary payment failure,reminder,0.94,LLM Decision Agent evaluated prompt signals: Failure appears temporary and the customer has not exceeded the retry limit.,ALLOW,All policy checks passed for CHECKOUT_ABANDONMENT — action 'reminder' authorised.,FOLLOW_UP,FOLLOW_UP,0.0,Recovery reminder dispatched. Conversion tracked on callback.,2,2026-09-05 20:43:00
TEST_FLOW_001,CUST_TEST,FAILED_SUBSCRIPTION,2500.0,failed,timeout,80,high,[FAILED_SUBSCRIPTION] [LLM-SIMULATED] Temporary payment failure,retry,0.94,LLM Decision Agent evaluated prompt signals: Failure appears temporary and the customer has not exceeded the retry limit.,ALLOW,All policy checks passed for FAILED_SUBSCRIPTION — action 'retry' authorised.,DUNNING_RETRY,FAILED,0.0,Subscription dunning attempt 1. Razorpay Sandbox Bank Decline,2,2026-09-05 20:43:00
TEST_FLOW_001,CUST_TEST,FAILED_SUBSCRIPTION,2500.0,failed,timeout,80,high,[FAILED_SUBSCRIPTION] [LLM-SIMULATED] Low recovery probability / Ineligible,escalate,0.87,LLM Decision Agent evaluated prompt signals: Subscription already canceled.,BLOCK,"Action 'escalate' is not permitted for FAILED_SUBSCRIPTION. Allowed: ['reminder', 'retry'].",BLOCKED,not_attempted,0.0,"Execution blocked by policy governance: Action 'escalate' is not permitted for FAILED_SUBSCRIPTION. Allowed: ['reminder', 'retry'].",0,2026-09-05 20:43:00
TEST_FLOW_001,CUST_TEST,B2B_RECEIVABLE,2500.0,failed,timeout,80,high,[B2B_RECEIVABLE] [LLM-SIMULATED] Temporary payment failure,reminder,0.94,LLM Decision Agent evaluated prompt signals: Failure appears temporary and the customer has not exceeded the retry limit.,ALLOW,All policy checks passed for B2B_RECEIVABLE — action 'reminder' authorised.,FOLLOW_UP,FOLLOW_UP,0.0,B2B collection outreach dispatched. Invoice overdue 0 days.,2,2026-09-05 20:43:00
TEST_FLOW_001,CUST_TEST,B2B_RECEIVABLE,2500.0,failed,legal_dispute,60,medium,[B2B_RECEIVABLE] [LLM-SIMULATED] Low recovery probability / Ineligible,stop,0.87,LLM Decision Agent evaluated prompt signals: Account under legal dispute. Automated outreach suspended.,BLOCK,"Action 'stop' is not permitted for B2B_RECEIVABLE. Allowed: ['escalate', 'reminder', 'voice_call'].",BLOCKED,not_attempted,0.0,"Execution blocked by policy governance: Action 'stop' is not permitted for B2B_RECEIVABLE. Allowed: ['escalate', 'reminder', 'voice_call'].",0,2026-09-05 20:43:00
TEST_FLOW_001,CUST_TEST,MANDATE_FAILURE,2500.0,failed,timeout,80,high,[MANDATE_FAILURE] [LLM-SIMULATED] Temporary payment failure,schedule_mandate,0.94,LLM Decision Agent evaluated prompt signals: Failure appears temporary and the customer has not exceeded the retry limit.,ALLOW,All policy checks passed for MANDATE_FAILURE — action 'schedule_mandate' authorised.,MANDATE_RETRY,FAILED,0.0,Mandate re-presentment attempt 1. Razorpay Sandbox Bank Decline,2,2026-09-05 20:43:00
TEST_FLOW_001,CUST_TEST,PROMISE_TO_PAY,2500.0,failed,timeout,80,high,[PROMISE_TO_PAY] [LLM-SIMULATED] Temporary payment failure,collect_promise,0.94,LLM Decision Agent evaluated prompt signals: Failure appears temporary and the customer has not exceeded the retry limit.,ALLOW,All policy checks passed for PROMISE_TO_PAY — action 'collect_promise' authorised.,FAILED,FAILED,0.0,Promise payment collection attempt. Razorpay Sandbox Bank Decline,2,2026-09-05 20:43:00
TEST_FLOW_001,CUST_TEST,PAYMENT_FAILURE,2500.0,failed,timeout,65,medium,[PAYMENT_FAILURE] [LLM-SIMULATED] Retry limit reached,stop,0.95,LLM Decision Agent evaluated prompt signals: Maximum retry attempts have already been reached.,BLOCK,"Action 'stop' is not permitted for PAYMENT_FAILURE. Allowed: ['reminder', 'retry'].",BLOCKED,not_attempted,0.0,"Execution blocked by policy governance: Action 'stop' is not permitted for PAYMENT_FAILURE. Allowed: ['reminder', 'retry'].",0,2026-09-05 20:43:00
TEST_FLOW_001,CUST_TEST,PAYMENT_FAILURE,2500.0,failed,timeout,80,high,[PAYMENT_FAILURE] [LLM-SIMULATED] Temporary payment failure,retry,0.94,LLM Decision Agent evaluated prompt signals: Failure appears temporary and the customer has not exceeded the retry limit.,ALLOW,All policy checks passed for PAYMENT_FAILURE — action 'retry' authorised.,FAILED,FAILED,0.0,Razorpay Sandbox Bank Decline,2,2026-09-05 20:43:00
TEST_FLOW_001,CUST_TEST,CHECKOUT_ABANDONMENT,2500.0,failed,timeout,80,high,[CHECKOUT_ABANDONMENT] [LLM-SIMULATED] Temporary payment failure,reminder,0.94,LLM Decision Agent evaluated prompt signals: Failure appears temporary and the customer has not exceeded the retry limit.,ALLOW,All policy checks passed for CHECKOUT_ABANDONMENT — action 'reminder' authorised.,FOLLOW_UP,FOLLOW_UP,0.0,Recovery reminder dispatched. Conversion tracked on callback.,2,2026-09-05 20:43:00
TEST_FLOW_001,CUST_TEST,FAILED_SUBSCRIPTION,2500.0,failed,timeout,80,high,[FAILED_SUBSCRIPTION] [LLM-SIMULATED] Temporary payment failure,retry,0.94,LLM Decision Agent evaluated prompt signals: Failure appears temporary and the customer has not exceeded the retry limit.,ALLOW,All policy checks passed for FAILED_SUBSCRIPTION — action 'retry' authorised.,DUNNING_RETRY,FAILED,0.0,Subscription dunning attempt 1. Razorpay Sandbox Bank Decline,2,2026-09-05 20:43:00
TEST_FLOW_001,CUST_TEST,B2B_RECEIVABLE,2500.0,failed,timeout,80,high,[B2B_RECEIVABLE] [LLM-SIMULATED] Temporary payment failure,reminder,0.94,LLM Decision Agent evaluated prompt signals: Failure appears temporary and the customer has not exceeded the retry limit.,ALLOW,All policy checks passed for B2B_RECEIVABLE — action 'reminder' authorised.,FOLLOW_UP,FOLLOW_UP,0.0,B2B collection outreach dispatched. Invoice overdue 0 days.,2,2026-09-05 20:43:00
TEST_FLOW_001,CUST_TEST,MANDATE_FAILURE,2500.0,failed,timeout,80,high,[MANDATE_FAILURE] [LLM-SIMULATED] Temporary payment failure,schedule_mandate,0.94,LLM Decision Agent evaluated prompt signals: Failure appears temporary and the customer has not exceeded the retry limit.,ALLOW,All policy checks passed for MANDATE_FAILURE — action 'schedule_mandate' authorised.,MANDATE_RETRY,FAILED,0.0,Mandate re-presentment attempt 1. Razorpay Sandbox Bank Decline,2,2026-09-05 20:43:00
TEST_FLOW_001,CUST_TEST,PROMISE_TO_PAY,2500.0,failed,timeout,80,high,[PROMISE_TO_PAY] [LLM-SIMULATED] Temporary payment failure,collect_promise,0.94,LLM Decision Agent evaluated prompt signals: Failure appears temporary and the customer has not exceeded the retry limit.,ALLOW,All policy checks passed for PROMISE_TO_PAY — action 'collect_promise' authorised.,FAILED,FAILED,0.0,Promise payment collection attempt. Razorpay Sandbox Bank Decline,2,2026-09-05 20:43:00
TEST_FLOW_001,CUST_TEST,PAYMENT_FAILURE,2500.0,failed,timeout,80,high,[PAYMENT_FAILURE] [LLM-SIMULATED] Temporary payment failure,retry,0.94,LLM Decision Agent evaluated prompt signals: Failure appears temporary and the customer has not exceeded the retry limit.,ALLOW,All policy checks passed for PAYMENT_FAILURE — action 'retry' authorised.,FAILED,FAILED,0.0,Razorpay Sandbox Bank Decline,2,2026-09-05 20:43:00
TEST_FLOW_001,CUST_TEST,PAYMENT_FAILURE,2500.0,failed,timeout,80,high,[PAYMENT_FAILURE] [LLM-SIMULATED] Temporary payment failure,retry,0.94,LLM Decision Agent evaluated prompt signals: Failure appears temporary and the customer has not exceeded the retry limit.,ALLOW,All policy checks passed for PAYMENT_FAILURE — action 'retry' authorised.,FAILED,FAILED,0.0,Razorpay Sandbox Bank Decline,2,2026-09-05 20:43:00
TEST_FLOW_001,CUST_TEST,PAYMENT_FAILURE,6000.0,failed,timeout,80,high,[PAYMENT_FAILURE] [LLM-SIMULATED] Temporary payment failure,retry,0.94,LLM Decision Agent evaluated prompt signals: Failure appears temporary and the customer has not exceeded the retry limit.,ALLOW,All policy checks passed for PAYMENT_FAILURE — action 'retry' authorised.,FAILED,FAILED,0.0,Razorpay Sandbox Bank Decline,2,2026-09-05 20:43:00
TX_TEST_API,CUST101,,1999.0,failed,timeout,60,medium,Temporary payment failure,retry,0.92,Failure appears temporary and the customer has not exceeded the retry limit.,ALLOW,Transaction passed all recovery policy checks.,SIMULATED,RECOVERED,1999.0,Payment retry succeeded in Test Mode simulation.,0,2026-09-05 20:43:15
TX_EXEC_API,CUST104,PAYMENT_FAILURE,1999.0,failed,timeout,55,medium,[LLM-SIMULATED] Temporary payment failure,retry,0.94,LLM Decision Agent evaluated prompt signals: Failure appears temporary and the customer has not exceeded the retry limit.,ALLOW,Transaction passed all recovery policy checks.,SIMULATED,RECOVERED,1999.0,Razorpay Sandbox Simulation Success,2,2026-09-05 20:43:15
TX_ONLY_A,C01,,1000.0,failed,timeout,40,medium,Temporary failure,retry,0.92,Customer history good,ALLOW,Passed checks,SIMULATED,RECOVERED,1000.0,Retry succeeded,0,2026-09-05 20:43:15
TX_A,C01,,1000.0,failed,timeout,40,medium,Temporary failure,retry,0.92,Customer history good,ALLOW,Passed checks,SIMULATED,RECOVERED,1000.0,Retry succeeded,0,2026-09-05 20:43:15
TX_B,C01,,1000.0,failed,timeout,40,medium,Temporary failure,retry,0.92,Customer history good,ALLOW,Passed checks,SIMULATED,RECOVERED,1000.0,Retry succeeded,0,2026-09-05 20:43:15
TX01,C01,PAYMENT_FAILURE,1000.0,failed,timeout,40,medium,Temporary failure,retry,0.92,Customer history good,ALLOW,Passed checks,SIMULATED,RECOVERED,1000.0,Retry succeeded,2,2026-09-05 20:43:15
TEST_001,cust_123,PAYMENT_FAILURE,100.0,failed,payment_failed,45,medium,[PAYMENT_FAILURE] [LLM-SIMULATED] Low recovery probability,stop,0.78,LLM Decision Agent evaluated prompt signals: Available evidence does not justify another recovery attempt.,BLOCK,"Action 'stop' is not permitted for PAYMENT_FAILURE. Allowed: ['reminder', 'retry'].",BLOCKED,not_attempted,0.0,"Execution blocked by policy governance: Action 'stop' is not permitted for PAYMENT_FAILURE. Allowed: ['reminder', 'retry'].",0,2026-09-05 20:43:15
TEST_001,cust_123,CHECKOUT_ABANDONMENT,100.0,failed,payment_failed,45,medium,[CHECKOUT_ABANDONMENT] [LLM-SIMULATED] Low recovery probability,reminder,0.78,LLM Decision Agent evaluated prompt signals: Available evidence does not justify another recovery attempt.,ALLOW,All policy checks passed for CHECKOUT_ABANDONMENT — action 'reminder' authorised.,FOLLOW_UP,FOLLOW_UP,0.0,Recovery reminder dispatched. Conversion tracked on callback.,0,2026-09-05 20:43:15
TEST_001,cust_123,FAILED_SUBSCRIPTION,100.0,failed,payment_failed,45,medium,[FAILED_SUBSCRIPTION] [LLM-SIMULATED] Low recovery probability,stop,0.78,LLM Decision Agent evaluated prompt signals: Available evidence does not justify another recovery attempt.,BLOCK,"Action 'stop' is not permitted for FAILED_SUBSCRIPTION. Allowed: ['reminder', 'retry'].",BLOCKED,not_attempted,0.0,"Execution blocked by policy governance: Action 'stop' is not permitted for FAILED_SUBSCRIPTION. Allowed: ['reminder', 'retry'].",0,2026-09-05 20:43:15
TEST_001,cust_123,B2B_RECEIVABLE,100.0,failed,payment_failed,45,medium,[B2B_RECEIVABLE] [LLM-SIMULATED] Low recovery probability,reminder,0.78,LLM Decision Agent evaluated prompt signals: Available evidence does not justify another recovery attempt.,ALLOW,All policy checks passed for B2B_RECEIVABLE — action 'reminder' authorised.,FOLLOW_UP,FOLLOW_UP,0.0,B2B collection outreach dispatched. Invoice overdue 0 days.,0,2026-09-05 20:43:15
TEST_001,cust_123,MANDATE_FAILURE,100.0,failed,payment_failed,45,medium,[MANDATE_FAILURE] [LLM-SIMULATED] Low recovery probability,schedule_mandate,0.78,LLM Decision Agent evaluated prompt signals: Available evidence does not justify another recovery attempt.,ALLOW,All policy checks passed for MANDATE_FAILURE — action 'schedule_mandate' authorised.,RECOVERED,RECOVERED,100.0,Mandate re-presentment attempt 1. Razorpay Sandbox Simulation Success,0,2026-09-05 20:43:15
TEST_001,cust_123,PROMISE_TO_PAY,100.0,failed,payment_failed,45,medium,[PROMISE_TO_PAY] [LLM-SIMULATED] Low recovery probability,collect_promise,0.78,LLM Decision Agent evaluated prompt signals: Available evidence does not justify another recovery attempt.,ALLOW,All policy checks passed for PROMISE_TO_PAY — action 'collect_promise' authorised.,RECOVERED,RECOVERED,100.0,Promise payment collection attempt. Razorpay Sandbox Simulation Success,0,2026-09-05 20:43:15
TX_ORCH_01,C01,PAYMENT_FAILURE,1999.0,failed,timeout,55,medium,[LLM-SIMULATED] Temporary payment failure,retry,0.94,LLM Decision Agent evaluated prompt signals: Failure appears temporary and the customer has not exceeded the retry limit.,ALLOW,Transaction passed all recovery policy checks.,SIMULATED,RECOVERED,1999.0,Razorpay Sandbox Simulation Success,2,2026-09-05 20:43:15
TX_ORCH_02,C02,PAYMENT_FAILURE,50000.0,failed,timeout,70,high,[LLM-SIMULATED] Temporary payment failure,retry,0.94,LLM Decision Agent evaluated prompt signals: Failure appears temporary and the customer has not exceeded the retry limit.,BLOCK,"Amount ₹50,000.00 exceeds the ₹10,000.00 recovery limit.",BLOCKED,not_attempted,0.0,"Recovery blocked by policy governance: Amount ₹50,000.00 exceeds the ₹10,000.00 recovery limit.",0,2026-09-05 20:43:15
TX_SUCCESS,C01,,1000.0,success,unknown,5,low,Payment already successful,stop,0.99,No recovery is required.,BLOCK,Payment is already successful.,BLOCKED,not_attempted,0.0,Recovery action blocked by policy governance.,0,2026-09-05 20:43:15
TX_TIMEOUT,C02,,1999.0,failed,timeout,60,medium,Temporary payment failure,retry,0.92,Failure appears temporary and the customer has not exceeded the retry limit.,ALLOW,Transaction passed all recovery policy checks.,SIMULATED,RECOVERED,1999.0,Payment retry succeeded in Test Mode simulation.,0,2026-09-05 20:43:15
TX_BANK,C03,,1999.0,failed,bank_declined,65,medium,Recoverable bank decline,retry,0.79,Customer has a strong successful payment history.,ALLOW,Transaction passed all recovery policy checks.,SIMULATED,RECOVERED,1999.0,Payment retry succeeded in Test Mode simulation.,0,2026-09-05 20:43:15
TX_FUNDS,C04,,1999.0,failed,insufficient_funds,35,low,Insufficient funds,escalate,0.91,Immediate repeated retries could create unnecessary payment attempts.,BLOCK,Action 'escalate' is not executable by the recovery policy.,BLOCKED,not_attempted,0.0,Recovery action blocked by policy governance.,0,2026-09-05 20:43:15
TX_MAX_RETRY,C05,,1999.0,failed,timeout,45,medium,Retry limit reached,stop,0.97,Maximum retry attempts have already been reached.,BLOCK,Action 'stop' is not executable by the recovery policy.,BLOCKED,not_attempted,0.0,Recovery action blocked by policy governance.,0,2026-09-05 20:43:15
TX_HIGH_AMT,C06,,50000.0,failed,timeout,70,high,Temporary payment failure,retry,0.92,Failure appears temporary and the customer has not exceeded the retry limit.,BLOCK,"Amount ₹50,000.00 exceeds the ₹10,000.00 recovery limit.",BLOCKED,not_attempted,0.0,Recovery action blocked by policy governance.,0,2026-09-05 20:43:15
TX_ABANDONED,C07,,499.0,abandoned,unknown,30,low,Checkout abandonment,reminder,0.88,Recent abandoned checkout with potential purchase intent.,ALLOW,Transaction passed all recovery policy checks.,SIMULATED,FOLLOW_UP,0.0,Recovery reminder scheduled in Test Mode simulation.,0,2026-09-05 20:43:15
UNKNOWN,UNKNOWN,,0.0,failed,unknown,35,low,Low recovery probability / Ineligible,stop,0.85,Payment failure reason 'unknown' is not eligible for recovery.,BLOCK,Action 'stop' is not executable by the recovery policy.,BLOCKED,not_attempted,0.0,Recovery action blocked by policy governance.,0,2026-09-05 20:43:15
TEST_FLOW_001,CUST_TEST,PAYMENT_FAILURE,2500.0,failed,timeout,80,high,[PAYMENT_FAILURE] [LLM-SIMULATED] Temporary payment failure,retry,0.94,LLM Decision Agent evaluated prompt signals: Failure appears temporary and the customer has not exceeded the retry limit.,ALLOW,All policy checks passed for PAYMENT_FAILURE — action 'retry' authorised.,RECOVERED,RECOVERED,2500.0,Razorpay Sandbox Simulation Success,2,2026-09-05 20:43:15
TEST_FLOW_001,CUST_TEST,PAYMENT_FAILURE,5000.0,failed,timeout,80,high,[PAYMENT_FAILURE] [LLM-SIMULATED] Temporary payment failure,retry,0.94,LLM Decision Agent evaluated prompt signals: Failure appears temporary and the customer has not exceeded the retry limit.,ALLOW,All policy checks passed for PAYMENT_FAILURE — action 'retry' authorised.,RECOVERED,RECOVERED,5000.0,Razorpay Sandbox Simulation Success,2,2026-09-05 20:43:15
TEST_FLOW_001,CUST_TEST,PAYMENT_FAILURE,2500.0,failed,timeout,80,high,[PAYMENT_FAILURE] [LLM-SIMULATED] Temporary payment failure,retry,0.94,LLM Decision Agent evaluated prompt signals: Failure appears temporary and the customer has not exceeded the retry limit.,ALLOW,All policy checks passed for PAYMENT_FAILURE — action 'retry' authorised.,RECOVERED,RECOVERED,2500.0,Razorpay Sandbox Simulation Success,2,2026-09-05 20:43:15
TEST_FLOW_001,CUST_TEST,PAYMENT_FAILURE,2500.0,failed,timeout,80,high,[PAYMENT_FAILURE] [LLM-SIMULATED] Temporary payment failure,retry,0.94,LLM Decision Agent evaluated prompt signals: Failure appears temporary and the customer has not exceeded the retry limit.,ALLOW,All policy checks passed for PAYMENT_FAILURE — action 'retry' authorised.,RECOVERED,RECOVERED,2500.0,Razorpay Sandbox Simulation Success,2,2026-09-05 20:43:15
TEST_FLOW_001,CUST_TEST,PAYMENT_FAILURE,2500.0,failed,timeout,80,high,[PAYMENT_FAILURE] [LLM-SIMULATED] Temporary payment failure,retry,0.94,LLM Decision Agent evaluated prompt signals: Failure appears temporary and the customer has not exceeded the retry limit.,ALLOW,All policy checks passed for PAYMENT_FAILURE — action 'retry' authorised.,RECOVERED,RECOVERED,2500.0,Razorpay Sandbox Simulation Success,2,2026-09-05 20:43:15
TEST_FLOW_001,CUST_TEST,PAYMENT_FAILURE,2500.0,failed,timeout,80,high,[PAYMENT_FAILURE] [LLM-SIMULATED] Temporary payment failure,retry,0.94,LLM Decision Agent evaluated prompt signals: Failure appears temporary and the customer has not exceeded the retry limit.,ALLOW,All policy checks passed for PAYMENT_FAILURE — action 'retry' authorised.,RECOVERED,RECOVERED,2500.0,Razorpay Sandbox Simulation Success,2,2026-09-05 20:43:15
TEST_FLOW_001,CUST_TEST,PAYMENT_FAILURE,2500.0,failed,timeout,80,high,[PAYMENT_FAILURE] [LLM-SIMULATED] Temporary payment failure,retry,0.94,LLM Decision Agent evaluated prompt signals: Failure appears temporary and the customer has not exceeded the retry limit.,ALLOW,All policy checks passed for PAYMENT_FAILURE — action 'retry' authorised.,RECOVERED,RECOVERED,2500.0,Razorpay Sandbox Simulation Success,2,2026-09-05 20:43:15
TEST_FLOW_001,CUST_TEST,PAYMENT_FAILURE,2500.0,failed,timeout,80,high,[PAYMENT_FAILURE] [LLM-SIMULATED] Temporary payment failure,retry,0.94,LLM Decision Agent evaluated prompt signals: Failure appears temporary and the customer has not exceeded the retry limit.,ALLOW,All policy checks passed for PAYMENT_FAILURE — action 'retry' authorised.,RECOVERED,RECOVERED,2500.0,Razorpay Sandbox Simulation Success,2,2026-09-05 20:43:15
TEST_FLOW_001,CUST_TEST,CHECKOUT_ABANDONMENT,2500.0,failed,timeout,80,high,[CHECKOUT_ABANDONMENT] [LLM-SIMULATED] Temporary payment failure,reminder,0.94,LLM Decision Agent evaluated prompt signals: Failure appears temporary and the customer has not exceeded the retry limit.,ALLOW,All policy checks passed for CHECKOUT_ABANDONMENT — action 'reminder' authorised.,FOLLOW_UP,FOLLOW_UP,0.0,Recovery reminder dispatched. Conversion tracked on callback.,2,2026-09-05 20:43:15
TEST_FLOW_001,CUST_TEST,CHECKOUT_ABANDONMENT,2500.0,failed,timeout,80,high,[CHECKOUT_ABANDONMENT] [LLM-SIMULATED] Temporary payment failure,reminder,0.94,LLM Decision Agent evaluated prompt signals: Failure appears temporary and the customer has not exceeded the retry limit.,ALLOW,All policy checks passed for CHECKOUT_ABANDONMENT — action 'reminder' authorised.,FOLLOW_UP,FOLLOW_UP,0.0,Recovery reminder dispatched. Conversion tracked on callback.,2,2026-09-05 20:43:15
TEST_FLOW_001,CUST_TEST,FAILED_SUBSCRIPTION,2500.0,failed,timeout,80,high,[FAILED_SUBSCRIPTION] [LLM-SIMULATED] Temporary payment failure,retry,0.94,LLM Decision Agent evaluated prompt signals: Failure appears temporary and the customer has not exceeded the retry limit.,ALLOW,All policy checks passed for FAILED_SUBSCRIPTION — action 'retry' authorised.,RECOVERED,RECOVERED,2500.0,Subscription dunning attempt 1. Razorpay Sandbox Simulation Success,2,2026-09-05 20:43:15
TEST_FLOW_001,CUST_TEST,FAILED_SUBSCRIPTION,2500.0,failed,timeout,80,high,[FAILED_SUBSCRIPTION] [LLM-SIMULATED] Low recovery probability / Ineligible,escalate,0.87,LLM Decision Agent evaluated prompt signals: Subscription already canceled.,BLOCK,"Action 'escalate' is not permitted for FAILED_SUBSCRIPTION. Allowed: ['reminder', 'retry'].",BLOCKED,not_attempted,0.0,"Execution blocked by policy governance: Action 'escalate' is not permitted for FAILED_SUBSCRIPTION. Allowed: ['reminder', 'retry'].",0,2026-09-05 20:43:15
TEST_FLOW_001,CUST_TEST,B2B_RECEIVABLE,2500.0,failed,timeout,80,high,[B2B_RECEIVABLE] [LLM-SIMULATED] Temporary payment failure,reminder,0.94,LLM Decision Agent evaluated prompt signals: Failure appears temporary and the customer has not exceeded the retry limit.,ALLOW,All policy checks passed for B2B_RECEIVABLE — action 'reminder' authorised.,FOLLOW_UP,FOLLOW_UP,0.0,B2B collection outreach dispatched. Invoice overdue 0 days.,2,2026-09-05 20:43:15
TEST_FLOW_001,CUST_TEST,B2B_RECEIVABLE,2500.0,failed,legal_dispute,60,medium,[B2B_RECEIVABLE] [LLM-SIMULATED] Low recovery probability / Ineligible,stop,0.87,LLM Decision Agent evaluated prompt signals: Account under legal dispute. Automated outreach suspended.,BLOCK,"Action 'stop' is not permitted for B2B_RECEIVABLE. Allowed: ['escalate', 'reminder', 'voice_call'].",BLOCKED,not_attempted,0.0,"Execution blocked by policy governance: Action 'stop' is not permitted for B2B_RECEIVABLE. Allowed: ['escalate', 'reminder', 'voice_call'].",0,2026-09-05 20:43:15
TEST_FLOW_001,CUST_TEST,MANDATE_FAILURE,2500.0,failed,timeout,80,high,[MANDATE_FAILURE] [LLM-SIMULATED] Temporary payment failure,schedule_mandate,0.94,LLM Decision Agent evaluated prompt signals: Failure appears temporary and the customer has not exceeded the retry limit.,ALLOW,All policy checks passed for MANDATE_FAILURE — action 'schedule_mandate' authorised.,RECOVERED,RECOVERED,2500.0,Mandate re-presentment attempt 1. Razorpay Sandbox Simulation Success,2,2026-09-05 20:43:15
TEST_FLOW_001,CUST_TEST,PROMISE_TO_PAY,2500.0,failed,timeout,80,high,[PROMISE_TO_PAY] [LLM-SIMULATED] Temporary payment failure,collect_promise,0.94,LLM Decision Agent evaluated prompt signals: Failure appears temporary and the customer has not exceeded the retry limit.,ALLOW,All policy checks passed for PROMISE_TO_PAY — action 'collect_promise' authorised.,RECOVERED,RECOVERED,2500.0,Promise payment collection attempt. Razorpay Sandbox Simulation Success,2,2026-09-05 20:43:15
TEST_FLOW_001,CUST_TEST,PAYMENT_FAILURE,2500.0,failed,timeout,65,medium,[PAYMENT_FAILURE] [LLM-SIMULATED] Retry limit reached,stop,0.95,LLM Decision Agent evaluated prompt signals: Maximum retry attempts have already been reached.,BLOCK,"Action 'stop' is not permitted for PAYMENT_FAILURE. Allowed: ['reminder', 'retry'].",BLOCKED,not_attempted,0.0,"Execution blocked by policy governance: Action 'stop' is not permitted for PAYMENT_FAILURE. Allowed: ['reminder', 'retry'].",0,2026-09-05 20:43:15
TEST_FLOW_001,CUST_TEST,PAYMENT_FAILURE,2500.0,failed,timeout,80,high,[PAYMENT_FAILURE] [LLM-SIMULATED] Temporary payment failure,retry,0.94,LLM Decision Agent evaluated prompt signals: Failure appears temporary and the customer has not exceeded the retry limit.,ALLOW,All policy checks passed for PAYMENT_FAILURE — action 'retry' authorised.,RECOVERED,RECOVERED,2500.0,Razorpay Sandbox Simulation Success,2,2026-09-05 20:43:15
TEST_FLOW_001,CUST_TEST,CHECKOUT_ABANDONMENT,2500.0,failed,timeout,80,high,[CHECKOUT_ABANDONMENT] [LLM-SIMULATED] Temporary payment failure,reminder,0.94,LLM Decision Agent evaluated prompt signals: Failure appears temporary and the customer has not exceeded the retry limit.,ALLOW,All policy checks passed for CHECKOUT_ABANDONMENT — action 'reminder' authorised.,FOLLOW_UP,FOLLOW_UP,0.0,Recovery reminder dispatched. Conversion tracked on callback.,2,2026-09-05 20:43:15
TEST_FLOW_001,CUST_TEST,FAILED_SUBSCRIPTION,2500.0,failed,timeout,80,high,[FAILED_SUBSCRIPTION] [LLM-SIMULATED] Temporary payment failure,retry,0.94,LLM Decision Agent evaluated prompt signals: Failure appears temporary and the customer has not exceeded the retry limit.,ALLOW,All policy checks passed for FAILED_SUBSCRIPTION — action 'retry' authorised.,RECOVERED,RECOVERED,2500.0,Subscription dunning attempt 1. Razorpay Sandbox Simulation Success,2,2026-09-05 20:43:15
TEST_FLOW_001,CUST_TEST,B2B_RECEIVABLE,2500.0,failed,timeout,80,high,[B2B_RECEIVABLE] [LLM-SIMULATED] Temporary payment failure,reminder,0.94,LLM Decision Agent evaluated prompt signals: Failure appears temporary and the customer has not exceeded the retry limit.,ALLOW,All policy checks passed for B2B_RECEIVABLE — action 'reminder' authorised.,FOLLOW_UP,FOLLOW_UP,0.0,B2B collection outreach dispatched. Invoice overdue 0 days.,2,2026-09-05 20:43:15
TEST_FLOW_001,CUST_TEST,MANDATE_FAILURE,2500.0,failed,timeout,80,high,[MANDATE_FAILURE] [LLM-SIMULATED] Temporary payment failure,schedule_mandate,0.94,LLM Decision Agent evaluated prompt signals: Failure appears temporary and the customer has not exceeded the retry limit.,ALLOW,All policy checks passed for MANDATE_FAILURE — action 'schedule_mandate' authorised.,RECOVERED,RECOVERED,2500.0,Mandate re-presentment attempt 1. Razorpay Sandbox Simulation Success,2,2026-09-05 20:43:15
TEST_FLOW_001,CUST_TEST,PROMISE_TO_PAY,2500.0,failed,timeout,80,high,[PROMISE_TO_PAY] [LLM-SIMULATED] Temporary payment failure,collect_promise,0.94,LLM Decision Agent evaluated prompt signals: Failure appears temporary and the customer has not exceeded the retry limit.,ALLOW,All policy checks passed for PROMISE_TO_PAY — action 'collect_promise' authorised.,RECOVERED,RECOVERED,2500.0,Promise payment collection attempt. Razorpay Sandbox Simulation Success,2,2026-09-05 20:43:15
TEST_FLOW_001,CUST_TEST,PAYMENT_FAILURE,2500.0,failed,timeout,80,high,[PAYMENT_FAILURE] [LLM-SIMULATED] Temporary payment failure,retry,0.94,LLM Decision Agent evaluated prompt signals: Failure appears temporary and the customer has not exceeded the retry limit.,ALLOW,All policy checks passed for PAYMENT_FAILURE — action 'retry' authorised.,RECOVERED,RECOVERED,2500.0,Razorpay Sandbox Simulation Success,2,2026-09-05 20:43:15
TEST_FLOW_001,CUST_TEST,PAYMENT_FAILURE,2500.0,failed,timeout,80,high,[PAYMENT_FAILURE] [LLM-SIMULATED] Temporary payment failure,retry,0.94,LLM Decision Agent evaluated prompt signals: Failure appears temporary and the customer has not exceeded the retry limit.,ALLOW,All policy checks passed for PAYMENT_FAILURE — action 'retry' authorised.,RECOVERED,RECOVERED,2500.0,Razorpay Sandbox Simulation Success,2,2026-09-05 20:43:15
TEST_FLOW_001,CUST_TEST,PAYMENT_FAILURE,6000.0,failed,timeout,80,high,[PAYMENT_FAILURE] [LLM-SIMULATED] Temporary payment failure,retry,0.94,LLM Decision Agent evaluated prompt signals: Failure appears temporary and the customer has not exceeded the retry limit.,ALLOW,All policy checks passed for PAYMENT_FAILURE — action 'retry' authorised.,RECOVERED,RECOVERED,6000.0,Razorpay Sandbox Simulation Success,2,2026-09-05 20:43:15
TX_TEST_API,CUST101,,1999.0,failed,timeout,60,medium,Temporary payment failure,retry,0.92,Failure appears temporary and the customer has not exceeded the retry limit.,ALLOW,Transaction passed all recovery policy checks.,SIMULATED,RECOVERED,1999.0,Payment retry succeeded in Test Mode simulation.,0,2026-09-05 20:44:21
TX_EXEC_API,CUST104,PAYMENT_FAILURE,1999.0,failed,timeout,55,medium,[LLM-SIMULATED] Temporary payment failure,retry,0.94,LLM Decision Agent evaluated prompt signals: Failure appears temporary and the customer has not exceeded the retry limit.,ALLOW,Transaction passed all recovery policy checks.,SIMULATED,RECOVERED,1999.0,Razorpay Sandbox Simulation Success,2,2026-09-05 20:44:21
TX_ONLY_A,C01,,1000.0,failed,timeout,40,medium,Temporary failure,retry,0.92,Customer history good,ALLOW,Passed checks,SIMULATED,RECOVERED,1000.0,Retry succeeded,0,2026-09-05 20:44:21
TX_A,C01,,1000.0,failed,timeout,40,medium,Temporary failure,retry,0.92,Customer history good,ALLOW,Passed checks,SIMULATED,RECOVERED,1000.0,Retry succeeded,0,2026-09-05 20:44:21
TX_B,C01,,1000.0,failed,timeout,40,medium,Temporary failure,retry,0.92,Customer history good,ALLOW,Passed checks,SIMULATED,RECOVERED,1000.0,Retry succeeded,0,2026-09-05 20:44:21
TX01,C01,PAYMENT_FAILURE,1000.0,failed,timeout,40,medium,Temporary failure,retry,0.92,Customer history good,ALLOW,Passed checks,SIMULATED,RECOVERED,1000.0,Retry succeeded,2,2026-09-05 20:44:21
TEST_001,cust_123,PAYMENT_FAILURE,100.0,failed,payment_failed,45,medium,[PAYMENT_FAILURE] [LLM-SIMULATED] Low recovery probability,stop,0.78,LLM Decision Agent evaluated prompt signals: Available evidence does not justify another recovery attempt.,BLOCK,"Action 'stop' is not permitted for PAYMENT_FAILURE. Allowed: ['reminder', 'retry'].",BLOCKED,not_attempted,0.0,"Execution blocked by policy governance: Action 'stop' is not permitted for PAYMENT_FAILURE. Allowed: ['reminder', 'retry'].",0,2026-09-05 20:44:21
TEST_001,cust_123,CHECKOUT_ABANDONMENT,100.0,failed,payment_failed,45,medium,[CHECKOUT_ABANDONMENT] [LLM-SIMULATED] Low recovery probability,reminder,0.78,LLM Decision Agent evaluated prompt signals: Available evidence does not justify another recovery attempt.,ALLOW,All policy checks passed for CHECKOUT_ABANDONMENT — action 'reminder' authorised.,FOLLOW_UP,FOLLOW_UP,0.0,Recovery reminder dispatched. Conversion tracked on callback.,0,2026-09-05 20:44:21
TEST_001,cust_123,FAILED_SUBSCRIPTION,100.0,failed,payment_failed,45,medium,[FAILED_SUBSCRIPTION] [LLM-SIMULATED] Low recovery probability,stop,0.78,LLM Decision Agent evaluated prompt signals: Available evidence does not justify another recovery attempt.,BLOCK,"Action 'stop' is not permitted for FAILED_SUBSCRIPTION. Allowed: ['reminder', 'retry'].",BLOCKED,not_attempted,0.0,"Execution blocked by policy governance: Action 'stop' is not permitted for FAILED_SUBSCRIPTION. Allowed: ['reminder', 'retry'].",0,2026-09-05 20:44:21
TEST_001,cust_123,B2B_RECEIVABLE,100.0,failed,payment_failed,45,medium,[B2B_RECEIVABLE] [LLM-SIMULATED] Low recovery probability,reminder,0.78,LLM Decision Agent evaluated prompt signals: Available evidence does not justify another recovery attempt.,ALLOW,All policy checks passed for B2B_RECEIVABLE — action 'reminder' authorised.,FOLLOW_UP,FOLLOW_UP,0.0,B2B collection outreach dispatched. Invoice overdue 0 days.,0,2026-09-05 20:44:21
TEST_001,cust_123,MANDATE_FAILURE,100.0,failed,payment_failed,45,medium,[MANDATE_FAILURE] [LLM-SIMULATED] Low recovery probability,schedule_mandate,0.78,LLM Decision Agent evaluated prompt signals: Available evidence does not justify another recovery attempt.,ALLOW,All policy checks passed for MANDATE_FAILURE — action 'schedule_mandate' authorised.,RECOVERED,RECOVERED,100.0,Mandate re-presentment attempt 1. Razorpay Sandbox Simulation Success,0,2026-09-05 20:44:21
TEST_001,cust_123,PROMISE_TO_PAY,100.0,failed,payment_failed,45,medium,[PROMISE_TO_PAY] [LLM-SIMULATED] Low recovery probability,collect_promise,0.78,LLM Decision Agent evaluated prompt signals: Available evidence does not justify another recovery attempt.,ALLOW,All policy checks passed for PROMISE_TO_PAY — action 'collect_promise' authorised.,RECOVERED,RECOVERED,100.0,Promise payment collection attempt. Razorpay Sandbox Simulation Success,0,2026-09-05 20:44:21
TX_ORCH_01,C01,PAYMENT_FAILURE,1999.0,failed,timeout,55,medium,[LLM-SIMULATED] Temporary payment failure,retry,0.94,LLM Decision Agent evaluated prompt signals: Failure appears temporary and the customer has not exceeded the retry limit.,ALLOW,Transaction passed all recovery policy checks.,SIMULATED,RECOVERED,1999.0,Razorpay Sandbox Simulation Success,2,2026-09-05 20:44:22
TX_ORCH_02,C02,PAYMENT_FAILURE,50000.0,failed,timeout,70,high,[LLM-SIMULATED] Temporary payment failure,retry,0.94,LLM Decision Agent evaluated prompt signals: Failure appears temporary and the customer has not exceeded the retry limit.,BLOCK,"Amount ₹50,000.00 exceeds the ₹10,000.00 recovery limit.",BLOCKED,not_attempted,0.0,"Recovery blocked by policy governance: Amount ₹50,000.00 exceeds the ₹10,000.00 recovery limit.",0,2026-09-05 20:44:22
TX_SUCCESS,C01,,1000.0,success,unknown,5,low,Payment already successful,stop,0.99,No recovery is required.,BLOCK,Payment is already successful.,BLOCKED,not_attempted,0.0,Recovery action blocked by policy governance.,0,2026-09-05 20:44:22
TX_TIMEOUT,C02,,1999.0,failed,timeout,60,medium,Temporary payment failure,retry,0.92,Failure appears temporary and the customer has not exceeded the retry limit.,ALLOW,Transaction passed all recovery policy checks.,SIMULATED,RECOVERED,1999.0,Payment retry succeeded in Test Mode simulation.,0,2026-09-05 20:44:22
TX_BANK,C03,,1999.0,failed,bank_declined,65,medium,Recoverable bank decline,retry,0.79,Customer has a strong successful payment history.,ALLOW,Transaction passed all recovery policy checks.,SIMULATED,RECOVERED,1999.0,Payment retry succeeded in Test Mode simulation.,0,2026-09-05 20:44:22
TX_FUNDS,C04,,1999.0,failed,insufficient_funds,35,low,Insufficient funds,escalate,0.91,Immediate repeated retries could create unnecessary payment attempts.,BLOCK,Action 'escalate' is not executable by the recovery policy.,BLOCKED,not_attempted,0.0,Recovery action blocked by policy governance.,0,2026-09-05 20:44:22
TX_MAX_RETRY,C05,,1999.0,failed,timeout,45,medium,Retry limit reached,stop,0.97,Maximum retry attempts have already been reached.,BLOCK,Action 'stop' is not executable by the recovery policy.,BLOCKED,not_attempted,0.0,Recovery action blocked by policy governance.,0,2026-09-05 20:44:22
TX_HIGH_AMT,C06,,50000.0,failed,timeout,70,high,Temporary payment failure,retry,0.92,Failure appears temporary and the customer has not exceeded the retry limit.,BLOCK,"Amount ₹50,000.00 exceeds the ₹10,000.00 recovery limit.",BLOCKED,not_attempted,0.0,Recovery action blocked by policy governance.,0,2026-09-05 20:44:22
TX_ABANDONED,C07,,499.0,abandoned,unknown,30,low,Checkout abandonment,reminder,0.88,Recent abandoned checkout with potential purchase intent.,ALLOW,Transaction passed all recovery policy checks.,SIMULATED,FOLLOW_UP,0.0,Recovery reminder scheduled in Test Mode simulation.,0,2026-09-05 20:44:22
UNKNOWN,UNKNOWN,,0.0,failed,unknown,35,low,Low recovery probability / Ineligible,stop,0.85,Payment failure reason 'unknown' is not eligible for recovery.,BLOCK,Action 'stop' is not executable by the recovery policy.,BLOCKED,not_attempted,0.0,Recovery action blocked by policy governance.,0,2026-09-05 20:44:22
TEST_FLOW_001,CUST_TEST,PAYMENT_FAILURE,2500.0,failed,timeout,80,high,[PAYMENT_FAILURE] [LLM-SIMULATED] Temporary payment failure,retry,0.94,LLM Decision Agent evaluated prompt signals: Failure appears temporary and the customer has not exceeded the retry limit.,ALLOW,All policy checks passed for PAYMENT_FAILURE — action 'retry' authorised.,RECOVERED,RECOVERED,2500.0,Razorpay Sandbox Simulation Success,2,2026-09-05 20:44:22
TEST_FLOW_001,CUST_TEST,PAYMENT_FAILURE,5000.0,failed,timeout,80,high,[PAYMENT_FAILURE] [LLM-SIMULATED] Temporary payment failure,retry,0.94,LLM Decision Agent evaluated prompt signals: Failure appears temporary and the customer has not exceeded the retry limit.,ALLOW,All policy checks passed for PAYMENT_FAILURE — action 'retry' authorised.,RECOVERED,RECOVERED,5000.0,Razorpay Sandbox Simulation Success,2,2026-09-05 20:44:22
TEST_FLOW_001,CUST_TEST,PAYMENT_FAILURE,2500.0,failed,timeout,80,high,[PAYMENT_FAILURE] [LLM-SIMULATED] Temporary payment failure,retry,0.94,LLM Decision Agent evaluated prompt signals: Failure appears temporary and the customer has not exceeded the retry limit.,ALLOW,All policy checks passed for PAYMENT_FAILURE — action 'retry' authorised.,RECOVERED,RECOVERED,2500.0,Razorpay Sandbox Simulation Success,2,2026-09-05 20:44:22
TEST_FLOW_001,CUST_TEST,PAYMENT_FAILURE,2500.0,failed,timeout,80,high,[PAYMENT_FAILURE] [LLM-SIMULATED] Temporary payment failure,retry,0.94,LLM Decision Agent evaluated prompt signals: Failure appears temporary and the customer has not exceeded the retry limit.,ALLOW,All policy checks passed for PAYMENT_FAILURE — action 'retry' authorised.,RECOVERED,RECOVERED,2500.0,Razorpay Sandbox Simulation Success,2,2026-09-05 20:44:22
TEST_FLOW_001,CUST_TEST,PAYMENT_FAILURE,2500.0,failed,timeout,80,high,[PAYMENT_FAILURE] [LLM-SIMULATED] Temporary payment failure,retry,0.94,LLM Decision Agent evaluated prompt signals: Failure appears temporary and the customer has not exceeded the retry limit.,ALLOW,All policy checks passed for PAYMENT_FAILURE — action 'retry' authorised.,RECOVERED,RECOVERED,2500.0,Razorpay Sandbox Simulation Success,2,2026-09-05 20:44:22
TEST_FLOW_001,CUST_TEST,PAYMENT_FAILURE,2500.0,failed,timeout,80,high,[PAYMENT_FAILURE] [LLM-SIMULATED] Temporary payment failure,retry,0.94,LLM Decision Agent evaluated prompt signals: Failure appears temporary and the customer has not exceeded the retry limit.,ALLOW,All policy checks passed for PAYMENT_FAILURE — action 'retry' authorised.,RECOVERED,RECOVERED,2500.0,Razorpay Sandbox Simulation Success,2,2026-09-05 20:44:22
TEST_FLOW_001,CUST_TEST,PAYMENT_FAILURE,2500.0,failed,timeout,80,high,[PAYMENT_FAILURE] [LLM-SIMULATED] Temporary payment failure,retry,0.94,LLM Decision Agent evaluated prompt signals: Failure appears temporary and the customer has not exceeded the retry limit.,ALLOW,All policy checks passed for PAYMENT_FAILURE — action 'retry' authorised.,RECOVERED,RECOVERED,2500.0,Razorpay Sandbox Simulation Success,2,2026-09-05 20:44:22
TEST_FLOW_001,CUST_TEST,PAYMENT_FAILURE,2500.0,failed,timeout,80,high,[PAYMENT_FAILURE] [LLM-SIMULATED] Temporary payment failure,retry,0.94,LLM Decision Agent evaluated prompt signals: Failure appears temporary and the customer has not exceeded the retry limit.,ALLOW,All policy checks passed for PAYMENT_FAILURE — action 'retry' authorised.,RECOVERED,RECOVERED,2500.0,Razorpay Sandbox Simulation Success,2,2026-09-05 20:44:22
TEST_FLOW_001,CUST_TEST,CHECKOUT_ABANDONMENT,2500.0,failed,timeout,80,high,[CHECKOUT_ABANDONMENT] [LLM-SIMULATED] Temporary payment failure,reminder,0.94,LLM Decision Agent evaluated prompt signals: Failure appears temporary and the customer has not exceeded the retry limit.,ALLOW,All policy checks passed for CHECKOUT_ABANDONMENT — action 'reminder' authorised.,FOLLOW_UP,FOLLOW_UP,0.0,Recovery reminder dispatched. Conversion tracked on callback.,2,2026-09-05 20:44:22
TEST_FLOW_001,CUST_TEST,CHECKOUT_ABANDONMENT,2500.0,failed,timeout,80,high,[CHECKOUT_ABANDONMENT] [LLM-SIMULATED] Temporary payment failure,reminder,0.94,LLM Decision Agent evaluated prompt signals: Failure appears temporary and the customer has not exceeded the retry limit.,ALLOW,All policy checks passed for CHECKOUT_ABANDONMENT — action 'reminder' authorised.,FOLLOW_UP,FOLLOW_UP,0.0,Recovery reminder dispatched. Conversion tracked on callback.,2,2026-09-05 20:44:22
TEST_FLOW_001,CUST_TEST,FAILED_SUBSCRIPTION,2500.0,failed,timeout,80,high,[FAILED_SUBSCRIPTION] [LLM-SIMULATED] Temporary payment failure,retry,0.94,LLM Decision Agent evaluated prompt signals: Failure appears temporary and the customer has not exceeded the retry limit.,ALLOW,All policy checks passed for FAILED_SUBSCRIPTION — action 'retry' authorised.,RECOVERED,RECOVERED,2500.0,Subscription dunning attempt 1. Razorpay Sandbox Simulation Success,2,2026-09-05 20:44:22
TEST_FLOW_001,CUST_TEST,FAILED_SUBSCRIPTION,2500.0,failed,timeout,80,high,[FAILED_SUBSCRIPTION] [LLM-SIMULATED] Low recovery probability / Ineligible,escalate,0.87,LLM Decision Agent evaluated prompt signals: Subscription already canceled.,BLOCK,"Action 'escalate' is not permitted for FAILED_SUBSCRIPTION. Allowed: ['reminder', 'retry'].",BLOCKED,not_attempted,0.0,"Execution blocked by policy governance: Action 'escalate' is not permitted for FAILED_SUBSCRIPTION. Allowed: ['reminder', 'retry'].",0,2026-09-05 20:44:22
TEST_FLOW_001,CUST_TEST,B2B_RECEIVABLE,2500.0,failed,timeout,80,high,[B2B_RECEIVABLE] [LLM-SIMULATED] Temporary payment failure,reminder,0.94,LLM Decision Agent evaluated prompt signals: Failure appears temporary and the customer has not exceeded the retry limit.,ALLOW,All policy checks passed for B2B_RECEIVABLE — action 'reminder' authorised.,FOLLOW_UP,FOLLOW_UP,0.0,B2B collection outreach dispatched. Invoice overdue 0 days.,2,2026-09-05 20:44:22
TEST_FLOW_001,CUST_TEST,B2B_RECEIVABLE,2500.0,failed,legal_dispute,60,medium,[B2B_RECEIVABLE] [LLM-SIMULATED] Low recovery probability / Ineligible,stop,0.87,LLM Decision Agent evaluated prompt signals: Account under legal dispute. Automated outreach suspended.,BLOCK,"Action 'stop' is not permitted for B2B_RECEIVABLE. Allowed: ['escalate', 'reminder', 'voice_call'].",BLOCKED,not_attempted,0.0,"Execution blocked by policy governance: Action 'stop' is not permitted for B2B_RECEIVABLE. Allowed: ['escalate', 'reminder', 'voice_call'].",0,2026-09-05 20:44:22
TEST_FLOW_001,CUST_TEST,MANDATE_FAILURE,2500.0,failed,timeout,80,high,[MANDATE_FAILURE] [LLM-SIMULATED] Temporary payment failure,schedule_mandate,0.94,LLM Decision Agent evaluated prompt signals: Failure appears temporary and the customer has not exceeded the retry limit.,ALLOW,All policy checks passed for MANDATE_FAILURE — action 'schedule_mandate' authorised.,RECOVERED,RECOVERED,2500.0,Mandate re-presentment attempt 1. Razorpay Sandbox Simulation Success,2,2026-09-05 20:44:22
TEST_FLOW_001,CUST_TEST,PROMISE_TO_PAY,2500.0,failed,timeout,80,high,[PROMISE_TO_PAY] [LLM-SIMULATED] Temporary payment failure,collect_promise,0.94,LLM Decision Agent evaluated prompt signals: Failure appears temporary and the customer has not exceeded the retry limit.,ALLOW,All policy checks passed for PROMISE_TO_PAY — action 'collect_promise' authorised.,RECOVERED,RECOVERED,2500.0,Promise payment collection attempt. Razorpay Sandbox Simulation Success,2,2026-09-05 20:44:22
TEST_FLOW_001,CUST_TEST,PAYMENT_FAILURE,2500.0,failed,timeout,65,medium,[PAYMENT_FAILURE] [LLM-SIMULATED] Retry limit reached,stop,0.95,LLM Decision Agent evaluated prompt signals: Maximum retry attempts have already been reached.,BLOCK,"Action 'stop' is not permitted for PAYMENT_FAILURE. Allowed: ['reminder', 'retry'].",BLOCKED,not_attempted,0.0,"Execution blocked by policy governance: Action 'stop' is not permitted for PAYMENT_FAILURE. Allowed: ['reminder', 'retry'].",0,2026-09-05 20:44:22
TEST_FLOW_001,CUST_TEST,PAYMENT_FAILURE,2500.0,failed,timeout,80,high,[PAYMENT_FAILURE] [LLM-SIMULATED] Temporary payment failure,retry,0.94,LLM Decision Agent evaluated prompt signals: Failure appears temporary and the customer has not exceeded the retry limit.,ALLOW,All policy checks passed for PAYMENT_FAILURE — action 'retry' authorised.,RECOVERED,RECOVERED,2500.0,Razorpay Sandbox Simulation Success,2,2026-09-05 20:44:22
TEST_FLOW_001,CUST_TEST,CHECKOUT_ABANDONMENT,2500.0,failed,timeout,80,high,[CHECKOUT_ABANDONMENT] [LLM-SIMULATED] Temporary payment failure,reminder,0.94,LLM Decision Agent evaluated prompt signals: Failure appears temporary and the customer has not exceeded the retry limit.,ALLOW,All policy checks passed for CHECKOUT_ABANDONMENT — action 'reminder' authorised.,FOLLOW_UP,FOLLOW_UP,0.0,Recovery reminder dispatched. Conversion tracked on callback.,2,2026-09-05 20:44:22
TEST_FLOW_001,CUST_TEST,FAILED_SUBSCRIPTION,2500.0,failed,timeout,80,high,[FAILED_SUBSCRIPTION] [LLM-SIMULATED] Temporary payment failure,retry,0.94,LLM Decision Agent evaluated prompt signals: Failure appears temporary and the customer has not exceeded the retry limit.,ALLOW,All policy checks passed for FAILED_SUBSCRIPTION — action 'retry' authorised.,RECOVERED,RECOVERED,2500.0,Subscription dunning attempt 1. Razorpay Sandbox Simulation Success,2,2026-09-05 20:44:22
TEST_FLOW_001,CUST_TEST,B2B_RECEIVABLE,2500.0,failed,timeout,80,high,[B2B_RECEIVABLE] [LLM-SIMULATED] Temporary payment failure,reminder,0.94,LLM Decision Agent evaluated prompt signals: Failure appears temporary and the customer has not exceeded the retry limit.,ALLOW,All policy checks passed for B2B_RECEIVABLE — action 'reminder' authorised.,FOLLOW_UP,FOLLOW_UP,0.0,B2B collection outreach dispatched. Invoice overdue 0 days.,2,2026-09-05 20:44:22
TEST_FLOW_001,CUST_TEST,MANDATE_FAILURE,2500.0,failed,timeout,80,high,[MANDATE_FAILURE] [LLM-SIMULATED] Temporary payment failure,schedule_mandate,0.94,LLM Decision Agent evaluated prompt signals: Failure appears temporary and the customer has not exceeded the retry limit.,ALLOW,All policy checks passed for MANDATE_FAILURE — action 'schedule_mandate' authorised.,RECOVERED,RECOVERED,2500.0,Mandate re-presentment attempt 1. Razorpay Sandbox Simulation Success,2,2026-09-05 20:44:22
TEST_FLOW_001,CUST_TEST,PROMISE_TO_PAY,2500.0,failed,timeout,80,high,[PROMISE_TO_PAY] [LLM-SIMULATED] Temporary payment failure,collect_promise,0.94,LLM Decision Agent evaluated prompt signals: Failure appears temporary and the customer has not exceeded the retry limit.,ALLOW,All policy checks passed for PROMISE_TO_PAY — action 'collect_promise' authorised.,RECOVERED,RECOVERED,2500.0,Promise payment collection attempt. Razorpay Sandbox Simulation Success,2,2026-09-05 20:44:22
TEST_FLOW_001,CUST_TEST,PAYMENT_FAILURE,2500.0,failed,timeout,80,high,[PAYMENT_FAILURE] [LLM-SIMULATED] Temporary payment failure,retry,0.94,LLM Decision Agent evaluated prompt signals: Failure appears temporary and the customer has not exceeded the retry limit.,ALLOW,All policy checks passed for PAYMENT_FAILURE — action 'retry' authorised.,RECOVERED,RECOVERED,2500.0,Razorpay Sandbox Simulation Success,2,2026-09-05 20:44:22
TEST_FLOW_001,CUST_TEST,PAYMENT_FAILURE,2500.0,failed,timeout,80,high,[PAYMENT_FAILURE] [LLM-SIMULATED] Temporary payment failure,retry,0.94,LLM Decision Agent evaluated prompt signals: Failure appears temporary and the customer has not exceeded the retry limit.,ALLOW,All policy checks passed for PAYMENT_FAILURE — action 'retry' authorised.,RECOVERED,RECOVERED,2500.0,Razorpay Sandbox Simulation Success,2,2026-09-05 20:44:22
TEST_FLOW_001,CUST_TEST,PAYMENT_FAILURE,6000.0,failed,timeout,80,high,[PAYMENT_FAILURE] [LLM-SIMULATED] Temporary payment failure,retry,0.94,LLM Decision Agent evaluated prompt signals: Failure appears temporary and the customer has not exceeded the retry limit.,ALLOW,All policy checks passed for PAYMENT_FAILURE — action 'retry' authorised.,RECOVERED,RECOVERED,6000.0,Razorpay Sandbox Simulation Success,2,2026-09-05 20:44:22
TEST_FLOW_001,CUST_TEST,PAYMENT_FAILURE,2500.0,failed,timeout,80,high,[PAYMENT_FAILURE] [LLM-SIMULATED] Temporary payment failure,retry,0.94,LLM Decision Agent evaluated prompt signals: Failure appears temporary and the customer has not exceeded the retry limit.,ALLOW,All policy checks passed for PAYMENT_FAILURE — action 'retry' authorised.,RECOVERED,RECOVERED,2500.0,Razorpay Sandbox Simulation Success,2,2026-09-05 20:44:56
TEST_FLOW_001,CUST_TEST,PAYMENT_FAILURE,5000.0,failed,timeout,80,high,[PAYMENT_FAILURE] [LLM-SIMULATED] Temporary payment failure,retry,0.94,LLM Decision Agent evaluated prompt signals: Failure appears temporary and the customer has not exceeded the retry limit.,ALLOW,All policy checks passed for PAYMENT_FAILURE — action 'retry' authorised.,RECOVERED,RECOVERED,5000.0,Razorpay Sandbox Simulation Success,2,2026-09-05 20:44:56
TEST_FLOW_001,CUST_TEST,PAYMENT_FAILURE,2500.0,failed,timeout,80,high,[PAYMENT_FAILURE] [LLM-SIMULATED] Temporary payment failure,retry,0.94,LLM Decision Agent evaluated prompt signals: Failure appears temporary and the customer has not exceeded the retry limit.,ALLOW,All policy checks passed for PAYMENT_FAILURE — action 'retry' authorised.,RECOVERED,RECOVERED,2500.0,Razorpay Sandbox Simulation Success,2,2026-09-05 20:44:56
TEST_FLOW_001,CUST_TEST,PAYMENT_FAILURE,2500.0,failed,timeout,80,high,[PAYMENT_FAILURE] [LLM-SIMULATED] Temporary payment failure,retry,0.94,LLM Decision Agent evaluated prompt signals: Failure appears temporary and the customer has not exceeded the retry limit.,ALLOW,All policy checks passed for PAYMENT_FAILURE — action 'retry' authorised.,RECOVERED,RECOVERED,2500.0,Razorpay Sandbox Simulation Success,2,2026-09-05 20:44:56
TEST_FLOW_001,CUST_TEST,PAYMENT_FAILURE,2500.0,failed,timeout,80,high,[PAYMENT_FAILURE] [LLM-SIMULATED] Temporary payment failure,retry,0.94,LLM Decision Agent evaluated prompt signals: Failure appears temporary and the customer has not exceeded the retry limit.,ALLOW,All policy checks passed for PAYMENT_FAILURE — action 'retry' authorised.,RECOVERED,RECOVERED,2500.0,Razorpay Sandbox Simulation Success,2,2026-09-05 20:44:56
TEST_FLOW_001,CUST_TEST,PAYMENT_FAILURE,2500.0,failed,timeout,80,high,[PAYMENT_FAILURE] [LLM-SIMULATED] Temporary payment failure,retry,0.94,LLM Decision Agent evaluated prompt signals: Failure appears temporary and the customer has not exceeded the retry limit.,ALLOW,All policy checks passed for PAYMENT_FAILURE — action 'retry' authorised.,RECOVERED,RECOVERED,2500.0,Razorpay Sandbox Simulation Success,2,2026-09-05 20:44:56
TEST_FLOW_001,CUST_TEST,PAYMENT_FAILURE,2500.0,failed,timeout,80,high,[PAYMENT_FAILURE] [LLM-SIMULATED] Temporary payment failure,retry,0.94,LLM Decision Agent evaluated prompt signals: Failure appears temporary and the customer has not exceeded the retry limit.,ALLOW,All policy checks passed for PAYMENT_FAILURE — action 'retry' authorised.,RECOVERED,RECOVERED,2500.0,Razorpay Sandbox Simulation Success,2,2026-09-05 20:44:56
TEST_FLOW_001,CUST_TEST,PAYMENT_FAILURE,2500.0,failed,timeout,80,high,[PAYMENT_FAILURE] [LLM-SIMULATED] Temporary payment failure,retry,0.94,LLM Decision Agent evaluated prompt signals: Failure appears temporary and the customer has not exceeded the retry limit.,ALLOW,All policy checks passed for PAYMENT_FAILURE — action 'retry' authorised.,RECOVERED,RECOVERED,2500.0,Razorpay Sandbox Simulation Success,2,2026-09-05 20:44:56
TEST_FLOW_001,CUST_TEST,CHECKOUT_ABANDONMENT,2500.0,failed,timeout,80,high,[CHECKOUT_ABANDONMENT] [LLM-SIMULATED] Temporary payment failure,reminder,0.94,LLM Decision Agent evaluated prompt signals: Failure appears temporary and the customer has not exceeded the retry limit.,ALLOW,All policy checks passed for CHECKOUT_ABANDONMENT — action 'reminder' authorised.,FOLLOW_UP,FOLLOW_UP,0.0,Recovery reminder dispatched. Conversion tracked on callback.,2,2026-09-05 20:44:56
TEST_FLOW_001,CUST_TEST,CHECKOUT_ABANDONMENT,2500.0,failed,timeout,80,high,[CHECKOUT_ABANDONMENT] [LLM-SIMULATED] Temporary payment failure,reminder,0.94,LLM Decision Agent evaluated prompt signals: Failure appears temporary and the customer has not exceeded the retry limit.,ALLOW,All policy checks passed for CHECKOUT_ABANDONMENT — action 'reminder' authorised.,FOLLOW_UP,FOLLOW_UP,0.0,Recovery reminder dispatched. Conversion tracked on callback.,2,2026-09-05 20:44:56
TEST_FLOW_001,CUST_TEST,FAILED_SUBSCRIPTION,2500.0,failed,timeout,80,high,[FAILED_SUBSCRIPTION] [LLM-SIMULATED] Temporary payment failure,retry,0.94,LLM Decision Agent evaluated prompt signals: Failure appears temporary and the customer has not exceeded the retry limit.,ALLOW,All policy checks passed for FAILED_SUBSCRIPTION — action 'retry' authorised.,RECOVERED,RECOVERED,2500.0,Subscription dunning attempt 1. Razorpay Sandbox Simulation Success,2,2026-09-05 20:44:56
TEST_FLOW_001,CUST_TEST,FAILED_SUBSCRIPTION,2500.0,failed,timeout,80,high,[FAILED_SUBSCRIPTION] [LLM-SIMULATED] Low recovery probability / Ineligible,escalate,0.87,LLM Decision Agent evaluated prompt signals: Subscription already canceled.,BLOCK,"Action 'escalate' is not permitted for FAILED_SUBSCRIPTION. Allowed: ['reminder', 'retry'].",BLOCKED,not_attempted,0.0,"Execution blocked by policy governance: Action 'escalate' is not permitted for FAILED_SUBSCRIPTION. Allowed: ['reminder', 'retry'].",0,2026-09-05 20:44:56
TEST_FLOW_001,CUST_TEST,B2B_RECEIVABLE,2500.0,failed,timeout,80,high,[B2B_RECEIVABLE] [LLM-SIMULATED] Temporary payment failure,reminder,0.94,LLM Decision Agent evaluated prompt signals: Failure appears temporary and the customer has not exceeded the retry limit.,ALLOW,All policy checks passed for B2B_RECEIVABLE — action 'reminder' authorised.,FOLLOW_UP,FOLLOW_UP,0.0,B2B collection outreach dispatched. Invoice overdue 0 days.,2,2026-09-05 20:44:56
TEST_FLOW_001,CUST_TEST,B2B_RECEIVABLE,2500.0,failed,legal_dispute,60,medium,[B2B_RECEIVABLE] [LLM-SIMULATED] Low recovery probability / Ineligible,stop,0.87,LLM Decision Agent evaluated prompt signals: Account under legal dispute. Automated outreach suspended.,BLOCK,"Action 'stop' is not permitted for B2B_RECEIVABLE. Allowed: ['escalate', 'reminder', 'voice_call'].",BLOCKED,not_attempted,0.0,"Execution blocked by policy governance: Action 'stop' is not permitted for B2B_RECEIVABLE. Allowed: ['escalate', 'reminder', 'voice_call'].",0,2026-09-05 20:44:56
TEST_FLOW_001,CUST_TEST,MANDATE_FAILURE,2500.0,failed,timeout,80,high,[MANDATE_FAILURE] [LLM-SIMULATED] Temporary payment failure,schedule_mandate,0.94,LLM Decision Agent evaluated prompt signals: Failure appears temporary and the customer has not exceeded the retry limit.,ALLOW,All policy checks passed for MANDATE_FAILURE — action 'schedule_mandate' authorised.,RECOVERED,RECOVERED,2500.0,Mandate re-presentment attempt 1. Razorpay Sandbox Simulation Success,2,2026-09-05 20:44:56
TEST_FLOW_001,CUST_TEST,PROMISE_TO_PAY,2500.0,failed,timeout,80,high,[PROMISE_TO_PAY] [LLM-SIMULATED] Temporary payment failure,collect_promise,0.94,LLM Decision Agent evaluated prompt signals: Failure appears temporary and the customer has not exceeded the retry limit.,ALLOW,All policy checks passed for PROMISE_TO_PAY — action 'collect_promise' authorised.,RECOVERED,RECOVERED,2500.0,Promise payment collection attempt. Razorpay Sandbox Simulation Success,2,2026-09-05 20:44:56
TEST_FLOW_001,CUST_TEST,PAYMENT_FAILURE,2500.0,failed,timeout,65,medium,[PAYMENT_FAILURE] [LLM-SIMULATED] Retry limit reached,stop,0.95,LLM Decision Agent evaluated prompt signals: Maximum retry attempts have already been reached.,BLOCK,"Action 'stop' is not permitted for PAYMENT_FAILURE. Allowed: ['reminder', 'retry'].",BLOCKED,not_attempted,0.0,"Execution blocked by policy governance: Action 'stop' is not permitted for PAYMENT_FAILURE. Allowed: ['reminder', 'retry'].",0,2026-09-05 20:44:57
TEST_FLOW_001,CUST_TEST,PAYMENT_FAILURE,2500.0,failed,timeout,80,high,[PAYMENT_FAILURE] [LLM-SIMULATED] Temporary payment failure,retry,0.94,LLM Decision Agent evaluated prompt signals: Failure appears temporary and the customer has not exceeded the retry limit.,ALLOW,All policy checks passed for PAYMENT_FAILURE — action 'retry' authorised.,RECOVERED,RECOVERED,2500.0,Razorpay Sandbox Simulation Success,2,2026-09-05 20:44:57
TEST_FLOW_001,CUST_TEST,CHECKOUT_ABANDONMENT,2500.0,failed,timeout,80,high,[CHECKOUT_ABANDONMENT] [LLM-SIMULATED] Temporary payment failure,reminder,0.94,LLM Decision Agent evaluated prompt signals: Failure appears temporary and the customer has not exceeded the retry limit.,ALLOW,All policy checks passed for CHECKOUT_ABANDONMENT — action 'reminder' authorised.,FOLLOW_UP,FOLLOW_UP,0.0,Recovery reminder dispatched. Conversion tracked on callback.,2,2026-09-05 20:44:57
TEST_FLOW_001,CUST_TEST,FAILED_SUBSCRIPTION,2500.0,failed,timeout,80,high,[FAILED_SUBSCRIPTION] [LLM-SIMULATED] Temporary payment failure,retry,0.94,LLM Decision Agent evaluated prompt signals: Failure appears temporary and the customer has not exceeded the retry limit.,ALLOW,All policy checks passed for FAILED_SUBSCRIPTION — action 'retry' authorised.,RECOVERED,RECOVERED,2500.0,Subscription dunning attempt 1. Razorpay Sandbox Simulation Success,2,2026-09-05 20:44:57
TEST_FLOW_001,CUST_TEST,B2B_RECEIVABLE,2500.0,failed,timeout,80,high,[B2B_RECEIVABLE] [LLM-SIMULATED] Temporary payment failure,reminder,0.94,LLM Decision Agent evaluated prompt signals: Failure appears temporary and the customer has not exceeded the retry limit.,ALLOW,All policy checks passed for B2B_RECEIVABLE — action 'reminder' authorised.,FOLLOW_UP,FOLLOW_UP,0.0,B2B collection outreach dispatched. Invoice overdue 0 days.,2,2026-09-05 20:44:57
TEST_FLOW_001,CUST_TEST,MANDATE_FAILURE,2500.0,failed,timeout,80,high,[MANDATE_FAILURE] [LLM-SIMULATED] Temporary payment failure,schedule_mandate,0.94,LLM Decision Agent evaluated prompt signals: Failure appears temporary and the customer has not exceeded the retry limit.,ALLOW,All policy checks passed for MANDATE_FAILURE — action 'schedule_mandate' authorised.,RECOVERED,RECOVERED,2500.0,Mandate re-presentment attempt 1. Razorpay Sandbox Simulation Success,2,2026-09-05 20:44:57
TEST_FLOW_001,CUST_TEST,PROMISE_TO_PAY,2500.0,failed,timeout,80,high,[PROMISE_TO_PAY] [LLM-SIMULATED] Temporary payment failure,collect_promise,0.94,LLM Decision Agent evaluated prompt signals: Failure appears temporary and the customer has not exceeded the retry limit.,ALLOW,All policy checks passed for PROMISE_TO_PAY — action 'collect_promise' authorised.,RECOVERED,RECOVERED,2500.0,Promise payment collection attempt. Razorpay Sandbox Simulation Success,2,2026-09-05 20:44:57
TEST_FLOW_001,CUST_TEST,PAYMENT_FAILURE,2500.0,failed,timeout,80,high,[PAYMENT_FAILURE] [LLM-SIMULATED] Temporary payment failure,retry,0.94,LLM Decision Agent evaluated prompt signals: Failure appears temporary and the customer has not exceeded the retry limit.,ALLOW,All policy checks passed for PAYMENT_FAILURE — action 'retry' authorised.,RECOVERED,RECOVERED,2500.0,Razorpay Sandbox Simulation Success,2,2026-09-05 20:44:57
TEST_FLOW_001,CUST_TEST,PAYMENT_FAILURE,2500.0,failed,timeout,80,high,[PAYMENT_FAILURE] [LLM-SIMULATED] Temporary payment failure,retry,0.94,LLM Decision Agent evaluated prompt signals: Failure appears temporary and the customer has not exceeded the retry limit.,ALLOW,All policy checks passed for PAYMENT_FAILURE — action 'retry' authorised.,RECOVERED,RECOVERED,2500.0,Razorpay Sandbox Simulation Success,2,2026-09-05 20:44:57
TEST_FLOW_001,CUST_TEST,PAYMENT_FAILURE,6000.0,failed,timeout,80,high,[PAYMENT_FAILURE] [LLM-SIMULATED] Temporary payment failure,retry,0.94,LLM Decision Agent evaluated prompt signals: Failure appears temporary and the customer has not exceeded the retry limit.,ALLOW,All policy checks passed for PAYMENT_FAILURE — action 'retry' authorised.,RECOVERED,RECOVERED,6000.0,Razorpay Sandbox Simulation Success,2,2026-09-05 20:44:57
TX_ORCH_01,C01,PAYMENT_FAILURE,1999.0,failed,timeout,55,medium,[LLM-SIMULATED] Temporary payment failure,retry,0.94,LLM Decision Agent evaluated prompt signals: Failure appears temporary and the customer has not exceeded the retry limit.,ALLOW,Transaction passed all recovery policy checks.,SIMULATED,RECOVERED,1999.0,Razorpay Sandbox Simulation Success,2,2026-09-05 20:45:15
TX_ORCH_02,C02,PAYMENT_FAILURE,50000.0,failed,timeout,70,high,[LLM-SIMULATED] Temporary payment failure,retry,0.94,LLM Decision Agent evaluated prompt signals: Failure appears temporary and the customer has not exceeded the retry limit.,BLOCK,"Amount ₹50,000.00 exceeds the ₹10,000.00 recovery limit.",BLOCKED,not_attempted,0.0,"Recovery blocked by policy governance: Amount ₹50,000.00 exceeds the ₹10,000.00 recovery limit.",0,2026-09-05 20:45:15
TX_SUCCESS,C01,,1000.0,success,unknown,5,low,Payment already successful,stop,0.99,No recovery is required.,BLOCK,Payment is already successful.,BLOCKED,not_attempted,0.0,Recovery action blocked by policy governance.,0,2026-09-05 20:45:57
TX_TIMEOUT,C02,,1999.0,failed,timeout,60,medium,Temporary payment failure,retry,0.92,Failure appears temporary and the customer has not exceeded the retry limit.,ALLOW,Transaction passed all recovery policy checks.,SIMULATED,RECOVERED,1999.0,Payment retry succeeded in Test Mode simulation.,0,2026-09-05 20:45:57
TX_BANK,C03,,1999.0,failed,bank_declined,65,medium,Recoverable bank decline,retry,0.79,Customer has a strong successful payment history.,ALLOW,Transaction passed all recovery policy checks.,SIMULATED,RECOVERED,1999.0,Payment retry succeeded in Test Mode simulation.,0,2026-09-05 20:45:57
TX_FUNDS,C04,,1999.0,failed,insufficient_funds,35,low,Insufficient funds,escalate,0.91,Immediate repeated retries could create unnecessary payment attempts.,BLOCK,Action 'escalate' is not executable by the recovery policy.,BLOCKED,not_attempted,0.0,Recovery action blocked by policy governance.,0,2026-09-05 20:45:57
TX_MAX_RETRY,C05,,1999.0,failed,timeout,45,medium,Retry limit reached,stop,0.97,Maximum retry attempts have already been reached.,BLOCK,Action 'stop' is not executable by the recovery policy.,BLOCKED,not_attempted,0.0,Recovery action blocked by policy governance.,0,2026-09-05 20:45:57
TX_HIGH_AMT,C06,,50000.0,failed,timeout,70,high,Temporary payment failure,retry,0.92,Failure appears temporary and the customer has not exceeded the retry limit.,BLOCK,"Amount ₹50,000.00 exceeds the ₹10,000.00 recovery limit.",BLOCKED,not_attempted,0.0,Recovery action blocked by policy governance.,0,2026-09-05 20:45:57
TX_ABANDONED,C07,,499.0,abandoned,unknown,30,low,Checkout abandonment,reminder,0.88,Recent abandoned checkout with potential purchase intent.,ALLOW,Transaction passed all recovery policy checks.,SIMULATED,FOLLOW_UP,0.0,Recovery reminder scheduled in Test Mode simulation.,0,2026-09-05 20:45:57
UNKNOWN,UNKNOWN,,0.0,failed,unknown,35,low,Low recovery probability / Ineligible,stop,0.85,Payment failure reason 'unknown' is not eligible for recovery.,BLOCK,Action 'stop' is not executable by the recovery policy.,BLOCKED,not_attempted,0.0,Recovery action blocked by policy governance.,0,2026-09-05 20:45:57
TX_TEST_API,CUST101,,1999.0,failed,timeout,60,medium,Temporary payment failure,retry,0.92,Failure appears temporary and the customer has not exceeded the retry limit.,ALLOW,Transaction passed all recovery policy checks.,SIMULATED,RECOVERED,1999.0,Payment retry succeeded in Test Mode simulation.,0,2026-09-05 20:45:58
TX_EXEC_API,CUST104,PAYMENT_FAILURE,1999.0,failed,timeout,55,medium,[LLM-SIMULATED] Temporary payment failure,retry,0.94,LLM Decision Agent evaluated prompt signals: Failure appears temporary and the customer has not exceeded the retry limit.,ALLOW,Transaction passed all recovery policy checks.,SIMULATED,RECOVERED,1999.0,Razorpay Sandbox Simulation Success,2,2026-09-05 20:45:58
TX_ONLY_A,C01,,1000.0,failed,timeout,40,medium,Temporary failure,retry,0.92,Customer history good,ALLOW,Passed checks,SIMULATED,RECOVERED,1000.0,Retry succeeded,0,2026-09-05 20:46:50
TX_A,C01,,1000.0,failed,timeout,40,medium,Temporary failure,retry,0.92,Customer history good,ALLOW,Passed checks,SIMULATED,RECOVERED,1000.0,Retry succeeded,0,2026-09-05 20:46:50
TX_B,C01,,1000.0,failed,timeout,40,medium,Temporary failure,retry,0.92,Customer history good,ALLOW,Passed checks,SIMULATED,RECOVERED,1000.0,Retry succeeded,0,2026-09-05 20:46:50
TX01,C01,PAYMENT_FAILURE,1000.0,failed,timeout,40,medium,Temporary failure,retry,0.92,Customer history good,ALLOW,Passed checks,SIMULATED,RECOVERED,1000.0,Retry succeeded,2,2026-09-05 20:46:50
TEST_001,cust_123,PAYMENT_FAILURE,100.0,failed,payment_failed,45,medium,[PAYMENT_FAILURE] [LLM-SIMULATED] Low recovery probability,stop,0.78,LLM Decision Agent evaluated prompt signals: Available evidence does not justify another recovery attempt.,BLOCK,"Action 'stop' is not permitted for PAYMENT_FAILURE. Allowed: ['reminder', 'retry'].",BLOCKED,not_attempted,0.0,"Execution blocked by policy governance: Action 'stop' is not permitted for PAYMENT_FAILURE. Allowed: ['reminder', 'retry'].",0,2026-09-05 20:46:50
TEST_001,cust_123,CHECKOUT_ABANDONMENT,100.0,failed,payment_failed,45,medium,[CHECKOUT_ABANDONMENT] [LLM-SIMULATED] Low recovery probability,reminder,0.78,LLM Decision Agent evaluated prompt signals: Available evidence does not justify another recovery attempt.,ALLOW,All policy checks passed for CHECKOUT_ABANDONMENT — action 'reminder' authorised.,FOLLOW_UP,FOLLOW_UP,0.0,Recovery reminder dispatched. Conversion tracked on callback.,0,2026-09-05 20:46:50
TEST_001,cust_123,FAILED_SUBSCRIPTION,100.0,failed,payment_failed,45,medium,[FAILED_SUBSCRIPTION] [LLM-SIMULATED] Low recovery probability,stop,0.78,LLM Decision Agent evaluated prompt signals: Available evidence does not justify another recovery attempt.,BLOCK,"Action 'stop' is not permitted for FAILED_SUBSCRIPTION. Allowed: ['reminder', 'retry'].",BLOCKED,not_attempted,0.0,"Execution blocked by policy governance: Action 'stop' is not permitted for FAILED_SUBSCRIPTION. Allowed: ['reminder', 'retry'].",0,2026-09-05 20:46:50
TEST_001,cust_123,B2B_RECEIVABLE,100.0,failed,payment_failed,45,medium,[B2B_RECEIVABLE] [LLM-SIMULATED] Low recovery probability,reminder,0.78,LLM Decision Agent evaluated prompt signals: Available evidence does not justify another recovery attempt.,ALLOW,All policy checks passed for B2B_RECEIVABLE — action 'reminder' authorised.,FOLLOW_UP,FOLLOW_UP,0.0,B2B collection outreach dispatched. Invoice overdue 0 days.,0,2026-09-05 20:46:50
TEST_001,cust_123,MANDATE_FAILURE,100.0,failed,payment_failed,45,medium,[MANDATE_FAILURE] [LLM-SIMULATED] Low recovery probability,schedule_mandate,0.78,LLM Decision Agent evaluated prompt signals: Available evidence does not justify another recovery attempt.,ALLOW,All policy checks passed for MANDATE_FAILURE — action 'schedule_mandate' authorised.,RECOVERED,RECOVERED,100.0,Mandate re-presentment attempt 1. Razorpay Sandbox Simulation Success,0,2026-09-05 20:46:50
TEST_001,cust_123,PROMISE_TO_PAY,100.0,failed,payment_failed,45,medium,[PROMISE_TO_PAY] [LLM-SIMULATED] Low recovery probability,collect_promise,0.78,LLM Decision Agent evaluated prompt signals: Available evidence does not justify another recovery attempt.,ALLOW,All policy checks passed for PROMISE_TO_PAY — action 'collect_promise' authorised.,RECOVERED,RECOVERED,100.0,Promise payment collection attempt. Razorpay Sandbox Simulation Success,0,2026-09-05 20:46:50
TX_ORCH_01,C01,PAYMENT_FAILURE,1999.0,failed,timeout,55,medium,[LLM-SIMULATED] Temporary payment failure,retry,0.94,LLM Decision Agent evaluated prompt signals: Failure appears temporary and the customer has not exceeded the retry limit.,ALLOW,Transaction passed all recovery policy checks.,SIMULATED,RECOVERED,1999.0,Razorpay Sandbox Simulation Success,2,2026-09-05 20:46:50
TX_ORCH_02,C02,PAYMENT_FAILURE,50000.0,failed,timeout,70,high,[LLM-SIMULATED] Temporary payment failure,retry,0.94,LLM Decision Agent evaluated prompt signals: Failure appears temporary and the customer has not exceeded the retry limit.,BLOCK,"Amount ₹50,000.00 exceeds the ₹10,000.00 recovery limit.",BLOCKED,not_attempted,0.0,"Recovery blocked by policy governance: Amount ₹50,000.00 exceeds the ₹10,000.00 recovery limit.",0,2026-09-05 20:46:50
TX_SUCCESS,C01,,1000.0,success,unknown,5,low,Payment already successful,stop,0.99,No recovery is required.,BLOCK,Payment is already successful.,BLOCKED,not_attempted,0.0,Recovery action blocked by policy governance.,0,2026-09-05 20:46:51
TX_TIMEOUT,C02,,1999.0,failed,timeout,60,medium,Temporary payment failure,retry,0.92,Failure appears temporary and the customer has not exceeded the retry limit.,ALLOW,Transaction passed all recovery policy checks.,SIMULATED,RECOVERED,1999.0,Payment retry succeeded in Test Mode simulation.,0,2026-09-05 20:46:51
TX_BANK,C03,,1999.0,failed,bank_declined,65,medium,Recoverable bank decline,retry,0.79,Customer has a strong successful payment history.,ALLOW,Transaction passed all recovery policy checks.,SIMULATED,FAILED,0.0,Payment retry attempted but failed in Test Mode simulation.,0,2026-09-05 20:46:51
TX_FUNDS,C04,,1999.0,failed,insufficient_funds,35,low,Insufficient funds,escalate,0.91,Immediate repeated retries could create unnecessary payment attempts.,BLOCK,Action 'escalate' is not executable by the recovery policy.,BLOCKED,not_attempted,0.0,Recovery action blocked by policy governance.,0,2026-09-05 20:46:51
TX_MAX_RETRY,C05,,1999.0,failed,timeout,45,medium,Retry limit reached,stop,0.97,Maximum retry attempts have already been reached.,BLOCK,Action 'stop' is not executable by the recovery policy.,BLOCKED,not_attempted,0.0,Recovery action blocked by policy governance.,0,2026-09-05 20:46:51
TX_HIGH_AMT,C06,,50000.0,failed,timeout,70,high,Temporary payment failure,retry,0.92,Failure appears temporary and the customer has not exceeded the retry limit.,BLOCK,"Amount ₹50,000.00 exceeds the ₹10,000.00 recovery limit.",BLOCKED,not_attempted,0.0,Recovery action blocked by policy governance.,0,2026-09-05 20:46:51
TX_ABANDONED,C07,,499.0,abandoned,unknown,30,low,Checkout abandonment,reminder,0.88,Recent abandoned checkout with potential purchase intent.,ALLOW,Transaction passed all recovery policy checks.,SIMULATED,FOLLOW_UP,0.0,Recovery reminder scheduled in Test Mode simulation.,0,2026-09-05 20:46:51
UNKNOWN,UNKNOWN,,0.0,failed,unknown,35,low,Low recovery probability / Ineligible,stop,0.85,Payment failure reason 'unknown' is not eligible for recovery.,BLOCK,Action 'stop' is not executable by the recovery policy.,BLOCKED,not_attempted,0.0,Recovery action blocked by policy governance.,0,2026-09-05 20:46:51
TEST_FLOW_001,CUST_TEST,PAYMENT_FAILURE,2500.0,failed,timeout,80,high,[PAYMENT_FAILURE] [LLM-SIMULATED] Temporary payment failure,retry,0.94,LLM Decision Agent evaluated prompt signals: Failure appears temporary and the customer has not exceeded the retry limit.,ALLOW,All policy checks passed for PAYMENT_FAILURE — action 'retry' authorised.,FAILED,FAILED,0.0,Razorpay Sandbox Bank Decline,2,2026-09-05 20:46:51
TEST_FLOW_001,CUST_TEST,PAYMENT_FAILURE,5000.0,failed,timeout,80,high,[PAYMENT_FAILURE] [LLM-SIMULATED] Temporary payment failure,retry,0.94,LLM Decision Agent evaluated prompt signals: Failure appears temporary and the customer has not exceeded the retry limit.,ALLOW,All policy checks passed for PAYMENT_FAILURE — action 'retry' authorised.,FAILED,FAILED,0.0,Razorpay Sandbox Bank Decline,2,2026-09-05 20:46:51
TEST_FLOW_001,CUST_TEST,PAYMENT_FAILURE,2500.0,failed,timeout,80,high,[PAYMENT_FAILURE] [LLM-SIMULATED] Temporary payment failure,retry,0.94,LLM Decision Agent evaluated prompt signals: Failure appears temporary and the customer has not exceeded the retry limit.,ALLOW,All policy checks passed for PAYMENT_FAILURE — action 'retry' authorised.,FAILED,FAILED,0.0,Razorpay Sandbox Bank Decline,2,2026-09-05 20:46:51
TEST_FLOW_001,CUST_TEST,PAYMENT_FAILURE,2500.0,failed,timeout,80,high,[PAYMENT_FAILURE] [LLM-SIMULATED] Temporary payment failure,retry,0.94,LLM Decision Agent evaluated prompt signals: Failure appears temporary and the customer has not exceeded the retry limit.,ALLOW,All policy checks passed for PAYMENT_FAILURE — action 'retry' authorised.,FAILED,FAILED,0.0,Razorpay Sandbox Bank Decline,2,2026-09-05 20:46:51
TEST_FLOW_001,CUST_TEST,PAYMENT_FAILURE,2500.0,failed,timeout,80,high,[PAYMENT_FAILURE] [LLM-SIMULATED] Temporary payment failure,retry,0.94,LLM Decision Agent evaluated prompt signals: Failure appears temporary and the customer has not exceeded the retry limit.,ALLOW,All policy checks passed for PAYMENT_FAILURE — action 'retry' authorised.,FAILED,FAILED,0.0,Razorpay Sandbox Bank Decline,2,2026-09-05 20:46:51
TEST_FLOW_001,CUST_TEST,PAYMENT_FAILURE,2500.0,failed,timeout,80,high,[PAYMENT_FAILURE] [LLM-SIMULATED] Temporary payment failure,retry,0.94,LLM Decision Agent evaluated prompt signals: Failure appears temporary and the customer has not exceeded the retry limit.,ALLOW,All policy checks passed for PAYMENT_FAILURE — action 'retry' authorised.,FAILED,FAILED,0.0,Razorpay Sandbox Bank Decline,2,2026-09-05 20:46:51
TEST_FLOW_001,CUST_TEST,PAYMENT_FAILURE,2500.0,failed,timeout,80,high,[PAYMENT_FAILURE] [LLM-SIMULATED] Temporary payment failure,retry,0.94,LLM Decision Agent evaluated prompt signals: Failure appears temporary and the customer has not exceeded the retry limit.,ALLOW,All policy checks passed for PAYMENT_FAILURE — action 'retry' authorised.,FAILED,FAILED,0.0,Razorpay Sandbox Bank Decline,2,2026-09-05 20:46:51
TEST_FLOW_001,CUST_TEST,PAYMENT_FAILURE,2500.0,failed,timeout,80,high,[PAYMENT_FAILURE] [LLM-SIMULATED] Temporary payment failure,retry,0.94,LLM Decision Agent evaluated prompt signals: Failure appears temporary and the customer has not exceeded the retry limit.,ALLOW,All policy checks passed for PAYMENT_FAILURE — action 'retry' authorised.,FAILED,FAILED,0.0,Razorpay Sandbox Bank Decline,2,2026-09-05 20:46:51
TEST_FLOW_001,CUST_TEST,CHECKOUT_ABANDONMENT,2500.0,failed,timeout,80,high,[CHECKOUT_ABANDONMENT] [LLM-SIMULATED] Temporary payment failure,reminder,0.94,LLM Decision Agent evaluated prompt signals: Failure appears temporary and the customer has not exceeded the retry limit.,ALLOW,All policy checks passed for CHECKOUT_ABANDONMENT — action 'reminder' authorised.,FOLLOW_UP,FOLLOW_UP,0.0,Recovery reminder dispatched. Conversion tracked on callback.,2,2026-09-05 20:46:51
TEST_FLOW_001,CUST_TEST,CHECKOUT_ABANDONMENT,2500.0,failed,timeout,80,high,[CHECKOUT_ABANDONMENT] [LLM-SIMULATED] Temporary payment failure,reminder,0.94,LLM Decision Agent evaluated prompt signals: Failure appears temporary and the customer has not exceeded the retry limit.,ALLOW,All policy checks passed for CHECKOUT_ABANDONMENT — action 'reminder' authorised.,FOLLOW_UP,FOLLOW_UP,0.0,Recovery reminder dispatched. Conversion tracked on callback.,2,2026-09-05 20:46:51
TEST_FLOW_001,CUST_TEST,FAILED_SUBSCRIPTION,2500.0,failed,timeout,80,high,[FAILED_SUBSCRIPTION] [LLM-SIMULATED] Temporary payment failure,retry,0.94,LLM Decision Agent evaluated prompt signals: Failure appears temporary and the customer has not exceeded the retry limit.,ALLOW,All policy checks passed for FAILED_SUBSCRIPTION — action 'retry' authorised.,DUNNING_RETRY,FAILED,0.0,Subscription dunning attempt 1. Razorpay Sandbox Bank Decline,2,2026-09-05 20:46:51
TEST_FLOW_001,CUST_TEST,FAILED_SUBSCRIPTION,2500.0,failed,timeout,80,high,[FAILED_SUBSCRIPTION] [LLM-SIMULATED] Low recovery probability / Ineligible,escalate,0.87,LLM Decision Agent evaluated prompt signals: Subscription already canceled.,BLOCK,"Action 'escalate' is not permitted for FAILED_SUBSCRIPTION. Allowed: ['reminder', 'retry'].",BLOCKED,not_attempted,0.0,"Execution blocked by policy governance: Action 'escalate' is not permitted for FAILED_SUBSCRIPTION. Allowed: ['reminder', 'retry'].",0,2026-09-05 20:46:51
TEST_FLOW_001,CUST_TEST,B2B_RECEIVABLE,2500.0,failed,timeout,80,high,[B2B_RECEIVABLE] [LLM-SIMULATED] Temporary payment failure,reminder,0.94,LLM Decision Agent evaluated prompt signals: Failure appears temporary and the customer has not exceeded the retry limit.,ALLOW,All policy checks passed for B2B_RECEIVABLE — action 'reminder' authorised.,FOLLOW_UP,FOLLOW_UP,0.0,B2B collection outreach dispatched. Invoice overdue 0 days.,2,2026-09-05 20:46:51
TEST_FLOW_001,CUST_TEST,B2B_RECEIVABLE,2500.0,failed,legal_dispute,60,medium,[B2B_RECEIVABLE] [LLM-SIMULATED] Low recovery probability / Ineligible,stop,0.87,LLM Decision Agent evaluated prompt signals: Account under legal dispute. Automated outreach suspended.,BLOCK,"Action 'stop' is not permitted for B2B_RECEIVABLE. Allowed: ['escalate', 'reminder', 'voice_call'].",BLOCKED,not_attempted,0.0,"Execution blocked by policy governance: Action 'stop' is not permitted for B2B_RECEIVABLE. Allowed: ['escalate', 'reminder', 'voice_call'].",0,2026-09-05 20:46:51
TEST_FLOW_001,CUST_TEST,MANDATE_FAILURE,2500.0,failed,timeout,80,high,[MANDATE_FAILURE] [LLM-SIMULATED] Temporary payment failure,schedule_mandate,0.94,LLM Decision Agent evaluated prompt signals: Failure appears temporary and the customer has not exceeded the retry limit.,ALLOW,All policy checks passed for MANDATE_FAILURE — action 'schedule_mandate' authorised.,MANDATE_RETRY,FAILED,0.0,Mandate re-presentment attempt 1. Razorpay Sandbox Bank Decline,2,2026-09-05 20:46:51
TEST_FLOW_001,CUST_TEST,PROMISE_TO_PAY,2500.0,failed,timeout,80,high,[PROMISE_TO_PAY] [LLM-SIMULATED] Temporary payment failure,collect_promise,0.94,LLM Decision Agent evaluated prompt signals: Failure appears temporary and the customer has not exceeded the retry limit.,ALLOW,All policy checks passed for PROMISE_TO_PAY — action 'collect_promise' authorised.,FAILED,FAILED,0.0,Promise payment collection attempt. Razorpay Sandbox Bank Decline,2,2026-09-05 20:46:51
TEST_FLOW_001,CUST_TEST,PAYMENT_FAILURE,2500.0,failed,timeout,65,medium,[PAYMENT_FAILURE] [LLM-SIMULATED] Retry limit reached,stop,0.95,LLM Decision Agent evaluated prompt signals: Maximum retry attempts have already been reached.,BLOCK,"Action 'stop' is not permitted for PAYMENT_FAILURE. Allowed: ['reminder', 'retry'].",BLOCKED,not_attempted,0.0,"Execution blocked by policy governance: Action 'stop' is not permitted for PAYMENT_FAILURE. Allowed: ['reminder', 'retry'].",0,2026-09-05 20:46:51
TEST_FLOW_001,CUST_TEST,PAYMENT_FAILURE,2500.0,failed,timeout,80,high,[PAYMENT_FAILURE] [LLM-SIMULATED] Temporary payment failure,retry,0.94,LLM Decision Agent evaluated prompt signals: Failure appears temporary and the customer has not exceeded the retry limit.,ALLOW,All policy checks passed for PAYMENT_FAILURE — action 'retry' authorised.,FAILED,FAILED,0.0,Razorpay Sandbox Bank Decline,2,2026-09-05 20:46:51
TEST_FLOW_001,CUST_TEST,CHECKOUT_ABANDONMENT,2500.0,failed,timeout,80,high,[CHECKOUT_ABANDONMENT] [LLM-SIMULATED] Temporary payment failure,reminder,0.94,LLM Decision Agent evaluated prompt signals: Failure appears temporary and the customer has not exceeded the retry limit.,ALLOW,All policy checks passed for CHECKOUT_ABANDONMENT — action 'reminder' authorised.,FOLLOW_UP,FOLLOW_UP,0.0,Recovery reminder dispatched. Conversion tracked on callback.,2,2026-09-05 20:46:51
TEST_FLOW_001,CUST_TEST,FAILED_SUBSCRIPTION,2500.0,failed,timeout,80,high,[FAILED_SUBSCRIPTION] [LLM-SIMULATED] Temporary payment failure,retry,0.94,LLM Decision Agent evaluated prompt signals: Failure appears temporary and the customer has not exceeded the retry limit.,ALLOW,All policy checks passed for FAILED_SUBSCRIPTION — action 'retry' authorised.,DUNNING_RETRY,FAILED,0.0,Subscription dunning attempt 1. Razorpay Sandbox Bank Decline,2,2026-09-05 20:46:51
TEST_FLOW_001,CUST_TEST,B2B_RECEIVABLE,2500.0,failed,timeout,80,high,[B2B_RECEIVABLE] [LLM-SIMULATED] Temporary payment failure,reminder,0.94,LLM Decision Agent evaluated prompt signals: Failure appears temporary and the customer has not exceeded the retry limit.,ALLOW,All policy checks passed for B2B_RECEIVABLE — action 'reminder' authorised.,FOLLOW_UP,FOLLOW_UP,0.0,B2B collection outreach dispatched. Invoice overdue 0 days.,2,2026-09-05 20:46:51
TEST_FLOW_001,CUST_TEST,MANDATE_FAILURE,2500.0,failed,timeout,80,high,[MANDATE_FAILURE] [LLM-SIMULATED] Temporary payment failure,schedule_mandate,0.94,LLM Decision Agent evaluated prompt signals: Failure appears temporary and the customer has not exceeded the retry limit.,ALLOW,All policy checks passed for MANDATE_FAILURE — action 'schedule_mandate' authorised.,MANDATE_RETRY,FAILED,0.0,Mandate re-presentment attempt 1. Razorpay Sandbox Bank Decline,2,2026-09-05 20:46:51
TEST_FLOW_001,CUST_TEST,PROMISE_TO_PAY,2500.0,failed,timeout,80,high,[PROMISE_TO_PAY] [LLM-SIMULATED] Temporary payment failure,collect_promise,0.94,LLM Decision Agent evaluated prompt signals: Failure appears temporary and the customer has not exceeded the retry limit.,ALLOW,All policy checks passed for PROMISE_TO_PAY — action 'collect_promise' authorised.,FAILED,FAILED,0.0,Promise payment collection attempt. Razorpay Sandbox Bank Decline,2,2026-09-05 20:46:51
TEST_FLOW_001,CUST_TEST,PAYMENT_FAILURE,2500.0,failed,timeout,80,high,[PAYMENT_FAILURE] [LLM-SIMULATED] Temporary payment failure,retry,0.94,LLM Decision Agent evaluated prompt signals: Failure appears temporary and the customer has not exceeded the retry limit.,ALLOW,All policy checks passed for PAYMENT_FAILURE — action 'retry' authorised.,FAILED,FAILED,0.0,Razorpay Sandbox Bank Decline,2,2026-09-05 20:46:51
TEST_FLOW_001,CUST_TEST,PAYMENT_FAILURE,2500.0,failed,timeout,80,high,[PAYMENT_FAILURE] [LLM-SIMULATED] Temporary payment failure,retry,0.94,LLM Decision Agent evaluated prompt signals: Failure appears temporary and the customer has not exceeded the retry limit.,ALLOW,All policy checks passed for PAYMENT_FAILURE — action 'retry' authorised.,FAILED,FAILED,0.0,Razorpay Sandbox Bank Decline,2,2026-09-05 20:46:51
TEST_FLOW_001,CUST_TEST,PAYMENT_FAILURE,6000.0,failed,timeout,80,high,[PAYMENT_FAILURE] [LLM-SIMULATED] Temporary payment failure,retry,0.94,LLM Decision Agent evaluated prompt signals: Failure appears temporary and the customer has not exceeded the retry limit.,ALLOW,All policy checks passed for PAYMENT_FAILURE — action 'retry' authorised.,FAILED,FAILED,0.0,Razorpay Sandbox Bank Decline,2,2026-09-05 20:46:51
tx_001,cust_001,,6000.0,failed,network_error,70,high,Temporary payment failure,retry,0.92,Failure appears temporary and the customer has not exceeded the retry limit.,ALLOW,Transaction passed all recovery policy checks.,SIMULATED,RECOVERED,6000.0,Payment retry succeeded in Test Mode simulation.,0,2026-09-05 20:56:58
TX_ONLY_A,C01,,1000.0,failed,timeout,40,medium,Temporary failure,retry,0.92,Customer history good,ALLOW,Passed checks,SIMULATED,RECOVERED,1000.0,Retry succeeded,0,,,,2026-09-05 21:01:00
TX_A,C01,,1000.0,failed,timeout,40,medium,Temporary failure,retry,0.92,Customer history good,ALLOW,Passed checks,SIMULATED,RECOVERED,1000.0,Retry succeeded,0,,,,2026-09-05 21:01:00
TX_B,C01,,1000.0,failed,timeout,40,medium,Temporary failure,retry,0.92,Customer history good,ALLOW,Passed checks,SIMULATED,RECOVERED,1000.0,Retry succeeded,0,,,,2026-09-05 21:01:00
TX01,C01,PAYMENT_FAILURE,1000.0,failed,timeout,40,medium,Temporary failure,retry,0.92,Customer history good,ALLOW,Passed checks,SIMULATED,RECOVERED,1000.0,Retry succeeded,2,,,,2026-09-05 21:01:00
